09/09/2021 08:00,Bradford,Vivian Pearson,"Regular Flavoured latte - Vanilla - 2.55, Regular Flavoured latte - Vanilla - 2.55, Regular Filter coffee - 1.50, Regular Chai latte - 2.30, Regular Filter coffee - 1.50",10.4,CARD,1212826847495486
09/09/2021 08:00,Bradford,Ann Urbancic,"Regular Flavoured hot chocolate - Caramel - 2.60, Large Chai latte - 2.60, Large Flavoured iced latte - Caramel - 3.25",8.45,CARD,3401754589170273
09/09/2021 08:01,Bradford,John Sulc,Regular Flavoured latte - Vanilla - 2.55,2.55,CASH,
09/09/2021 08:02,Bradford,Dorothy Cervantes,"Regular Americano - 1.95, Large Flavoured latte - Vanilla - 2.85, Large Flavoured hot chocolate - Caramel - 2.90, Large Smoothies - Glowing Greens - 2.50, Regular Flavoured latte - Vanilla - 2.55",12.75,CASH,
09/09/2021 08:03,Bradford,Harry Kirkpatrick,Large Speciality Tea - Earl Grey - 1.60,1.6,CARD,7455131987184956
09/09/2021 08:04,Bradford,Janet Hughes,"Large Filter coffee - 1.80, Large Smoothies - Glowing Greens - 2.50",4.3,CARD,5622592916331766
09/09/2021 08:05,Bradford,James Grier,"Large Glass of milk - 1.10, Regular Smoothies - Glowing Greens - 2.00, Regular Filter coffee - 1.50, Large Americano - 2.25, Large Flavoured latte - Vanilla - 2.85",9.7,CARD,2420320780367921
09/09/2021 08:06,Bradford,Ryan Mcguire,"Regular Flavoured hot chocolate - Caramel - 2.60, Large Flavoured iced latte - Caramel - 3.25, Large Filter coffee - 1.80, Large Flavoured hot chocolate - Caramel - 2.90",10.55,CARD,8205133363904842
09/09/2021 08:07,Bradford,Dane Johnson,"Regular Flavoured iced latte - Caramel - 2.75, Regular Flavoured iced latte - Caramel - 2.75, Large Americano - 2.25",7.75,CARD,1157935438670978
09/09/2021 08:08,Bradford,David Pond,"Regular Flavoured latte - Vanilla - 2.55, Large Filter coffee - 1.80, Regular Chai latte - 2.30, Large Flavoured latte - Vanilla - 2.85",9.5,CARD,9413985377819527
09/09/2021 08:09,Bradford,Jeffrey Montgomery,"Regular Flavoured hot chocolate - Caramel - 2.60, Regular Filter coffee - 1.50, Large Flavoured iced latte - Caramel - 3.25, Regular Chai latte - 2.30",9.65,CASH,
09/09/2021 08:10,Bradford,Alexander Lyons,Regular Glass of milk - 0.70,0.7,CARD,3952621634027060
09/09/2021 08:11,Bradford,Rosemary Underwood,"Large Americano - 2.25, Regular Flavoured latte - Vanilla - 2.55, Large Speciality Tea - Earl Grey - 1.60, Large Speciality Tea - Earl Grey - 1.60",8.0,CARD,8211830958683225
09/09/2021 08:12,Bradford,Johnny Johnson,"Regular Smoothies - Glowing Greens - 2.00, Regular Americano - 1.95, Large Filter coffee - 1.80, Regular Filter coffee - 1.50",7.25,CARD,7175583564254579
09/09/2021 08:13,Bradford,Ellen Miller,Large Flavoured hot chocolate - Caramel - 2.90,2.9,CARD,6281353477934838
09/09/2021 08:14,Bradford,Kacey Orourke,Large Flavoured latte - Vanilla - 2.85,2.85,CARD,2451449538063630
09/09/2021 08:15,Bradford,Adrian Kubiak,"Regular Flavoured iced latte - Caramel - 2.75, Regular Flavoured latte - Vanilla - 2.55, Large Flavoured hot chocolate - Caramel - 2.90, Large Americano - 2.25, Regular Flavoured hot chocolate - Caramel - 2.60, Large Flavoured iced latte - Caramel - 3.25",16.3,CARD,8500647708843510
09/09/2021 08:16,Bradford,Sherry Plaisance,Large Flavoured hot chocolate - Caramel - 2.90,2.9,CARD,7165413355668198
09/09/2021 08:17,Bradford,Rodney Gunter,"Regular Flavoured latte - Vanilla - 2.55, Large Smoothies - Glowing Greens - 2.50, Regular Filter coffee - 1.50, Regular Smoothies - Glowing Greens - 2.00",8.55,CARD,2752780405636953
09/09/2021 08:18,Bradford,Laurie Caplan,"Large Flavoured iced latte - Caramel - 3.25, Regular Flavoured hot chocolate - Caramel - 2.60, Large Americano - 2.25, Large Chai latte - 2.60",10.7,CARD,4626500938925989
09/09/2021 08:19,Bradford,Kayla Harrison,"Regular Flavoured iced latte - Caramel - 2.75, Regular Flavoured hot chocolate - Caramel - 2.60",5.35,CASH,
09/09/2021 08:20,Bradford,Roger Sellers,"Regular Flavoured iced latte - Caramel - 2.75, Regular Chai latte - 2.30",5.05,CARD,4116599895187308
09/09/2021 08:21,Bradford,Gregory Ledford,"Large Speciality Tea - Earl Grey - 1.60, Large Smoothies - Glowing Greens - 2.50, Large Chai latte - 2.60",6.7,CARD,7165254788860049
09/09/2021 08:22,Bradford,Alex Adkins,"Regular Speciality Tea - Earl Grey - 1.30, Large Chai latte - 2.60",3.9,CARD,8093784118747406
09/09/2021 08:23,Bradford,Sheryl Ogburn,"Large Chai latte - 2.60, Regular Americano - 1.95, Regular Filter coffee - 1.50",6.05,CARD,8735678286078727
09/09/2021 08:24,Bradford,Rebekah Pichardo,"Regular Americano - 1.95, Large Filter coffee - 1.80, Large Filter coffee - 1.80",5.55,CARD,9741405905564742
09/09/2021 08:25,Bradford,Edward Reep,"Large Americano - 2.25, Large Americano - 2.25, Regular Glass of milk - 0.70, Regular Flavoured hot chocolate - Caramel - 2.60",7.8,CARD,3584855350807401
09/09/2021 08:26,Bradford,Thomas Parnell,Regular Americano - 1.95,1.95,CARD,9138985522695506
09/09/2021 08:27,Bradford,Velma Alvarez,"Large Flavoured iced latte - Caramel - 3.25, Large Glass of milk - 1.10, Regular Glass of milk - 0.70, Regular Flavoured iced latte - Caramel - 2.75",7.8,CASH,
09/09/2021 08:28,Bradford,Brenda Hernandez,"Regular Flavoured hot chocolate - Caramel - 2.60, Regular Speciality Tea - Earl Grey - 1.30, Regular Flavoured iced latte - Caramel - 2.75, Large Smoothies - Glowing Greens - 2.50, Regular Flavoured hot chocolate - Caramel - 2.60",11.75,CARD,6997058837635544
09/09/2021 08:29,Bradford,Carmen Miller,Regular Flavoured iced latte - Caramel - 2.75,2.75,CARD,8974236115405469
09/09/2021 08:29,Bradford,Christopher Jones,"Large Filter coffee - 1.80, Large Glass of milk - 1.10, Large Filter coffee - 1.80, Regular Speciality Tea - Earl Grey - 1.30",6.0,CARD,3361952298633919
09/09/2021 08:30,Bradford,Saul Funk,Large Smoothies - Glowing Greens - 2.50,2.5,CASH,
09/09/2021 08:31,Bradford,David Stagliano,"Regular Filter coffee - 1.50, Regular Flavoured hot chocolate - Caramel - 2.60",4.1,CARD,1528462356118680
09/09/2021 08:32,Bradford,Grace Fletcher,"Regular Flavoured iced latte - Caramel - 2.75, Regular Smoothies - Glowing Greens - 2.00, Regular Chai latte - 2.30",7.05,CASH,
09/09/2021 08:33,Bradford,Lorraine Myrick,"Large Americano - 2.25, Large Chai latte - 2.60, Large Glass of milk - 1.10",5.95,CARD,4742123264162355
09/09/2021 08:34,Bradford,John Lara,"Large Chai latte - 2.60, Regular Filter coffee - 1.50",4.1,CARD,5392817725410945
09/09/2021 08:35,Bradford,Maria Torres,"Regular Chai latte - 2.30, Large Flavoured iced latte - Caramel - 3.25",5.55,CARD,3967289907462428
09/09/2021 08:36,Bradford,Marvin Vidinha,"Regular Speciality Tea - Earl Grey - 1.30, Regular Flavoured hot chocolate - Caramel - 2.60, Large Glass of milk - 1.10, Regular Americano - 1.95, Large Flavoured hot chocolate - Caramel - 2.90, Regular Americano - 1.95",11.8,CARD,8212740443000046
09/09/2021 08:37,Bradford,Earl Haase,"Large Speciality Tea - Earl Grey - 1.60, Regular Americano - 1.95, Large Chai latte - 2.60, Large Chai latte - 2.60",8.75,CARD,7267137699070628
09/09/2021 08:38,Bradford,Linda Prucha,"Large Glass of milk - 1.10, Large Flavoured latte - Vanilla - 2.85, Regular Chai latte - 2.30, Regular Speciality Tea - Earl Grey - 1.30",7.55,CARD,5323599198115261
09/09/2021 08:39,Bradford,Dorothy Houck,Regular Speciality Tea - Earl Grey - 1.30,1.3,CASH,
09/09/2021 08:40,Bradford,Romana Tyler,"Large Filter coffee - 1.80, Regular Speciality Tea - Earl Grey - 1.30, Large Filter coffee - 1.80",4.9,CASH,
09/09/2021 08:41,Bradford,Kimberly Baldrige,"Regular Flavoured hot chocolate - Caramel - 2.60, Large Speciality Tea - Earl Grey - 1.60, Large Flavoured iced latte - Caramel - 3.25",7.45,CARD,9138560642175607
09/09/2021 08:42,Bradford,Matthew Erway,Regular Speciality Tea - Earl Grey - 1.30,1.3,CASH,
09/09/2021 08:43,Bradford,John Jones,"Large Filter coffee - 1.80, Regular Filter coffee - 1.50, Regular Filter coffee - 1.50",4.8,CARD,7509922876630402
09/09/2021 08:44,Bradford,Dora Gay,"Regular Filter coffee - 1.50, Large Speciality Tea - Earl Grey - 1.60, Regular Flavoured latte - Vanilla - 2.55, Regular Chai latte - 2.30, Large Flavoured iced latte - Caramel - 3.25",11.2,CASH,
09/09/2021 08:45,Bradford,Winnie Elkins,"Large Chai latte - 2.60, Large Filter coffee - 1.80, Large Speciality Tea - Earl Grey - 1.60, Regular Flavoured latte - Vanilla - 2.55, Large Flavoured hot chocolate - Caramel - 2.90, Regular Chai latte - 2.30",13.75,CARD,3423651500780945
09/09/2021 08:46,Bradford,Rhonda Tarrant,"Large Flavoured hot chocolate - Caramel - 2.90, Regular Smoothies - Glowing Greens - 2.00, Regular Smoothies - Glowing Greens - 2.00",6.9,CARD,7478653497120204
09/09/2021 08:47,Bradford,Myriam David,"Regular Flavoured latte - Vanilla - 2.55, Large Flavoured iced latte - Caramel - 3.25, Regular Flavoured hot chocolate - Caramel - 2.60, Regular Speciality Tea - Earl Grey - 1.30",9.7,CARD,3977837490667464
09/09/2021 08:48,Bradford,Elizabeth Lum,Large Filter coffee - 1.80,1.8,CASH,
09/09/2021 08:49,Bradford,Linda Booth,"Regular Flavoured iced latte - Caramel - 2.75, Large Filter coffee - 1.80",4.55,CARD,8600232509549386
09/09/2021 08:50,Bradford,Bobby Palmer,"Regular Speciality Tea - Earl Grey - 1.30, Regular Chai latte - 2.30",3.6,CASH,
09/09/2021 08:51,Bradford,Nelly Terry,"Large Speciality Tea - Earl Grey - 1.60, Large Chai latte - 2.60, Regular Flavoured iced latte - Caramel - 2.75, Large Flavoured iced latte - Caramel - 3.25, Large Filter coffee - 1.80",12.0,CARD,7846883255043079
09/09/2021 08:52,Bradford,Earline Ortega,"Large Americano - 2.25, Regular Americano - 1.95, Regular Flavoured hot chocolate - Caramel - 2.60",6.8,CASH,
09/09/2021 08:53,Bradford,Fred Saxman,"Regular Flavoured hot chocolate - Caramel - 2.60, Large Americano - 2.25, Large Flavoured hot chocolate - Caramel - 2.90, Regular Speciality Tea - Earl Grey - 1.30, Large Speciality Tea - Earl Grey - 1.60, Regular Flavoured iced latte - Caramel - 2.75",13.4,CARD,8698861652028464
09/09/2021 08:54,Bradford,Melvin Turner,"Large Speciality Tea - Earl Grey - 1.60, Large Speciality Tea - Earl Grey - 1.60, Regular Chai latte - 2.30",5.5,CASH,
09/09/2021 08:55,Bradford,Dolores Evans,"Large Flavoured iced latte - Caramel - 3.25, Regular Speciality Tea - Earl Grey - 1.30",4.55,CASH,
09/09/2021 08:56,Bradford,Eliza Lobel,"Large Americano - 2.25, Large Flavoured latte - Vanilla - 2.85",5.1,CASH,
09/09/2021 08:57,Bradford,Melinda Beck,"Regular Glass of milk - 0.70, Regular Chai latte - 2.30, Large Speciality Tea - Earl Grey - 1.60, Regular Flavoured hot chocolate - Caramel - 2.60, Regular Chai latte - 2.30",9.5,CASH,
09/09/2021 08:58,Bradford,Stephanie Miller,Large Chai latte - 2.60,2.6,CASH,
09/09/2021 08:58,Bradford,Barbar Flood,"Large Flavoured latte - Vanilla - 2.85, Regular Flavoured iced latte - Caramel - 2.75, Regular Chai latte - 2.30, Large Chai latte - 2.60, Regular Filter coffee - 1.50",12.0,CARD,8473559264597036
09/09/2021 08:59,Bradford,Tracey Patton,"Regular Glass of milk - 0.70, Large Chai latte - 2.60, Regular Speciality Tea - Earl Grey - 1.30",4.6,CARD,9487078297760976
09/09/2021 09:00,Bradford,Dorothy Mejia,"Large Filter coffee - 1.80, Regular Filter coffee - 1.50, Regular Americano - 1.95, Regular Flavoured hot chocolate - Caramel - 2.60",7.85,CARD,6452623977727219
09/09/2021 09:03,Bradford,Robert Perdomo,"Regular Speciality Tea - Earl Grey - 1.30, Regular Speciality Tea - Earl Grey - 1.30, Large Flavoured iced latte - Caramel - 3.25",5.85,CARD,9957924576296902
09/09/2021 09:06,Bradford,Helen Kelley,Regular Glass of milk - 0.70,0.7,CASH,
09/09/2021 09:09,Bradford,Rebecca Reynolds,"Regular Speciality Tea - Earl Grey - 1.30, Regular Flavoured hot chocolate - Caramel - 2.60, Large Americano - 2.25, Regular Flavoured latte - Vanilla - 2.55",8.7,CARD,1984492202395635
09/09/2021 09:11,Bradford,Robert Tyler,Large Flavoured latte - Vanilla - 2.85,2.85,CASH,
09/09/2021 09:14,Bradford,Eugenia Boyd,Regular Flavoured latte - Vanilla - 2.55,2.55,CARD,7197220932312197
09/09/2021 09:17,Bradford,Stephen Comstock,"Regular Glass of milk - 0.70, Regular Smoothies - Glowing Greens - 2.00, Large Flavoured latte - Vanilla - 2.85",5.55,CARD,6053671093594996
09/09/2021 09:19,Bradford,Donovan Germany,"Regular Speciality Tea - Earl Grey - 1.30, Regular Smoothies - Glowing Greens - 2.00, Large Americano - 2.25, Regular Glass of milk - 0.70",6.25,CARD,5371854181523329
09/09/2021 09:22,Bradford,Angeline David,"Regular Flavoured hot chocolate - Caramel - 2.60, Large Flavoured hot chocolate - Caramel - 2.90, Regular Americano - 1.95, Regular Speciality Tea - Earl Grey - 1.30, Regular Americano - 1.95, Large Speciality Tea - Earl Grey - 1.60",12.3,CARD,8281921012569240
09/09/2021 09:25,Bradford,William Baranowski,"Regular Flavoured iced latte - Caramel - 2.75, Regular Chai latte - 2.30",5.05,CARD,2525352494318964
09/09/2021 09:28,Bradford,Melvin Hubbard,"Large Flavoured iced latte - Caramel - 3.25, Large Chai latte - 2.60, Regular Flavoured latte - Vanilla - 2.55, Regular Speciality Tea - Earl Grey - 1.30, Regular Flavoured iced latte - Caramel - 2.75, Regular Smoothies - Glowing Greens - 2.00",14.45,CARD,9789499850027698
09/09/2021 09:30,Bradford,Robert Perreault,Regular Filter coffee - 1.50,1.5,CASH,
09/09/2021 09:33,Bradford,Leo Forster,"Regular Flavoured latte - Vanilla - 2.55, Large Glass of milk - 1.10, Large Speciality Tea - Earl Grey - 1.60, Large Glass of milk - 1.10",6.35,CARD,7469293489259060
09/09/2021 09:36,Bradford,Ana Harland,Regular Americano - 1.95,1.95,CARD,7691212096447396
09/09/2021 09:38,Bradford,Ron Armagost,"Large Americano - 2.25, Large Flavoured hot chocolate - Caramel - 2.90, Large Flavoured iced latte - Caramel - 3.25, Large Flavoured hot chocolate - Caramel - 2.90, Regular Chai latte - 2.30, Regular Chai latte - 2.30",15.9,CASH,
09/09/2021 09:41,Bradford,George Williams,"Large Speciality Tea - Earl Grey - 1.60, Regular Chai latte - 2.30",3.9,CASH,
09/09/2021 09:44,Bradford,Albert Bryant,Regular Flavoured iced latte - Caramel - 2.75,2.75,CASH,
09/09/2021 09:47,Bradford,Dan Rutledge,"Regular Flavoured hot chocolate - Caramel - 2.60, Large Filter coffee - 1.80, Large Flavoured hot chocolate - Caramel - 2.90, Regular Speciality Tea - Earl Grey - 1.30, Regular Flavoured iced latte - Caramel - 2.75, Large Americano - 2.25",13.6,CARD,5126191095713849
09/09/2021 09:49,Bradford,Mitchell Michalski,Regular Americano - 1.95,1.95,CARD,8403043563912273
09/09/2021 09:52,Bradford,Carl Yang,"Regular Smoothies - Glowing Greens - 2.00, Large Chai latte - 2.60",4.6,CARD,5696357593982927
09/09/2021 09:55,Bradford,Laura Gower,Regular Speciality Tea - Earl Grey - 1.30,1.3,CASH,
09/09/2021 09:57,Bradford,Leonard Harris,"Large Americano - 2.25, Regular Filter coffee - 1.50, Regular Filter coffee - 1.50, Large Filter coffee - 1.80, Regular Glass of milk - 0.70, Regular Flavoured iced latte - Caramel - 2.75",10.5,CARD,3311610112572722
09/09/2021 10:00,Bradford,Nadine Dumas,"Large Filter coffee - 1.80, Regular Speciality Tea - Earl Grey - 1.30, Large Smoothies - Glowing Greens - 2.50, Regular Smoothies - Glowing Greens - 2.00",7.6,CARD,5064985978416366
09/09/2021 10:04,Bradford,Pam Slater,Large Flavoured latte - Vanilla - 2.85,2.85,CARD,7384569527318648
09/09/2021 10:07,Bradford,Helen Good,Large Speciality Tea - Earl Grey - 1.60,1.6,CASH,
09/09/2021 10:11,Bradford,Cathy Mcclary,"Large Speciality Tea - Earl Grey - 1.60, Large Chai latte - 2.60",4.2,CARD,4212462401759048
09/09/2021 10:14,Bradford,Eunice Hartman,"Large Speciality Tea - Earl Grey - 1.60, Large Filter coffee - 1.80",3.4,CARD,4531283282799260
09/09/2021 10:18,Bradford,Julia Groves,"Large Chai latte - 2.60, Regular Smoothies - Glowing Greens - 2.00",4.6,CARD,4587422656121981
09/09/2021 10:21,Bradford,Genoveva Clinton,"Regular Filter coffee - 1.50, Regular Filter coffee - 1.50, Large Flavoured iced latte - Caramel - 3.25, Regular Chai latte - 2.30, Regular Americano - 1.95, Large Flavoured iced latte - Caramel - 3.25",13.75,CARD,1316706361241134
09/09/2021 10:25,Bradford,David Glick,"Regular Glass of milk - 0.70, Regular Flavoured hot chocolate - Caramel - 2.60, Regular Flavoured iced latte - Caramel - 2.75",6.05,CARD,4945557863591298
09/09/2021 10:28,Bradford,Anthony Brugger,"Large Flavoured latte - Vanilla - 2.85, Regular Speciality Tea - Earl Grey - 1.30, Regular Glass of milk - 0.70",4.85,CASH,
09/09/2021 10:32,Bradford,Shelby Marra,"Large Speciality Tea - Earl Grey - 1.60, Large Flavoured hot chocolate - Caramel - 2.90, Regular Flavoured iced latte - Caramel - 2.75, Regular Flavoured iced latte - Caramel - 2.75",10.0,CARD,9032067273971445
09/09/2021 10:35,Bradford,Jim Ingram,"Regular Speciality Tea - Earl Grey - 1.30, Regular Filter coffee - 1.50, Large Glass of milk - 1.10, Regular Glass of milk - 0.70, Regular Flavoured iced latte - Caramel - 2.75",7.35,CARD,9998760911405255
09/09/2021 10:39,Bradford,Latoya Sullivan,"Regular Americano - 1.95, Regular Americano - 1.95, Large Flavoured latte - Vanilla - 2.85",6.75,CARD,4445935804043339
09/09/2021 10:42,Bradford,Otis Clayton,"Regular Flavoured latte - Vanilla - 2.55, Regular Americano - 1.95, Regular Chai latte - 2.30, Regular Flavoured latte - Vanilla - 2.55, Large Glass of milk - 1.10",10.45,CARD,8812227604812810
09/09/2021 10:46,Bradford,William Burres,Regular Flavoured iced latte - Caramel - 2.75,2.75,CARD,4886950922901492
09/09/2021 10:49,Bradford,Lynn Stockman,"Large Flavoured hot chocolate - Caramel - 2.90, Regular Americano - 1.95, Regular Flavoured iced latte - Caramel - 2.75, Large Americano - 2.25, Regular Chai latte - 2.30, Regular Flavoured iced latte - Caramel - 2.75",14.9,CASH,
09/09/2021 10:53,Bradford,Jason Bruno,"Large Flavoured hot chocolate - Caramel - 2.90, Large Flavoured hot chocolate - Caramel - 2.90",5.8,CARD,6753161129775649
09/09/2021 10:56,Bradford,Jerry Mees,"Large Americano - 2.25, Regular Flavoured hot chocolate - Caramel - 2.60, Regular Speciality Tea - Earl Grey - 1.30",6.15,CARD,7351411641110666
09/09/2021 11:00,Bradford,Julie Saavedra,"Large Americano - 2.25, Regular Americano - 1.95, Large Smoothies - Glowing Greens - 2.50, Large Flavoured iced latte - Caramel - 3.25, Large Flavoured hot chocolate - Caramel - 2.90",12.85,CASH,
09/09/2021 11:03,Bradford,Hubert Knowles,Large Flavoured iced latte - Caramel - 3.25,3.25,CARD,4530133589158829
09/09/2021 11:07,Bradford,Sharon Asmus,"Regular Speciality Tea - Earl Grey - 1.30, Large Chai latte - 2.60, Large Flavoured hot chocolate - Caramel - 2.90",6.8,CARD,7387978117002927
09/09/2021 11:10,Bradford,Julie Mcintosh,"Regular Chai latte - 2.30, Regular Filter coffee - 1.50, Regular Flavoured latte - Vanilla - 2.55",6.35,CARD,4360023350023465
09/09/2021 11:13,Bradford,Karen Sheridan,Regular Smoothies - Glowing Greens - 2.00,2.0,CARD,8340744550980570
09/09/2021 11:17,Bradford,Joanne Taylor,"Large Flavoured hot chocolate - Caramel - 2.90, Large Flavoured hot chocolate - Caramel - 2.90",5.8,CARD,8599883245432551
09/09/2021 11:20,Bradford,Helen Manzanarez,Large Filter coffee - 1.80,1.8,CARD,2792558061953750
09/09/2021 11:23,Bradford,Joshua Elmore,"Regular Flavoured hot chocolate - Caramel - 2.60, Large Americano - 2.25, Regular Smoothies - Glowing Greens - 2.00",6.85,CARD,2019547049916981
09/09/2021 11:27,Bradford,Joan Broadway,"Regular Smoothies - Glowing Greens - 2.00, Large Chai latte - 2.60, Regular Flavoured hot chocolate - Caramel - 2.60",7.2,CARD,3895385652188258
09/09/2021 11:30,Bradford,Lori Mills,Regular Flavoured iced latte - Caramel - 2.75,2.75,CARD,6466360035942213
09/09/2021 11:33,Bradford,Deidre Clark,"Large Chai latte - 2.60, Large Filter coffee - 1.80",4.4,CASH,
09/09/2021 11:37,Bradford,Jessie Peterman,"Regular Flavoured iced latte - Caramel - 2.75, Regular Flavoured latte - Vanilla - 2.55, Large Flavoured latte - Vanilla - 2.85, Large Filter coffee - 1.80, Large Smoothies - Glowing Greens - 2.50",12.45,CARD,1670786590680843
09/09/2021 11:40,Bradford,Mary Herrington,"Large Speciality Tea - Earl Grey - 1.60, Regular Flavoured iced latte - Caramel - 2.75, Regular Flavoured iced latte - Caramel - 2.75",7.1,CARD,1338437272375732
09/09/2021 11:43,Bradford,Melissa Song,Large Flavoured iced latte - Caramel - 3.25,3.25,CARD,4806023944489202
09/09/2021 11:47,Bradford,Louis Hill,"Regular Flavoured latte - Vanilla - 2.55, Regular Smoothies - Glowing Greens - 2.00, Regular Glass of milk - 0.70",5.25,CARD,4830900187499131
09/09/2021 11:50,Bradford,Genevieve Jones,"Regular Flavoured hot chocolate - Caramel - 2.60, Large Chai latte - 2.60, Regular Chai latte - 2.30, Regular Filter coffee - 1.50",9.0,CARD,2046502949935813
09/09/2021 11:53,Bradford,Helen Carper,"Large Glass of milk - 1.10, Large Flavoured iced latte - Caramel - 3.25",4.35,CASH,
09/09/2021 11:57,Bradford,Ronald Fay,"Regular Glass of milk - 0.70, Regular Filter coffee - 1.50",2.2,CARD,9068707952932579
09/09/2021 12:00,Bradford,Israel Keen,Regular Speciality Tea - Earl Grey - 1.30,1.3,CARD,9092449365905142
09/09/2021 12:02,Bradford,Sophia Wolfrum,"Large Flavoured hot chocolate - Caramel - 2.90, Large Flavoured hot chocolate - Caramel - 2.90",5.8,CASH,
09/09/2021 12:04,Bradford,Teresa Daniels,"Large Speciality Tea - Earl Grey - 1.60, Large Flavoured iced latte - Caramel - 3.25, Large Americano - 2.25, Regular Smoothies - Glowing Greens - 2.00, Regular Chai latte - 2.30, Regular Flavoured hot chocolate - Caramel - 2.60",14.0,CARD,4532984043822829
09/09/2021 12:07,Bradford,Thomas Reed,"Regular Chai latte - 2.30, Large Flavoured iced latte - Caramel - 3.25, Large Speciality Tea - Earl Grey - 1.60, Regular Smoothies - Glowing Greens - 2.00",9.15,CARD,4818601493423547
09/09/2021 12:09,Bradford,Larry Shoaf,"Large Glass of milk - 1.10, Large Americano - 2.25, Large Glass of milk - 1.10, Large Smoothies - Glowing Greens - 2.50, Large Chai latte - 2.60",9.55,CARD,7375658147870841
09/09/2021 12:11,Bradford,Hans Sykes,"Large Speciality Tea - Earl Grey - 1.60, Regular Flavoured iced latte - Caramel - 2.75, Regular Speciality Tea - Earl Grey - 1.30",5.65,CARD,5167758074522330
09/09/2021 12:13,Bradford,Michael Bollman,Regular Flavoured hot chocolate - Caramel - 2.60,2.6,CARD,6268536262733386
09/09/2021 12:15,Bradford,Jesica Swanson,"Large Speciality Tea - Earl Grey - 1.60, Regular Flavoured hot chocolate - Caramel - 2.60, Large Flavoured hot chocolate - Caramel - 2.90",7.1,CARD,2425271337630633
09/09/2021 12:18,Bradford,Lillian Tsuda,"Large Flavoured iced latte - Caramel - 3.25, Regular Filter coffee - 1.50, Large Speciality Tea - Earl Grey - 1.60",6.35,CASH,
09/09/2021 12:20,Bradford,Hector Krikorian,"Large Filter coffee - 1.80, Regular Chai latte - 2.30, Regular Chai latte - 2.30, Regular Flavoured hot chocolate - Caramel - 2.60, Regular Filter coffee - 1.50",10.5,CARD,6725717587697536
09/09/2021 12:22,Bradford,Jessica Bowdry,Large Flavoured iced latte - Caramel - 3.25,3.25,CARD,2639011668532640
09/09/2021 12:24,Bradford,Rhonda Reyes,Large Chai latte - 2.60,2.6,CARD,5578347302873201
09/09/2021 12:27,Bradford,Agnes Hicks,"Large Smoothies - Glowing Greens - 2.50, Regular Chai latte - 2.30",4.8,CARD,7443739116252716
09/09/2021 12:29,Bradford,Bruce Fouse,"Large Flavoured hot chocolate - Caramel - 2.90, Regular Chai latte - 2.30, Regular Chai latte - 2.30, Large Glass of milk - 1.10",8.6,CASH,
09/09/2021 12:31,Bradford,Leslie Decker,Large Flavoured hot chocolate - Caramel - 2.90,2.9,CARD,8142367880312949
09/09/2021 12:33,Bradford,Frances Roberts,"Large Glass of milk - 1.10, Large Flavoured hot chocolate - Caramel - 2.90, Regular Flavoured iced latte - Caramel - 2.75, Regular Chai latte - 2.30, Regular Flavoured iced latte - Caramel - 2.75",11.8,CARD,7082840244723268
09/09/2021 12:35,Bradford,Dahlia Smith,"Regular Flavoured iced latte - Caramel - 2.75, Large Filter coffee - 1.80, Regular Filter coffee - 1.50",6.05,CASH,
09/09/2021 12:38,Bradford,Cynthia Kirk,Large Smoothies - Glowing Greens - 2.50,2.5,CARD,8836376172011041
09/09/2021 12:40,Bradford,Mary Brown,Regular Americano - 1.95,1.95,CASH,
09/09/2021 12:42,Bradford,David Ramos,"Large Glass of milk - 1.10, Regular Glass of milk - 0.70",1.8,CARD,8915014483603255
09/09/2021 12:44,Bradford,Alfredo Jennings,Regular Glass of milk - 0.70,0.7,CARD,6778558661124947
09/09/2021 12:47,Bradford,Mohamed Collins,"Regular Flavoured iced latte - Caramel - 2.75, Regular Flavoured hot chocolate - Caramel - 2.60, Large Flavoured iced latte - Caramel - 3.25, Large Glass of milk - 1.10, Large Americano - 2.25, Regular Chai latte - 2.30",14.25,CARD,3145336291660868
09/09/2021 12:49,Bradford,Heather Wallace,Large Americano - 2.25,2.25,CARD,3871600760376490
09/09/2021 12:51,Bradford,Reynaldo Kallin,"Regular Smoothies - Glowing Greens - 2.00, Large Smoothies - Glowing Greens - 2.50",4.5,CASH,
09/09/2021 12:53,Bradford,Gail Millar,Regular Flavoured iced latte - Caramel - 2.75,2.75,CARD,3076455747560367
09/09/2021 12:55,Bradford,Angel White,Large Filter coffee - 1.80,1.8,CARD,3706459936695371
09/09/2021 12:58,Bradford,Michael Ishee,"Large Chai latte - 2.60, Large Flavoured hot chocolate - Caramel - 2.90, Regular Filter coffee - 1.50, Large Chai latte - 2.60",9.6,CARD,1252183021312881
09/09/2021 13:00,Bradford,Cory Mandel,"Regular Chai latte - 2.30, Regular Flavoured hot chocolate - Caramel - 2.60, Large Speciality Tea - Earl Grey - 1.60",6.5,CARD,7693768376708897
09/09/2021 13:04,Bradford,Elaine Quick,"Large Filter coffee - 1.80, Large Americano - 2.25",4.05,CASH,
09/09/2021 13:08,Bradford,Ella Clark,"Regular Chai latte - 2.30, Regular Chai latte - 2.30, Regular Americano - 1.95",6.55,CASH,
09/09/2021 13:13,Bradford,Kelly Moore,"Regular Filter coffee - 1.50, Regular Flavoured hot chocolate - Caramel - 2.60, Large Chai latte - 2.60, Regular Americano - 1.95, Regular Flavoured hot chocolate - Caramel - 2.60",11.25,CARD,6221642306956888
09/09/2021 13:17,Bradford,Alline Burke,"Regular Chai latte - 2.30, Large Filter coffee - 1.80, Large Smoothies - Glowing Greens - 2.50",6.6,CARD,9760658291902897
09/09/2021 13:21,Bradford,Pauline Garcia,"Large Glass of milk - 1.10, Large Flavoured iced latte - Caramel - 3.25, Large Chai latte - 2.60, Large Chai latte - 2.60, Regular Flavoured iced latte - Caramel - 2.75",12.3,CASH,
09/09/2021 13:26,Bradford,William Peterson,"Regular Flavoured iced latte - Caramel - 2.75, Regular Flavoured latte - Vanilla - 2.55, Regular Americano - 1.95",7.25,CASH,
09/09/2021 13:30,Bradford,Virginia Macnab,"Regular Chai latte - 2.30, Large Americano - 2.25",4.55,CARD,4040918993828973
09/09/2021 13:34,Bradford,Jo Fisher,"Large Filter coffee - 1.80, Large Flavoured latte - Vanilla - 2.85, Large Filter coffee - 1.80, Large Smoothies - Glowing Greens - 2.50",8.95,CASH,
09/09/2021 13:38,Bradford,Claudia Battey,Regular Chai latte - 2.30,2.3,CARD,3306275505872835
09/09/2021 13:43,Bradford,Cody Clark,"Large Chai latte - 2.60, Regular Filter coffee - 1.50, Large Filter coffee - 1.80",5.9,CARD,4036873647515969
09/09/2021 13:47,Bradford,Joe Jackson,"Regular Flavoured hot chocolate - Caramel - 2.60, Regular Filter coffee - 1.50, Large Flavoured hot chocolate - Caramel - 2.90, Regular Filter coffee - 1.50",8.5,CASH,
09/09/2021 13:51,Bradford,Hector Poe,Regular Filter coffee - 1.50,1.5,CASH,
09/09/2021 13:55,Bradford,Katherine Flood,Large Chai latte - 2.60,2.6,CASH,
09/09/2021 14:00,Bradford,Rex Phillips,"Regular Flavoured latte - Vanilla - 2.55, Large Americano - 2.25",4.8,CARD,4059428002139318
09/09/2021 14:01,Bradford,Yvette Golston,Regular Flavoured hot chocolate - Caramel - 2.60,2.6,CARD,5416472647261478
09/09/2021 14:03,Bradford,Irma Garcia,Regular Glass of milk - 0.70,0.7,CASH,
09/09/2021 14:04,Bradford,Elaine Buban,"Regular Flavoured hot chocolate - Caramel - 2.60, Large Filter coffee - 1.80, Large Speciality Tea - Earl Grey - 1.60, Regular Flavoured latte - Vanilla - 2.55, Regular Flavoured hot chocolate - Caramel - 2.60, Large Americano - 2.25",13.4,CARD,5304752769951946
09/09/2021 14:05,Bradford,Kathy Meehan,"Regular Smoothies - Glowing Greens - 2.00, Large Flavoured iced latte - Caramel - 3.25",5.25,CASH,
09/09/2021 14:07,Bradford,Christine Greer,"Large Americano - 2.25, Regular Speciality Tea - Earl Grey - 1.30, Regular Chai latte - 2.30",5.85,CARD,4754954830655149
09/09/2021 14:08,Bradford,Peggy Randle,"Regular Filter coffee - 1.50, Large Filter coffee - 1.80",3.3,CARD,9818075467325293
09/09/2021 14:09,Bradford,David Tate,"Large Filter coffee - 1.80, Large Chai latte - 2.60",4.4,CARD,2472930390736304
09/09/2021 14:11,Bradford,Nathan Simila,"Large Chai latte - 2.60, Regular Flavoured iced latte - Caramel - 2.75, Regular Flavoured iced latte - Caramel - 2.75",8.1,CARD,2991148460845590
09/09/2021 14:12,Bradford,Christopher Alves,Large Smoothies - Glowing Greens - 2.50,2.5,CASH,
09/09/2021 14:14,Bradford,Darryl Johnson,"Regular Flavoured latte - Vanilla - 2.55, Regular Flavoured iced latte - Caramel - 2.75, Large Glass of milk - 1.10, Large Chai latte - 2.60",9.0,CARD,2192917505920754
09/09/2021 14:15,Bradford,James Haith,"Large Speciality Tea - Earl Grey - 1.60, Large Flavoured latte - Vanilla - 2.85, Regular Flavoured hot chocolate - Caramel - 2.60, Regular Filter coffee - 1.50, Regular Flavoured hot chocolate - Caramel - 2.60",11.15,CARD,4723754355886025
09/09/2021 14:16,Bradford,Anneliese Rollins,"Regular Filter coffee - 1.50, Regular Speciality Tea - Earl Grey - 1.30, Large Smoothies - Glowing Greens - 2.50",5.3,CASH,
09/09/2021 14:18,Bradford,Kenneth Bollinger,"Large Glass of milk - 1.10, Large Flavoured iced latte - Caramel - 3.25, Regular Speciality Tea - Earl Grey - 1.30, Large Flavoured latte - Vanilla - 2.85, Regular Americano - 1.95, Regular Smoothies - Glowing Greens - 2.00",12.45,CARD,1383742402082826
09/09/2021 14:19,Bradford,Jacob Haynes,Large Flavoured latte - Vanilla - 2.85,2.85,CARD,5617897581349441
09/09/2021 14:21,Bradford,David Banks,"Large Flavoured latte - Vanilla - 2.85, Regular Flavoured hot chocolate - Caramel - 2.60",5.45,CARD,8984394106164650
09/09/2021 14:22,Bradford,Bobby Minvielle,"Large Flavoured latte - Vanilla - 2.85, Large Filter coffee - 1.80, Large Flavoured latte - Vanilla - 2.85, Regular Filter coffee - 1.50, Large Speciality Tea - Earl Grey - 1.60",10.6,CARD,6772594247017268
09/09/2021 14:23,Bradford,Lois Montgomery,"Regular Flavoured hot chocolate - Caramel - 2.60, Large Chai latte - 2.60, Regular Filter coffee - 1.50",6.7,CASH,
09/09/2021 14:25,Bradford,Bonny Cybulski,"Regular Americano - 1.95, Large Glass of milk - 1.10, Regular Flavoured latte - Vanilla - 2.55",5.6,CARD,7309597180294347
09/09/2021 14:26,Bradford,Robert Estes,"Regular Americano - 1.95, Regular Chai latte - 2.30, Regular Chai latte - 2.30, Regular Americano - 1.95",8.5,CARD,3614769726493092
09/09/2021 14:27,Bradford,Isabel Bauer,"Regular Chai latte - 2.30, Regular Flavoured latte - Vanilla - 2.55, Large Flavoured iced latte - Caramel - 3.25",8.1,CARD,4572282365004492
09/09/2021 14:29,Bradford,Sandra Spigner,"Regular Flavoured hot chocolate - Caramel - 2.60, Regular Glass of milk - 0.70",3.3,CARD,9414270147793119
09/09/2021 14:30,Bradford,Barbara Icardo,Large Smoothies - Glowing Greens - 2.50,2.5,CASH,
09/09/2021 14:32,Bradford,Brandie Menard,"Large Glass of milk - 1.10, Large Flavoured hot chocolate - Caramel - 2.90",4.0,CARD,4513009505784124
09/09/2021 14:33,Bradford,Jane Amaya,"Regular Glass of milk - 0.70, Large Chai latte - 2.60",3.3,CARD,7848407574301666
09/09/2021 14:34,Bradford,Beverly Murdock,Regular Glass of milk - 0.70,0.7,CARD,7788573035683311
09/09/2021 14:36,Bradford,Donnie Maher,"Regular Flavoured hot chocolate - Caramel - 2.60, Large Speciality Tea - Earl Grey - 1.60",4.2,CASH,
09/09/2021 14:37,Bradford,Gary Tibbs,"Regular Flavoured latte - Vanilla - 2.55, Large Flavoured hot chocolate - Caramel - 2.90",5.45,CARD,9588811967239721
09/09/2021 14:39,Bradford,Grace Brandl,Large Americano - 2.25,2.25,CASH,
09/09/2021 14:40,Bradford,Brian Ready,"Large Americano - 2.25, Regular Flavoured iced latte - Caramel - 2.75",5.0,CARD,2082055117529617
09/09/2021 14:41,Bradford,Tasha Difranco,"Regular Flavoured latte - Vanilla - 2.55, Regular Filter coffee - 1.50, Regular Chai latte - 2.30, Regular Chai latte - 2.30",8.65,CARD,5130556885542965
09/09/2021 14:43,Bradford,Maureen Mettlen,"Regular Filter coffee - 1.50, Large Speciality Tea - Earl Grey - 1.60, Regular Chai latte - 2.30",5.4,CASH,
09/09/2021 14:44,Bradford,Trina Kennedy,"Large Flavoured hot chocolate - Caramel - 2.90, Regular Glass of milk - 0.70, Large Chai latte - 2.60",6.2,CARD,1893058817391299
09/09/2021 14:45,Bradford,Dale Weitz,"Regular Flavoured hot chocolate - Caramel - 2.60, Large Smoothies - Glowing Greens - 2.50",5.1,CASH,
09/09/2021 14:47,Bradford,Scott Albaladejo,"Regular Filter coffee - 1.50, Large Flavoured iced latte - Caramel - 3.25",4.75,CASH,
09/09/2021 14:48,Bradford,Kareem Redden,"Large Filter coffee - 1.80, Large Smoothies - Glowing Greens - 2.50",4.3,CASH,
09/09/2021 14:50,Bradford,Jeffrey Botta,"Regular Speciality Tea - Earl Grey - 1.30, Regular Americano - 1.95, Large Americano - 2.25, Regular Flavoured hot chocolate - Caramel - 2.60, Regular Flavoured latte - Vanilla - 2.55",10.65,CARD,8974959025414611
09/09/2021 14:51,Bradford,Clifford Dawson,"Large Flavoured hot chocolate - Caramel - 2.90, Large Chai latte - 2.60, Large Flavoured latte - Vanilla - 2.85",8.35,CASH,
09/09/2021 14:52,Bradford,Marian Limbrick,Large Flavoured latte - Vanilla - 2.85,2.85,CARD,6549432386554267
09/09/2021 14:54,Bradford,Lisa Shaw,"Regular Americano - 1.95, Large Americano - 2.25",4.2,CASH,
09/09/2021 14:55,Bradford,Paul Mateer,"Regular Chai latte - 2.30, Regular Flavoured hot chocolate - Caramel - 2.60, Regular Flavoured hot chocolate - Caramel - 2.60, Large Glass of milk - 1.10, Regular Americano - 1.95",10.55,CASH,
09/09/2021 14:56,Bradford,Ladawn Knickerbocker,"Large Flavoured latte - Vanilla - 2.85, Large Chai latte - 2.60",5.45,CARD,8044372436734984
09/09/2021 14:58,Bradford,Jada Rogers,"Large Americano - 2.25, Large Filter coffee - 1.80",4.05,CARD,9938226864562891
09/09/2021 14:59,Bradford,Patricia Corbin,"Regular Americano - 1.95, Large Flavoured iced latte - Caramel - 3.25, Large Americano - 2.25, Large Flavoured iced latte - Caramel - 3.25, Large Chai latte - 2.60, Regular Filter coffee - 1.50",14.8,CARD,8758205348722845
09/09/2021 15:01,Bradford,Alexander Davis,"Large Chai latte - 2.60, Regular Filter coffee - 1.50, Large Flavoured hot chocolate - Caramel - 2.90",7.0,CASH,
09/09/2021 15:02,Bradford,Marvin Lombardi,"Regular Flavoured latte - Vanilla - 2.55, Large Speciality Tea - Earl Grey - 1.60, Regular Flavoured iced latte - Caramel - 2.75, Regular Flavoured iced latte - Caramel - 2.75, Large Glass of milk - 1.10, Large Flavoured iced latte - Caramel - 3.25",14.0,CASH,
09/09/2021 15:03,Bradford,Raymond Pressley,"Regular Flavoured iced latte - Caramel - 2.75, Large Filter coffee - 1.80",4.55,CASH,
09/09/2021 15:04,Bradford,Michael Bryan,"Regular Flavoured latte - Vanilla - 2.55, Regular Flavoured hot chocolate - Caramel - 2.60, Large Flavoured latte - Vanilla - 2.85",8.0,CASH,
09/09/2021 15:06,Bradford,Evelyn Mcdaniels,"Regular Flavoured hot chocolate - Caramel - 2.60, Regular Flavoured hot chocolate - Caramel - 2.60",5.2,CARD,7296311084717561
09/09/2021 15:07,Bradford,Connie Savage,"Regular Americano - 1.95, Large Chai latte - 2.60, Regular Flavoured hot chocolate - Caramel - 2.60, Regular Americano - 1.95, Regular Flavoured hot chocolate - Caramel - 2.60",11.7,CARD,6364417011904983
09/09/2021 15:08,Bradford,Brenda Hightower,"Large Smoothies - Glowing Greens - 2.50, Large Smoothies - Glowing Greens - 2.50",5.0,CARD,5402065430106714
09/09/2021 15:09,Bradford,Lorna Crespin,"Large Flavoured hot chocolate - Caramel - 2.90, Regular Flavoured hot chocolate - Caramel - 2.60",5.5,CARD,3232461904176410
09/09/2021 15:11,Bradford,Kelly Weber,Large Flavoured latte - Vanilla - 2.85,2.85,CARD,1078982447200758
09/09/2021 15:12,Bradford,Stephanie Palesano,"Regular Chai latte - 2.30, Regular Flavoured latte - Vanilla - 2.55, Large Smoothies - Glowing Greens - 2.50, Regular Flavoured iced latte - Caramel - 2.75, Regular Chai latte - 2.30",12.4,CARD,3861252344903935
09/09/2021 15:13,Bradford,James Lugo,"Large Flavoured iced latte - Caramel - 3.25, Regular Filter coffee - 1.50",4.75,CARD,2242669922112012
09/09/2021 15:14,Bradford,Leah Edge,"Large Flavoured hot chocolate - Caramel - 2.90, Regular Flavoured hot chocolate - Caramel - 2.60",5.5,CASH,
09/09/2021 15:16,Bradford,Crystal Gonzales,"Large Speciality Tea - Earl Grey - 1.60, Regular Chai latte - 2.30",3.9,CASH,
09/09/2021 15:17,Bradford,Maria Roher,"Large Speciality Tea - Earl Grey - 1.60, Large Flavoured latte - Vanilla - 2.85, Regular Chai latte - 2.30, Regular Flavoured hot chocolate - Caramel - 2.60, Regular Flavoured latte - Vanilla - 2.55, Regular Flavoured hot chocolate - Caramel - 2.60",14.5,CARD,9282635508696125
09/09/2021 15:18,Bradford,Saul Namisnak,"Large Americano - 2.25, Regular Flavoured iced latte - Caramel - 2.75",5.0,CARD,9059822089245618
09/09/2021 15:19,Bradford,Christina Calandra,"Large Chai latte - 2.60, Large Smoothies - Glowing Greens - 2.50, Large Filter coffee - 1.80, Large Flavoured iced latte - Caramel - 3.25",10.15,CASH,
09/09/2021 15:21,Bradford,Minerva Cusick,"Regular Flavoured hot chocolate - Caramel - 2.60, Large Smoothies - Glowing Greens - 2.50",5.1,CASH,
09/09/2021 15:22,Bradford,Lee Clark,"Large Filter coffee - 1.80, Regular Flavoured latte - Vanilla - 2.55, Regular Filter coffee - 1.50, Regular Americano - 1.95",7.8,CARD,7242493496167350
09/09/2021 15:23,Bradford,Becky Carr,Large Chai latte - 2.60,2.6,CARD,7193985030062320
09/09/2021 15:24,Bradford,Jimmy Bemis,"Regular Glass of milk - 0.70, Large Chai latte - 2.60, Large Flavoured hot chocolate - Caramel - 2.90, Large Speciality Tea - Earl Grey - 1.60, Large Glass of milk - 1.10",8.9,CARD,7233219284067050
09/09/2021 15:26,Bradford,Christopher Martin,Large Filter coffee - 1.80,1.8,CASH,
09/09/2021 15:27,Bradford,Daniel Briones,"Regular Flavoured latte - Vanilla - 2.55, Large Chai latte - 2.60, Large Glass of milk - 1.10",6.25,CARD,5548836773110241
09/09/2021 15:28,Bradford,Kurt Metts,"Large Flavoured iced latte - Caramel - 3.25, Regular Smoothies - Glowing Greens - 2.00, Regular Flavoured hot chocolate - Caramel - 2.60, Regular Flavoured latte - Vanilla - 2.55, Large Flavoured latte - Vanilla - 2.85",13.25,CARD,4380125707235334
09/09/2021 15:29,Bradford,Lilian Ramos,"Large Chai latte - 2.60, Regular Flavoured hot chocolate - Caramel - 2.60",5.2,CARD,4033673810988535
09/09/2021 15:31,Bradford,Steven Burt,"Regular Flavoured hot chocolate - Caramel - 2.60, Large Flavoured latte - Vanilla - 2.85, Large Filter coffee - 1.80, Large Speciality Tea - Earl Grey - 1.60",8.85,CARD,1918676308280299
09/09/2021 15:32,Bradford,Francis Colone,"Regular Filter coffee - 1.50, Regular Speciality Tea - Earl Grey - 1.30, Regular Flavoured latte - Vanilla - 2.55, Regular Flavoured hot chocolate - Caramel - 2.60",7.95,CASH,
09/09/2021 15:33,Bradford,Carolyn Depp,Regular Speciality Tea - Earl Grey - 1.30,1.3,CASH,
09/09/2021 15:34,Bradford,Patricia White,"Large Filter coffee - 1.80, Large Flavoured iced latte - Caramel - 3.25, Large Filter coffee - 1.80, Regular Flavoured iced latte - Caramel - 2.75",9.6,CASH,
09/09/2021 15:36,Bradford,Patricia Bernal,"Regular Americano - 1.95, Large Chai latte - 2.60, Regular Filter coffee - 1.50",6.05,CASH,
09/09/2021 15:37,Bradford,Joan Muni,Large Filter coffee - 1.80,1.8,CASH,
09/09/2021 15:38,Bradford,Tracy Romano,"Regular Americano - 1.95, Regular Flavoured latte - Vanilla - 2.55",4.5,CARD,6244001957563708
09/09/2021 15:39,Bradford,Sarah Crayton,"Regular Flavoured latte - Vanilla - 2.55, Regular Flavoured latte - Vanilla - 2.55",5.1,CARD,1722467368167665
09/09/2021 15:41,Bradford,Hanna Lee,Regular Chai latte - 2.30,2.3,CARD,6975301683807424
09/09/2021 15:42,Bradford,Craig Kimura,Regular Glass of milk - 0.70,0.7,CASH,
09/09/2021 15:43,Bradford,Sara Silva,"Regular Flavoured hot chocolate - Caramel - 2.60, Regular Chai latte - 2.30, Large Speciality Tea - Earl Grey - 1.60",6.5,CARD,7960367453198703
09/09/2021 15:44,Bradford,Vance Sale,"Regular Smoothies - Glowing Greens - 2.00, Regular Chai latte - 2.30, Regular Flavoured iced latte - Caramel - 2.75, Regular Chai latte - 2.30",9.35,CARD,7376440679462872
09/09/2021 15:46,Bradford,Geneva Wilson,"Regular Flavoured hot chocolate - Caramel - 2.60, Large Flavoured hot chocolate - Caramel - 2.90, Regular Americano - 1.95, Large Filter coffee - 1.80, Large Americano - 2.25",11.5,CARD,5416017982545527
09/09/2021 15:47,Bradford,John Lewis,"Regular Chai latte - 2.30, Regular Americano - 1.95, Large Filter coffee - 1.80",6.05,CASH,
09/09/2021 15:48,Bradford,Debra Hawkins,"Large Chai latte - 2.60, Large Smoothies - Glowing Greens - 2.50",5.1,CASH,
09/09/2021 15:49,Bradford,Jean Bass,"Large Smoothies - Glowing Greens - 2.50, Large Americano - 2.25, Large Flavoured hot chocolate - Caramel - 2.90, Large Smoothies - Glowing Greens - 2.50",10.15,CARD,3114649283616570
09/09/2021 15:51,Bradford,Cynthia Pierce,"Regular Flavoured hot chocolate - Caramel - 2.60, Large Americano - 2.25, Regular Chai latte - 2.30",7.15,CASH,
09/09/2021 15:52,Bradford,Jordan Jones,"Regular Filter coffee - 1.50, Large Americano - 2.25, Regular Smoothies - Glowing Greens - 2.00, Large Filter coffee - 1.80, Large Chai latte - 2.60",10.15,CASH,
09/09/2021 15:53,Bradford,Mary Mcbride,"Regular Glass of milk - 0.70, Large Flavoured latte - Vanilla - 2.85, Regular Smoothies - Glowing Greens - 2.00, Regular Chai latte - 2.30",7.85,CASH,
09/09/2021 15:54,Bradford,Linda Carlson,"Regular Speciality Tea - Earl Grey - 1.30, Regular Flavoured hot chocolate - Caramel - 2.60, Large Chai latte - 2.60, Regular Americano - 1.95, Large Americano - 2.25",10.7,CASH,
09/09/2021 15:56,Bradford,Monica Ortiz,"Large Americano - 2.25, Large Flavoured hot chocolate - Caramel - 2.90, Regular Glass of milk - 0.70",5.85,CASH,
09/09/2021 15:57,Bradford,Josephine Stuckey,"Regular Flavoured latte - Vanilla - 2.55, Regular Americano - 1.95, Large Flavoured iced latte - Caramel - 3.25, Large Speciality Tea - Earl Grey - 1.60, Regular Flavoured latte - Vanilla - 2.55",11.9,CASH,
09/09/2021 15:58,Bradford,John Davis,"Regular Flavoured hot chocolate - Caramel - 2.60, Regular Speciality Tea - Earl Grey - 1.30, Regular Speciality Tea - Earl Grey - 1.30",5.2,CARD,1152506376433312
09/09/2021 15:59,Bradford,Stacie Davidson,"Large Speciality Tea - Earl Grey - 1.60, Regular Filter coffee - 1.50, Large Filter coffee - 1.80",4.9,CARD,1138137039449932
09/09/2021 16:01,Bradford,Eleanor Plungy,"Regular Filter coffee - 1.50, Regular Filter coffee - 1.50, Large Flavoured latte - Vanilla - 2.85",5.85,CARD,7616052662811296
09/09/2021 16:02,Bradford,James Bridges,"Large Flavoured latte - Vanilla - 2.85, Regular Filter coffee - 1.50, Large Speciality Tea - Earl Grey - 1.60, Regular Smoothies - Glowing Greens - 2.00",7.95,CASH,
09/09/2021 16:04,Bradford,Diane Jenkins,Regular Flavoured hot chocolate - Caramel - 2.60,2.6,CASH,
09/09/2021 16:06,Bradford,Daniel Estrada,"Regular Americano - 1.95, Regular Filter coffee - 1.50, Large Flavoured iced latte - Caramel - 3.25",6.7,CARD,6226491983938124
09/09/2021 16:08,Bradford,Landon Skowron,"Large Flavoured hot chocolate - Caramel - 2.90, Large Flavoured iced latte - Caramel - 3.25, Large Flavoured hot chocolate - Caramel - 2.90, Regular Flavoured iced latte - Caramel - 2.75",11.8,CASH,
09/09/2021 16:10,Bradford,Kenneth Crider,"Large Flavoured latte - Vanilla - 2.85, Large Filter coffee - 1.80",4.65,CASH,
09/09/2021 16:12,Bradford,Margarita Miller,Regular Filter coffee - 1.50,1.5,CASH,
09/09/2021 16:13,Bradford,Paul Cockerill,"Regular Filter coffee - 1.50, Large Speciality Tea - Earl Grey - 1.60",3.1,CARD,9506350319117997
09/09/2021 16:15,Bradford,Lillian Luu,"Large Flavoured hot chocolate - Caramel - 2.90, Regular Flavoured hot chocolate - Caramel - 2.60, Large Chai latte - 2.60, Large Flavoured hot chocolate - Caramel - 2.90, Large Flavoured hot chocolate - Caramel - 2.90, Regular Filter coffee - 1.50",15.4,CARD,7789273864692172
09/09/2021 16:17,Bradford,Barry Allen,"Regular Flavoured latte - Vanilla - 2.55, Regular Chai latte - 2.30",4.85,CARD,8739430503051570
09/09/2021 16:19,Bradford,Irena Porter,"Large Flavoured hot chocolate - Caramel - 2.90, Large Filter coffee - 1.80, Regular Americano - 1.95",6.65,CASH,
09/09/2021 16:21,Bradford,Billy Biglin,"Regular Speciality Tea - Earl Grey - 1.30, Large Speciality Tea - Earl Grey - 1.60, Large Filter coffee - 1.80, Large Filter coffee - 1.80",6.5,CASH,
09/09/2021 16:22,Bradford,Mary Williams,Large Filter coffee - 1.80,1.8,CARD,8293709715430802
09/09/2021 16:24,Bradford,Tera Broughton,"Large Flavoured iced latte - Caramel - 3.25, Large Chai latte - 2.60",5.85,CARD,3750968364906482
09/09/2021 16:26,Bradford,Lilly Hill,"Large Filter coffee - 1.80, Large Americano - 2.25, Regular Glass of milk - 0.70, Large Speciality Tea - Earl Grey - 1.60",6.35,CARD,6704960011373867
09/09/2021 16:28,Bradford,Sarah Anselm,"Large Smoothies - Glowing Greens - 2.50, Regular Flavoured latte - Vanilla - 2.55",5.05,CARD,5382156717158805
09/09/2021 16:30,Bradford,Beth Gill,Large Filter coffee - 1.80,1.8,CARD,3827819517062553
09/09/2021 16:32,Bradford,Kimberly Schlitz,"Regular Flavoured hot chocolate - Caramel - 2.60, Regular Flavoured latte - Vanilla - 2.55, Large Chai latte - 2.60, Large Glass of milk - 1.10",8.85,CARD,9589198959102957
09/09/2021 16:33,Bradford,William Mathews,Large Filter coffee - 1.80,1.8,CARD,5273815458175007
09/09/2021 16:35,Bradford,Evelyn Despain,Regular Flavoured latte - Vanilla - 2.55,2.55,CARD,9591781110825587
09/09/2021 16:37,Bradford,Steven Lawson,Regular Filter coffee - 1.50,1.5,CARD,9093483137164339
09/09/2021 16:39,Bradford,Naomi Huerta,"Regular Flavoured hot chocolate - Caramel - 2.60, Regular Glass of milk - 0.70, Regular Chai latte - 2.30, Regular Speciality Tea - Earl Grey - 1.30, Regular Flavoured latte - Vanilla - 2.55",9.45,CASH,
09/09/2021 16:41,Bradford,Jason Walston,Regular Flavoured iced latte - Caramel - 2.75,2.75,CASH,
09/09/2021 16:42,Bradford,Isabel Willard,"Large Flavoured latte - Vanilla - 2.85, Large Speciality Tea - Earl Grey - 1.60, Regular Americano - 1.95, Large Filter coffee - 1.80",8.2,CARD,2355379832965881
09/09/2021 16:44,Bradford,Tawanna Smith,"Regular Americano - 1.95, Regular Filter coffee - 1.50, Regular Glass of milk - 0.70",4.15,CARD,6267324713472775
09/09/2021 16:46,Bradford,Kenneth Mosher,"Regular Smoothies - Glowing Greens - 2.00, Regular Americano - 1.95, Regular Glass of milk - 0.70, Regular Chai latte - 2.30",6.95,CASH,
09/09/2021 16:48,Bradford,Mary Snead,Regular Glass of milk - 0.70,0.7,CARD,1146045555690580
09/09/2021 16:50,Bradford,Michael Hopkins,"Large Filter coffee - 1.80, Large Flavoured iced latte - Caramel - 3.25",5.05,CASH,
09/09/2021 16:52,Bradford,Gary Evans,"Large Americano - 2.25, Regular Flavoured hot chocolate - Caramel - 2.60, Large Flavoured hot chocolate - Caramel - 2.90, Regular Flavoured iced latte - Caramel - 2.75",10.5,CASH,
09/09/2021 16:53,Bradford,Ronald Notter,"Regular Flavoured iced latte - Caramel - 2.75, Regular Flavoured hot chocolate - Caramel - 2.60",5.35,CARD,4220119214212649
09/09/2021 16:55,Bradford,Matthew Alexander,"Regular Glass of milk - 0.70, Regular Filter coffee - 1.50, Regular Smoothies - Glowing Greens - 2.00, Large Glass of milk - 1.10",5.3,CARD,2927924510614850
09/09/2021 16:57,Bradford,Richard Jones,"Large Speciality Tea - Earl Grey - 1.60, Regular Smoothies - Glowing Greens - 2.00, Large Americano - 2.25",5.85,CARD,8218039707636305
09/09/2021 16:59,Bradford,Lori Garton,Large Chai latte - 2.60,2.6,CARD,5109328639718949
09/09/2021 17:01,Bradford,Michael Sider,"Large Smoothies - Glowing Greens - 2.50, Large Americano - 2.25, Large Chai latte - 2.60",7.35,CASH,
09/09/2021 17:03,Bradford,Betty Kinstler,Regular Flavoured iced latte - Caramel - 2.75,2.75,CASH,
09/09/2021 17:05,Bradford,Patrick Puentes,"Large Flavoured latte - Vanilla - 2.85, Regular Smoothies - Glowing Greens - 2.00, Regular Flavoured iced latte - Caramel - 2.75",7.6,CARD,6267887853448597
09/09/2021 17:07,Bradford,Terry Smith,"Large Filter coffee - 1.80, Large Flavoured iced latte - Caramel - 3.25, Regular Flavoured hot chocolate - Caramel - 2.60, Large Smoothies - Glowing Greens - 2.50, Regular Flavoured latte - Vanilla - 2.55",12.7,CARD,3667076292104491
09/09/2021 17:09,Bradford,Matthew Cartwright,"Large Chai latte - 2.60, Large Americano - 2.25, Large Flavoured iced latte - Caramel - 3.25, Regular Flavoured latte - Vanilla - 2.55, Large Filter coffee - 1.80",12.45,CARD,9057008604411123
09/09/2021 17:11,Bradford,Robert Rollo,"Regular Flavoured iced latte - Caramel - 2.75, Large Filter coffee - 1.80",4.55,CARD,1089611511518461
09/09/2021 17:13,Bradford,Fanny Townsend,"Regular Glass of milk - 0.70, Large Flavoured hot chocolate - Caramel - 2.90",3.6,CASH,
09/09/2021 17:15,Bradford,Robert Scott,Large Filter coffee - 1.80,1.8,CASH,
09/09/2021 17:17,Bradford,Maria Seales,Large Flavoured hot chocolate - Caramel - 2.90,2.9,CARD,2763840987196197
09/09/2021 17:19,Bradford,Blanche Nelson,"Large Chai latte - 2.60, Regular Smoothies - Glowing Greens - 2.00, Regular Flavoured iced latte - Caramel - 2.75, Large Flavoured iced latte - Caramel - 3.25, Regular Flavoured iced latte - Caramel - 2.75, Regular Speciality Tea - Earl Grey - 1.30",14.65,CASH,
09/09/2021 17:21,Bradford,Ethel Pinkerton,"Large Filter coffee - 1.80, Regular Americano - 1.95, Regular Flavoured hot chocolate - Caramel - 2.60",6.35,CARD,9557460923681095
09/09/2021 17:23,Bradford,Barbara Lomack,"Large Americano - 2.25, Large Smoothies - Glowing Greens - 2.50, Large Filter coffee - 1.80, Large Flavoured hot chocolate - Caramel - 2.90",9.45,CASH,
09/09/2021 17:25,Bradford,Mary Clement,"Large Filter coffee - 1.80, Regular Glass of milk - 0.70",2.5,CARD,2286563791023433
09/09/2021 17:27,Bradford,Joyce Commons,"Regular Glass of milk - 0.70, Large Speciality Tea - Earl Grey - 1.60, Large Speciality Tea - Earl Grey - 1.60",3.9,CARD,5788213453680349
09/09/2021 17:29,Bradford,Carolyn Meyer,"Regular Speciality Tea - Earl Grey - 1.30, Regular Flavoured iced latte - Caramel - 2.75",4.05,CASH,
09/09/2021 17:31,Bradford,Lance Matthews,"Large Chai latte - 2.60, Regular Flavoured iced latte - Caramel - 2.75, Regular Chai latte - 2.30, Large Chai latte - 2.60",10.25,CARD,5699491608059844
09/09/2021 17:33,Bradford,Stella Kettner,"Large Flavoured hot chocolate - Caramel - 2.90, Large Flavoured latte - Vanilla - 2.85",5.75,CASH,
09/09/2021 17:35,Bradford,Margaret Spaulding,"Regular Smoothies - Glowing Greens - 2.00, Regular Flavoured hot chocolate - Caramel - 2.60",4.6,CARD,5544191490258168
09/09/2021 17:37,Bradford,Vincent Derck,"Regular Flavoured latte - Vanilla - 2.55, Large Smoothies - Glowing Greens - 2.50, Regular Glass of milk - 0.70, Regular Filter coffee - 1.50",7.25,CARD,5200854909321034
09/09/2021 17:39,Bradford,Maria Honeycutt,Large Flavoured hot chocolate - Caramel - 2.90,2.9,CARD,9483767404718887
09/09/2021 17:41,Bradford,Antoinette Giebner,"Regular Flavoured hot chocolate - Caramel - 2.60, Regular Flavoured hot chocolate - Caramel - 2.60",5.2,CARD,1345997821679928
09/09/2021 17:43,Bradford,Sara Anderson,"Regular Americano - 1.95, Regular Filter coffee - 1.50, Regular Filter coffee - 1.50",4.95,CARD,6037592263179789
09/09/2021 17:45,Bradford,Thomas Ryan,"Large Flavoured iced latte - Caramel - 3.25, Large Filter coffee - 1.80, Regular Flavoured iced latte - Caramel - 2.75, Regular Americano - 1.95, Regular Flavoured hot chocolate - Caramel - 2.60, Large Flavoured hot chocolate - Caramel - 2.90",15.25,CARD,8922613529362944
09/09/2021 17:47,Bradford,Erick Doner,Large Chai latte - 2.60,2.6,CARD,7254891073468619
09/09/2021 17:49,Bradford,Martha Johnson,"Large Flavoured iced latte - Caramel - 3.25, Regular Filter coffee - 1.50, Large Flavoured hot chocolate - Caramel - 2.90",7.65,CASH,
09/09/2021 17:51,Bradford,Billy Ezzo,Regular Chai latte - 2.30,2.3,CARD,1534379292081719
09/09/2021 17:53,Bradford,Olivia Flores,"Regular Smoothies - Glowing Greens - 2.00, Regular Americano - 1.95, Large Flavoured hot chocolate - Caramel - 2.90, Regular Smoothies - Glowing Greens - 2.00",8.85,CARD,8431863103084223
09/09/2021 17:55,Bradford,Mary Mangham,Large Speciality Tea - Earl Grey - 1.60,1.6,CARD,1780661164423291
09/09/2021 17:57,Bradford,Jason Watkins,"Large Smoothies - Glowing Greens - 2.50, Regular Flavoured latte - Vanilla - 2.55, Regular Speciality Tea - Earl Grey - 1.30, Regular Flavoured latte - Vanilla - 2.55",8.9,CARD,5070360415009806
09/09/2021 17:59,Bradford,Caroline Olberding,"Large Chai latte - 2.60, Large Chai latte - 2.60, Regular Flavoured iced latte - Caramel - 2.75, Large Chai latte - 2.60, Regular Glass of milk - 0.70",11.25,CARD,3834992486079622
09/09/2021 18:01,Bradford,Roy Pritchett,"Large Speciality Tea - Earl Grey - 1.60, Large Flavoured iced latte - Caramel - 3.25",4.85,CASH,
09/09/2021 18:02,Bradford,Elizabeth Conway,"Large Speciality Tea - Earl Grey - 1.60, Large Flavoured hot chocolate - Caramel - 2.90",4.5,CARD,1459302497909252
09/09/2021 18:04,Bradford,Judith Stockdill,Regular Filter coffee - 1.50,1.5,CARD,6273278282232117
09/09/2021 18:06,Bradford,Anthony Wheeler,"Large Flavoured hot chocolate - Caramel - 2.90, Large Smoothies - Glowing Greens - 2.50, Large Americano - 2.25, Large Americano - 2.25",9.9,CASH,
09/09/2021 18:07,Bradford,Robert Amin,"Regular Chai latte - 2.30, Regular Chai latte - 2.30, Regular Flavoured hot chocolate - Caramel - 2.60",7.2,CARD,2729627648828895
09/09/2021 18:09,Bradford,Betty Horton,Large Flavoured hot chocolate - Caramel - 2.90,2.9,CARD,7829565578888706
09/09/2021 18:11,Bradford,Shawn Bias,"Large Speciality Tea - Earl Grey - 1.60, Large Flavoured hot chocolate - Caramel - 2.90, Large Flavoured hot chocolate - Caramel - 2.90, Large Flavoured iced latte - Caramel - 3.25",10.65,CARD,6295632226826013
09/09/2021 18:13,Bradford,Keith Coombe,"Large Americano - 2.25, Regular Flavoured latte - Vanilla - 2.55, Regular Filter coffee - 1.50, Large Americano - 2.25, Large Flavoured iced latte - Caramel - 3.25",11.8,CASH,
09/09/2021 18:14,Bradford,Joseph Thau,"Regular Americano - 1.95, Large Smoothies - Glowing Greens - 2.50, Large Filter coffee - 1.80, Regular Flavoured latte - Vanilla - 2.55, Regular Speciality Tea - Earl Grey - 1.30",10.1,CASH,
09/09/2021 18:16,Bradford,Stephanie Gore,"Large Speciality Tea - Earl Grey - 1.60, Regular Flavoured hot chocolate - Caramel - 2.60, Large Americano - 2.25, Large Flavoured latte - Vanilla - 2.85, Large Filter coffee - 1.80",11.1,CASH,
09/09/2021 18:18,Bradford,Kayla Brimmage,"Regular Flavoured hot chocolate - Caramel - 2.60, Large Chai latte - 2.60, Regular Chai latte - 2.30, Regular Glass of milk - 0.70",8.2,CARD,6788372139263454
09/09/2021 18:19,Bradford,William Bradford,"Large Americano - 2.25, Regular Flavoured latte - Vanilla - 2.55",4.8,CARD,1666971820236701
09/09/2021 18:21,Bradford,Arthur Sloan,"Regular Filter coffee - 1.50, Large Glass of milk - 1.10, Regular Speciality Tea - Earl Grey - 1.30, Large Americano - 2.25, Regular Speciality Tea - Earl Grey - 1.30",7.45,CARD,9248996144358819
09/09/2021 18:23,Bradford,Isabelle Keith,"Large Smoothies - Glowing Greens - 2.50, Regular Flavoured latte - Vanilla - 2.55, Regular Flavoured iced latte - Caramel - 2.75, Large Smoothies - Glowing Greens - 2.50",10.3,CASH,
09/09/2021 18:24,Bradford,Marian Thomas,Large Glass of milk - 1.10,1.1,CARD,9550611017736093
09/09/2021 18:26,Bradford,Jose Wallace,"Regular Chai latte - 2.30, Regular Americano - 1.95, Regular Glass of milk - 0.70, Regular Flavoured hot chocolate - Caramel - 2.60, Regular Smoothies - Glowing Greens - 2.00",9.55,CARD,1626186837277183
09/09/2021 18:28,Bradford,Aida Yamashiro,Regular Flavoured iced latte - Caramel - 2.75,2.75,CARD,8319868150566052
09/09/2021 18:30,Bradford,Jacob Kidd,"Large Filter coffee - 1.80, Large Americano - 2.25",4.05,CASH,
09/09/2021 18:31,Bradford,James Rutledge,"Large Americano - 2.25, Regular Filter coffee - 1.50",3.75,CARD,7193208021992589
09/09/2021 18:33,Bradford,John Olivarez,Large Flavoured hot chocolate - Caramel - 2.90,2.9,CASH,
09/09/2021 18:35,Bradford,Tina Rose,"Regular Flavoured hot chocolate - Caramel - 2.60, Regular Speciality Tea - Earl Grey - 1.30",3.9,CARD,1904810510051733
09/09/2021 18:36,Bradford,Pamela Bryant,Large Flavoured hot chocolate - Caramel - 2.90,2.9,CASH,
09/09/2021 18:38,Bradford,Michelle Nelson,"Regular Flavoured iced latte - Caramel - 2.75, Regular Glass of milk - 0.70",3.45,CARD,7926395009510906
09/09/2021 18:40,Bradford,Pamela Denton,"Large Filter coffee - 1.80, Regular Filter coffee - 1.50",3.3,CARD,8511113231261546
09/09/2021 18:42,Bradford,Jose Spirer,"Large Glass of milk - 1.10, Regular Flavoured latte - Vanilla - 2.55, Regular Speciality Tea - Earl Grey - 1.30, Large Flavoured latte - Vanilla - 2.85, Regular Flavoured iced latte - Caramel - 2.75",10.55,CASH,
09/09/2021 18:43,Bradford,Louis Mccoy,"Regular Chai latte - 2.30, Large Americano - 2.25, Large Speciality Tea - Earl Grey - 1.60, Large Filter coffee - 1.80",7.95,CARD,6430879958432153
09/09/2021 18:45,Bradford,Beverly Jennings,"Regular Flavoured hot chocolate - Caramel - 2.60, Large Filter coffee - 1.80",4.4,CARD,1674418221647528
09/09/2021 18:47,Bradford,Georgia Weston,"Large Smoothies - Glowing Greens - 2.50, Large Flavoured hot chocolate - Caramel - 2.90, Large Glass of milk - 1.10, Regular Americano - 1.95, Regular Flavoured latte - Vanilla - 2.55",11.0,CASH,
09/09/2021 18:48,Bradford,Harry Elliott,"Large Speciality Tea - Earl Grey - 1.60, Regular Flavoured hot chocolate - Caramel - 2.60, Regular Smoothies - Glowing Greens - 2.00, Regular Flavoured hot chocolate - Caramel - 2.60, Regular Speciality Tea - Earl Grey - 1.30",10.1,CARD,9374129144882101
09/09/2021 18:50,Bradford,Wilma Blum,"Regular Filter coffee - 1.50, Large Flavoured iced latte - Caramel - 3.25",4.75,CARD,3061785223547684
09/09/2021 18:52,Bradford,Raymond Natale,"Large Filter coffee - 1.80, Large Flavoured hot chocolate - Caramel - 2.90",4.7,CARD,4381125545178308
09/09/2021 18:53,Bradford,Lea Moore,Regular Chai latte - 2.30,2.3,CARD,3547307855697910
09/09/2021 18:55,Bradford,Dawn Brito,"Regular Speciality Tea - Earl Grey - 1.30, Regular Chai latte - 2.30",3.6,CARD,2727490124603471
09/09/2021 18:57,Bradford,George Allen,"Regular Americano - 1.95, Regular Chai latte - 2.30, Regular Flavoured latte - Vanilla - 2.55",6.8,CARD,5611227619455554
09/09/2021 18:59,Bradford,Sergio Kinkel,"Regular Americano - 1.95, Regular Flavoured hot chocolate - Caramel - 2.60, Large Chai latte - 2.60",7.15,CARD,9676549319505394
09/09/2021 19:00,Bradford,Barbara Chang,"Regular Filter coffee - 1.50, Large Flavoured hot chocolate - Caramel - 2.90, Regular Smoothies - Glowing Greens - 2.00, Large Speciality Tea - Earl Grey - 1.60",8.0,CARD,9589809273127030
09/09/2021 19:02,Bradford,Victoria Miranda,"Large Flavoured latte - Vanilla - 2.85, Large Glass of milk - 1.10, Regular Smoothies - Glowing Greens - 2.00",5.95,CARD,7389602462183217
09/09/2021 19:04,Bradford,Wallace Jastrebski,Large Flavoured iced latte - Caramel - 3.25,3.25,CARD,8927135798649938
09/09/2021 19:06,Bradford,Charles Smith,Regular Flavoured iced latte - Caramel - 2.75,2.75,CARD,8895635841969834
09/09/2021 19:07,Bradford,Cindy Gjertsen,"Regular Flavoured latte - Vanilla - 2.55, Large Flavoured hot chocolate - Caramel - 2.90",5.45,CASH,
09/09/2021 19:09,Bradford,Fern Wilder,"Regular Americano - 1.95, Large Americano - 2.25, Regular Smoothies - Glowing Greens - 2.00",6.2,CARD,3922276544996509
09/09/2021 19:11,Bradford,Marcus Donnelly,"Regular Americano - 1.95, Large Chai latte - 2.60",4.55,CASH,
09/09/2021 19:13,Bradford,Dorothy Wyche,"Large Filter coffee - 1.80, Large Filter coffee - 1.80, Regular Chai latte - 2.30",5.9,CASH,
09/09/2021 19:14,Bradford,Julia Throgmorton,Large Chai latte - 2.60,2.6,CASH,
09/09/2021 19:16,Bradford,June Carney,Large Flavoured hot chocolate - Caramel - 2.90,2.9,CARD,7421674563457518
09/09/2021 19:18,Bradford,Frances Chaves,"Large Speciality Tea - Earl Grey - 1.60, Large Glass of milk - 1.10",2.7,CARD,3115061019685749
09/09/2021 19:20,Bradford,Darlene Locher,Large Filter coffee - 1.80,1.8,CARD,9612016446121432
09/09/2021 19:21,Bradford,Sarah Taylor,"Large Chai latte - 2.60, Regular Americano - 1.95",4.55,CARD,9648820996862864
09/09/2021 19:23,Bradford,Mary Yu,"Regular Speciality Tea - Earl Grey - 1.30, Regular Flavoured hot chocolate - Caramel - 2.60, Large Flavoured hot chocolate - Caramel - 2.90, Regular Flavoured latte - Vanilla - 2.55, Regular Filter coffee - 1.50",10.85,CARD,8187021816702305
09/09/2021 19:25,Bradford,Harry Miller,"Regular Speciality Tea - Earl Grey - 1.30, Large Americano - 2.25, Regular Americano - 1.95, Regular Speciality Tea - Earl Grey - 1.30",6.8,CARD,4255854018123617
09/09/2021 19:27,Bradford,Mary Miller,"Regular Speciality Tea - Earl Grey - 1.30, Regular Flavoured iced latte - Caramel - 2.75, Regular Smoothies - Glowing Greens - 2.00",6.05,CARD,1402494674149663
09/09/2021 19:28,Bradford,Jennifer Pullon,"Large Chai latte - 2.60, Large Speciality Tea - Earl Grey - 1.60",4.2,CASH,
09/09/2021 19:30,Bradford,Prudence Wehrley,"Large Flavoured hot chocolate - Caramel - 2.90, Large Americano - 2.25",5.15,CARD,4980008578345595
09/09/2021 19:32,Bradford,Donald Lawrence,"Regular Americano - 1.95, Regular Flavoured iced latte - Caramel - 2.75, Regular Chai latte - 2.30, Large Flavoured latte - Vanilla - 2.85, Large Speciality Tea - Earl Grey - 1.60, Large Flavoured latte - Vanilla - 2.85",14.3,CARD,8948989658963745
09/09/2021 19:34,Bradford,John Flores,Regular Flavoured iced latte - Caramel - 2.75,2.75,CARD,9082035862728968
09/09/2021 19:35,Bradford,Nereida Gold,Large Chai latte - 2.60,2.6,CARD,3693699646898030
09/09/2021 19:37,Bradford,Janet Macdougall,Large Glass of milk - 1.10,1.1,CARD,6520434189311725
09/09/2021 19:39,Bradford,Reta Moore,"Regular Chai latte - 2.30, Large Filter coffee - 1.80",4.1,CARD,9184240057227601
09/09/2021 19:41,Bradford,Eileen Ladwig,"Regular Americano - 1.95, Regular Chai latte - 2.30",4.25,CARD,5053867706796334
09/09/2021 19:42,Bradford,John Judd,Regular Filter coffee - 1.50,1.5,CARD,8727256631496386
09/09/2021 19:44,Bradford,Megan Lee,Large Americano - 2.25,2.25,CARD,4009744237410075
09/09/2021 19:46,Bradford,Jane Canty,Regular Flavoured hot chocolate - Caramel - 2.60,2.6,CARD,5423833268982231
09/09/2021 19:48,Bradford,Sean Siler,"Large Glass of milk - 1.10, Large Flavoured hot chocolate - Caramel - 2.90",4.0,CARD,3767948098592884
09/09/2021 19:49,Bradford,Jean Alberto,"Regular Filter coffee - 1.50, Regular Flavoured latte - Vanilla - 2.55, Regular Glass of milk - 0.70",4.75,CASH,
09/09/2021 19:51,Bradford,Walter Parker,Regular Chai latte - 2.30,2.3,CARD,5390568491841013
09/09/2021 19:53,Bradford,William Bratton,"Large Filter coffee - 1.80, Regular Flavoured hot chocolate - Caramel - 2.60, Large Flavoured hot chocolate - Caramel - 2.90, Large Glass of milk - 1.10, Regular Americano - 1.95",10.35,CARD,7226920764660091
09/09/2021 19:55,Bradford,Eula Diaz,"Regular Flavoured iced latte - Caramel - 2.75, Large Filter coffee - 1.80, Large Chai latte - 2.60",7.15,CARD,5894835464752751
09/09/2021 19:57,Bradford,Alice Wood,"Regular Americano - 1.95, Large Smoothies - Glowing Greens - 2.50",4.45,CARD,5401256450358937
09/09/2021 19:58,Bradford,Kay Buban,Large Speciality Tea - Earl Grey - 1.60,1.6,CARD,2797257013606992
09/09/2021 20:00,Bradford,Leonard Tirado,"Large Flavoured iced latte - Caramel - 3.25, Large Flavoured latte - Vanilla - 2.85, Large Filter coffee - 1.80, Regular Filter coffee - 1.50, Regular Flavoured latte - Vanilla - 2.55",11.95,CARD,1069905510392761
09/09/2021 20:02,Bradford,Thomas Rice,"Regular Filter coffee - 1.50, Regular Filter coffee - 1.50",3.0,CASH,
09/09/2021 20:05,Bradford,Francisco Labarge,"Large Filter coffee - 1.80, Regular Flavoured iced latte - Caramel - 2.75, Large Flavoured iced latte - Caramel - 3.25, Regular Flavoured hot chocolate - Caramel - 2.60",10.4,CARD,2490480870497242
09/09/2021 20:07,Bradford,Penney Hummel,"Regular Chai latte - 2.30, Regular Flavoured latte - Vanilla - 2.55, Large Americano - 2.25",7.1,CARD,3106436057699324
09/09/2021 20:09,Bradford,Saul Rasmussen,"Large Americano - 2.25, Large Flavoured latte - Vanilla - 2.85, Large Flavoured hot chocolate - Caramel - 2.90, Regular Chai latte - 2.30, Large Glass of milk - 1.10, Regular Filter coffee - 1.50",12.9,CARD,6094044831725932
09/09/2021 20:12,Bradford,Rene Racine,"Regular Flavoured iced latte - Caramel - 2.75, Regular Chai latte - 2.30, Large Americano - 2.25, Regular Chai latte - 2.30, Large Flavoured iced latte - Caramel - 3.25",12.85,CASH,
09/09/2021 20:14,Bradford,Jesse George,Large Filter coffee - 1.80,1.8,CASH,
09/09/2021 20:16,Bradford,Ralph Blumhardt,Large Americano - 2.25,2.25,CARD,1047386807906457
09/09/2021 20:18,Bradford,Julie Morton,"Large Chai latte - 2.60, Large Chai latte - 2.60, Regular Americano - 1.95, Large Smoothies - Glowing Greens - 2.50, Regular Flavoured latte - Vanilla - 2.55",12.2,CARD,9908704566389124
09/09/2021 20:21,Bradford,Charlotte Watkins,"Regular Glass of milk - 0.70, Regular Flavoured iced latte - Caramel - 2.75, Regular Speciality Tea - Earl Grey - 1.30, Large Glass of milk - 1.10, Large Americano - 2.25",8.1,CARD,7789452199562265
09/09/2021 20:23,Bradford,Johnny Herring,"Large Flavoured hot chocolate - Caramel - 2.90, Regular Speciality Tea - Earl Grey - 1.30",4.2,CARD,6522339719061529
09/09/2021 20:25,Bradford,Cynthia Fuchs,"Regular Filter coffee - 1.50, Large Chai latte - 2.60, Large Filter coffee - 1.80",5.9,CASH,
09/09/2021 20:28,Bradford,Amy Bowens,"Regular Americano - 1.95, Regular Flavoured latte - Vanilla - 2.55, Large Flavoured latte - Vanilla - 2.85, Large Flavoured hot chocolate - Caramel - 2.90, Regular Glass of milk - 0.70",10.95,CARD,9140145319210219
09/09/2021 20:30,Bradford,Tina Go,"Large Americano - 2.25, Regular Flavoured hot chocolate - Caramel - 2.60",4.85,CASH,
09/09/2021 20:32,Bradford,Jennifer Ervin,"Regular Flavoured iced latte - Caramel - 2.75, Large Speciality Tea - Earl Grey - 1.60, Regular Speciality Tea - Earl Grey - 1.30",5.65,CASH,
09/09/2021 20:35,Bradford,Antonio Mickens,"Regular Smoothies - Glowing Greens - 2.00, Large Flavoured hot chocolate - Caramel - 2.90, Regular Glass of milk - 0.70, Regular Flavoured latte - Vanilla - 2.55, Regular Chai latte - 2.30, Large Speciality Tea - Earl Grey - 1.60",12.05,CARD,6279181100621832
09/09/2021 20:37,Bradford,Erica Montague,Regular Americano - 1.95,1.95,CARD,5459982607591339
09/09/2021 20:39,Bradford,Joseph Dinh,"Regular Chai latte - 2.30, Large Flavoured latte - Vanilla - 2.85, Large Americano - 2.25, Large Glass of milk - 1.10",8.5,CARD,5939224766931142
09/09/2021 20:41,Bradford,Cindy Angelocci,"Regular Flavoured latte - Vanilla - 2.55, Large Glass of milk - 1.10, Regular Smoothies - Glowing Greens - 2.00, Large Chai latte - 2.60",8.25,CARD,2782327515055525
09/09/2021 20:44,Bradford,Megan Resh,"Regular Chai latte - 2.30, Regular Flavoured latte - Vanilla - 2.55, Large Flavoured hot chocolate - Caramel - 2.90, Regular Americano - 1.95, Regular Speciality Tea - Earl Grey - 1.30, Large Filter coffee - 1.80",12.8,CARD,5949520449892875
09/09/2021 20:46,Bradford,Clinton Shannon,Regular Flavoured hot chocolate - Caramel - 2.60,2.6,CASH,
09/09/2021 20:48,Bradford,Dona Patel,"Large Flavoured latte - Vanilla - 2.85, Regular Flavoured latte - Vanilla - 2.55",5.4,CASH,
09/09/2021 20:51,Bradford,Ryan Jones,"Regular Flavoured iced latte - Caramel - 2.75, Large Flavoured hot chocolate - Caramel - 2.90, Regular Flavoured iced latte - Caramel - 2.75, Large Filter coffee - 1.80, Large Speciality Tea - Earl Grey - 1.60",11.8,CASH,
09/09/2021 20:53,Bradford,Ronald Carriaga,"Large Flavoured iced latte - Caramel - 3.25, Regular Flavoured hot chocolate - Caramel - 2.60, Large Flavoured iced latte - Caramel - 3.25, Regular Americano - 1.95",11.05,CASH,
09/09/2021 20:55,Bradford,Norma Hertenstein,Regular Chai latte - 2.30,2.3,CARD,7239055009894268
09/09/2021 20:58,Bradford,Mitchell Brown,"Regular Chai latte - 2.30, Regular Flavoured iced latte - Caramel - 2.75, Large Filter coffee - 1.80, Large Flavoured iced latte - Caramel - 3.25",10.1,CASH,
