09/09/2021 09:00,Brighton,Sammy Hanson,"Large Flavoured hot chocolate - Vanilla - 2.90, Regular Speciality Tea - Green - 1.30, Regular Speciality Tea - Green - 1.30, Large Flavoured iced latte - Caramel - 3.25, Regular Flavoured hot chocolate - Vanilla - 2.60",11.35,CARD,2157696911849159
09/09/2021 09:01,Brighton,Lynn Barrientos,Large Hot Chocolate - 1.70,1.7,CARD,4129385206433457
09/09/2021 09:03,Brighton,Frank Veilleux,"Large Speciality Tea - Green - 1.60, Large Speciality Tea - Green - 1.60",3.2,CASH,
09/09/2021 09:05,Brighton,Andrew Meigs,"Large Hot Chocolate - 1.70, Large Flavoured hot chocolate - Vanilla - 2.90",4.6,CARD,1071688925641443
09/09/2021 09:07,Brighton,Derek Hallmark,"Regular Flavoured iced latte - Caramel - 2.75, Regular Hot Chocolate - 1.40, Large Flavoured hot chocolate - Vanilla - 2.90, Large Speciality Tea - Green - 1.60",8.65,CARD,5476996413424480
09/09/2021 09:09,Brighton,Barbara White,Regular Flavoured hot chocolate - Vanilla - 2.60,2.6,CASH,
09/09/2021 09:10,Brighton,Mittie Tague,Large Speciality Tea - Green - 1.60,1.6,CARD,9966569584188617
09/09/2021 09:12,Brighton,Lance Baptiste,"Regular Hot Chocolate - 1.40, Large Hot Chocolate - 1.70, Large Hot Chocolate - 1.70, Regular Speciality Tea - Green - 1.30",6.1,CASH,
09/09/2021 09:14,Brighton,Theresa Muller,"Large Speciality Tea - Green - 1.60, Regular Flavoured iced latte - Caramel - 2.75",4.35,CARD,2388090986708654
09/09/2021 09:16,Brighton,Sean Monk,"Regular Speciality Tea - Green - 1.30, Regular Hot Chocolate - 1.40, Regular Speciality Tea - Green - 1.30",4.0,CARD,3658638886274987
09/09/2021 09:18,Brighton,Thomas Schneider,"Regular Hot Chocolate - 1.40, Regular Hot Chocolate - 1.40",2.8,CARD,4265883530716586
09/09/2021 09:19,Brighton,Erin Lloyd,Large Hot Chocolate - 1.70,1.7,CARD,7520711738631672
09/09/2021 09:21,Brighton,Joan Gentry,"Regular Flavoured iced latte - Caramel - 2.75, Large Speciality Tea - Green - 1.60",4.35,CARD,4983583205418411
09/09/2021 09:23,Brighton,Stephanie Hanson,"Large Flavoured hot chocolate - Vanilla - 2.90, Regular Hot Chocolate - 1.40",4.3,CASH,
09/09/2021 09:25,Brighton,Erick Lyday,"Regular Hot Chocolate - 1.40, Regular Flavoured hot chocolate - Vanilla - 2.60, Large Speciality Tea - Green - 1.60",5.6,CASH,
09/09/2021 09:27,Brighton,Vernon Phan,"Large Hot Chocolate - 1.70, Regular Flavoured hot chocolate - Vanilla - 2.60, Large Flavoured iced latte - Caramel - 3.25",7.55,CARD,1951947816811566
09/09/2021 09:29,Brighton,Bonnie Davis,"Large Speciality Tea - Green - 1.60, Regular Flavoured iced latte - Caramel - 2.75, Large Flavoured hot chocolate - Vanilla - 2.90, Large Flavoured hot chocolate - Vanilla - 2.90, Large Hot Chocolate - 1.70, Large Flavoured hot chocolate - Vanilla - 2.90",14.75,CARD,9063210034779227
09/09/2021 09:30,Brighton,Teresa Harris,"Large Speciality Tea - Green - 1.60, Regular Hot Chocolate - 1.40, Large Flavoured hot chocolate - Vanilla - 2.90, Regular Hot Chocolate - 1.40",7.3,CARD,7600017369585099
09/09/2021 09:32,Brighton,John Wallace,Regular Speciality Tea - Green - 1.30,1.3,CARD,3400833200303916
09/09/2021 09:34,Brighton,Frederick Mcdonald,"Regular Flavoured iced latte - Caramel - 2.75, Large Flavoured hot chocolate - Vanilla - 2.90, Regular Hot Chocolate - 1.40",7.05,CARD,5996795904529027
09/09/2021 09:36,Brighton,Ronnie Butera,Large Speciality Tea - Green - 1.60,1.6,CARD,8844856090010765
09/09/2021 09:38,Brighton,Beatrice Buchanan,Regular Hot Chocolate - 1.40,1.4,CARD,3098446027193413
09/09/2021 09:39,Brighton,Carl Nichols,"Regular Flavoured hot chocolate - Vanilla - 2.60, Large Flavoured iced latte - Caramel - 3.25, Large Speciality Tea - Green - 1.60, Regular Speciality Tea - Green - 1.30, Regular Flavoured hot chocolate - Vanilla - 2.60",11.35,CARD,5079235830345247
09/09/2021 09:41,Brighton,William Fields,"Regular Flavoured iced latte - Caramel - 2.75, Large Hot Chocolate - 1.70",4.45,CARD,2415214230574447
09/09/2021 09:43,Brighton,Mary Merchant,Regular Speciality Tea - Green - 1.30,1.3,CASH,
09/09/2021 09:45,Brighton,Jonathon Bennett,"Regular Hot Chocolate - 1.40, Large Hot Chocolate - 1.70, Regular Flavoured iced latte - Caramel - 2.75, Large Flavoured iced latte - Caramel - 3.25, Regular Speciality Tea - Green - 1.30, Regular Hot Chocolate - 1.40",11.8,CASH,
09/09/2021 09:47,Brighton,Alice Jonas,"Large Flavoured iced latte - Caramel - 3.25, Large Flavoured hot chocolate - Vanilla - 2.90, Regular Speciality Tea - Green - 1.30, Regular Hot Chocolate - 1.40, Regular Speciality Tea - Green - 1.30, Regular Speciality Tea - Green - 1.30",11.45,CASH,
09/09/2021 09:49,Brighton,Jesica Spoor,"Large Hot Chocolate - 1.70, Regular Flavoured iced latte - Caramel - 2.75",4.45,CASH,
09/09/2021 09:50,Brighton,Bradley Mitchell,"Regular Speciality Tea - Green - 1.30, Regular Speciality Tea - Green - 1.30, Regular Flavoured iced latte - Caramel - 2.75, Regular Flavoured hot chocolate - Vanilla - 2.60, Regular Flavoured hot chocolate - Vanilla - 2.60",10.55,CASH,
09/09/2021 09:52,Brighton,Maureen Lee,"Regular Speciality Tea - Green - 1.30, Large Flavoured iced latte - Caramel - 3.25",4.55,CARD,5157089053244632
09/09/2021 09:54,Brighton,Robert Center,"Large Flavoured hot chocolate - Vanilla - 2.90, Regular Flavoured hot chocolate - Vanilla - 2.60, Large Flavoured hot chocolate - Vanilla - 2.90",8.4,CARD,7164087773281299
09/09/2021 09:56,Brighton,Raul Rayford,"Large Flavoured hot chocolate - Vanilla - 2.90, Regular Hot Chocolate - 1.40, Regular Flavoured iced latte - Caramel - 2.75, Large Flavoured iced latte - Caramel - 3.25, Regular Flavoured iced latte - Caramel - 2.75",13.05,CARD,3477388909284442
09/09/2021 09:58,Brighton,John Coldwell,"Large Flavoured iced latte - Caramel - 3.25, Large Speciality Tea - Green - 1.60",4.85,CARD,6733886427204684
09/09/2021 09:59,Brighton,Karen Salazar,"Large Flavoured hot chocolate - Vanilla - 2.90, Large Flavoured iced latte - Caramel - 3.25",6.15,CARD,8031167563554182
09/09/2021 10:01,Brighton,John Thomas,Regular Hot Chocolate - 1.40,1.4,CARD,6707411028518776
09/09/2021 10:03,Brighton,Cynthia Tiburcio,"Regular Flavoured hot chocolate - Vanilla - 2.60, Regular Hot Chocolate - 1.40, Regular Flavoured hot chocolate - Vanilla - 2.60, Large Speciality Tea - Green - 1.60",8.2,CARD,3983961506583036
09/09/2021 10:04,Brighton,Raymond Lee,"Large Flavoured iced latte - Caramel - 3.25, Regular Flavoured iced latte - Caramel - 2.75, Regular Flavoured iced latte - Caramel - 2.75, Regular Hot Chocolate - 1.40",10.15,CASH,
09/09/2021 10:06,Brighton,Alex Miles,Regular Hot Chocolate - 1.40,1.4,CARD,3961732045389784
09/09/2021 10:07,Brighton,Virgil Graham,"Large Speciality Tea - Green - 1.60, Regular Flavoured iced latte - Caramel - 2.75, Large Hot Chocolate - 1.70",6.05,CARD,3189795810026109
09/09/2021 10:09,Brighton,Alma Knowlton,Large Flavoured iced latte - Caramel - 3.25,3.25,CASH,
09/09/2021 10:10,Brighton,Joanne Brace,"Regular Hot Chocolate - 1.40, Large Speciality Tea - Green - 1.60",3.0,CASH,
09/09/2021 10:11,Brighton,David Wallace,Large Flavoured iced latte - Caramel - 3.25,3.25,CARD,6893956065628247
09/09/2021 10:13,Brighton,Willie Dukich,"Large Speciality Tea - Green - 1.60, Regular Speciality Tea - Green - 1.30, Regular Hot Chocolate - 1.40, Large Flavoured hot chocolate - Vanilla - 2.90, Large Speciality Tea - Green - 1.60",8.8,CARD,9393330815227131
09/09/2021 10:14,Brighton,Samuel Hazlett,Regular Speciality Tea - Green - 1.30,1.3,CARD,8811894849763920
09/09/2021 10:16,Brighton,Brian Wertheimer,"Large Flavoured hot chocolate - Vanilla - 2.90, Large Speciality Tea - Green - 1.60",4.5,CASH,
09/09/2021 10:17,Brighton,Stuart Hunter,"Large Speciality Tea - Green - 1.60, Regular Flavoured hot chocolate - Vanilla - 2.60, Regular Flavoured iced latte - Caramel - 2.75, Large Speciality Tea - Green - 1.60",8.55,CASH,
09/09/2021 10:19,Brighton,Terry Cordes,"Large Hot Chocolate - 1.70, Regular Flavoured hot chocolate - Vanilla - 2.60, Large Flavoured hot chocolate - Vanilla - 2.90",7.2,CARD,1099188098470410
09/09/2021 10:20,Brighton,Miriam Delong,Regular Flavoured hot chocolate - Vanilla - 2.60,2.6,CARD,1142793965402211
09/09/2021 10:22,Brighton,Ned Paulding,"Large Flavoured hot chocolate - Vanilla - 2.90, Large Hot Chocolate - 1.70",4.6,CASH,
09/09/2021 10:23,Brighton,Russell Sprouse,"Regular Hot Chocolate - 1.40, Regular Flavoured iced latte - Caramel - 2.75",4.15,CASH,
09/09/2021 10:24,Brighton,Ada Simpson,"Large Hot Chocolate - 1.70, Regular Hot Chocolate - 1.40, Regular Hot Chocolate - 1.40",4.5,CARD,2409488290350450
09/09/2021 10:26,Brighton,Vern Alexandre,"Large Flavoured hot chocolate - Vanilla - 2.90, Regular Hot Chocolate - 1.40, Regular Flavoured hot chocolate - Vanilla - 2.60, Regular Hot Chocolate - 1.40, Large Flavoured hot chocolate - Vanilla - 2.90",11.2,CARD,1422714168233191
09/09/2021 10:27,Brighton,Annette Gross,"Regular Hot Chocolate - 1.40, Large Speciality Tea - Green - 1.60, Regular Flavoured iced latte - Caramel - 2.75",5.75,CARD,9825917303981517
09/09/2021 10:29,Brighton,Paul Haberer,Regular Hot Chocolate - 1.40,1.4,CARD,7062299923629735
09/09/2021 10:30,Brighton,Silvia Hughes,"Large Hot Chocolate - 1.70, Regular Speciality Tea - Green - 1.30",3.0,CARD,8906546577879799
09/09/2021 10:32,Brighton,Marjorie Alvarez,"Regular Flavoured hot chocolate - Vanilla - 2.60, Large Hot Chocolate - 1.70, Regular Hot Chocolate - 1.40, Large Flavoured hot chocolate - Vanilla - 2.90",8.6,CARD,9492865373928985
09/09/2021 10:33,Brighton,Donald Phillips,"Large Flavoured iced latte - Caramel - 3.25, Regular Flavoured iced latte - Caramel - 2.75, Large Flavoured iced latte - Caramel - 3.25, Large Flavoured hot chocolate - Vanilla - 2.90",12.15,CARD,8449671355671924
09/09/2021 10:35,Brighton,Shakia Galloway,"Regular Speciality Tea - Green - 1.30, Large Flavoured hot chocolate - Vanilla - 2.90, Regular Flavoured iced latte - Caramel - 2.75",6.95,CASH,
09/09/2021 10:36,Brighton,Mark Choute,Large Flavoured hot chocolate - Vanilla - 2.90,2.9,CARD,9500111809155715
09/09/2021 10:38,Brighton,Larry Brady,"Large Speciality Tea - Green - 1.60, Regular Flavoured hot chocolate - Vanilla - 2.60, Large Hot Chocolate - 1.70, Large Flavoured hot chocolate - Vanilla - 2.90, Large Speciality Tea - Green - 1.60",10.4,CASH,
09/09/2021 10:39,Brighton,Charles Caverly,Regular Hot Chocolate - 1.40,1.4,CASH,
09/09/2021 10:40,Brighton,Louis Taylor,"Large Flavoured hot chocolate - Vanilla - 2.90, Large Flavoured hot chocolate - Vanilla - 2.90, Regular Speciality Tea - Green - 1.30, Large Flavoured hot chocolate - Vanilla - 2.90",10.0,CARD,5583957828718648
09/09/2021 10:42,Brighton,Margaret Mcmullen,Large Hot Chocolate - 1.70,1.7,CARD,6597528258663911
09/09/2021 10:43,Brighton,Kris Keena,"Regular Hot Chocolate - 1.40, Regular Speciality Tea - Green - 1.30",2.7,CARD,8536221560755427
09/09/2021 10:45,Brighton,Steven Maxfield,"Large Flavoured iced latte - Caramel - 3.25, Large Hot Chocolate - 1.70, Large Hot Chocolate - 1.70, Large Flavoured hot chocolate - Vanilla - 2.90, Regular Flavoured iced latte - Caramel - 2.75",12.3,CARD,1387580876813241
09/09/2021 10:46,Brighton,John Delisio,"Regular Hot Chocolate - 1.40, Regular Flavoured hot chocolate - Vanilla - 2.60",4.0,CARD,6587750779633617
09/09/2021 10:48,Brighton,Cory Bynum,"Large Flavoured iced latte - Caramel - 3.25, Regular Hot Chocolate - 1.40, Regular Flavoured hot chocolate - Vanilla - 2.60, Regular Hot Chocolate - 1.40, Regular Speciality Tea - Green - 1.30, Regular Flavoured hot chocolate - Vanilla - 2.60",12.55,CASH,
09/09/2021 10:49,Brighton,Theresa Young,Regular Hot Chocolate - 1.40,1.4,CARD,3431702708497317
09/09/2021 10:51,Brighton,Charlie Hale,"Large Flavoured iced latte - Caramel - 3.25, Large Flavoured iced latte - Caramel - 3.25, Regular Flavoured hot chocolate - Vanilla - 2.60, Large Hot Chocolate - 1.70",10.8,CASH,
09/09/2021 10:52,Brighton,Billie Poitier,"Large Speciality Tea - Green - 1.60, Regular Hot Chocolate - 1.40, Large Flavoured hot chocolate - Vanilla - 2.90, Large Hot Chocolate - 1.70",7.6,CARD,6451471819443733
09/09/2021 10:54,Brighton,Stephen Pichardo,"Large Hot Chocolate - 1.70, Large Flavoured hot chocolate - Vanilla - 2.90",4.6,CARD,7892269858109776
09/09/2021 10:55,Brighton,Maribel Harmon,"Regular Flavoured hot chocolate - Vanilla - 2.60, Large Flavoured iced latte - Caramel - 3.25, Regular Flavoured hot chocolate - Vanilla - 2.60, Large Flavoured hot chocolate - Vanilla - 2.90",11.35,CARD,5121093055562598
09/09/2021 10:56,Brighton,Adele Frisbie,Regular Flavoured hot chocolate - Vanilla - 2.60,2.6,CARD,2795905383862423
09/09/2021 10:58,Brighton,Rick Johnson,Large Hot Chocolate - 1.70,1.7,CASH,
09/09/2021 10:59,Brighton,Kimberly Viera,"Regular Flavoured iced latte - Caramel - 2.75, Regular Speciality Tea - Green - 1.30, Regular Flavoured hot chocolate - Vanilla - 2.60",6.65,CARD,8086210291224096
09/09/2021 11:01,Brighton,Joel Pearson,"Large Flavoured hot chocolate - Vanilla - 2.90, Regular Hot Chocolate - 1.40, Regular Speciality Tea - Green - 1.30, Large Speciality Tea - Green - 1.60, Large Hot Chocolate - 1.70",8.9,CASH,
09/09/2021 11:03,Brighton,Timothy Pruitt,"Large Hot Chocolate - 1.70, Regular Hot Chocolate - 1.40, Regular Hot Chocolate - 1.40, Regular Hot Chocolate - 1.40",5.9,CARD,7040098060457586
09/09/2021 11:04,Brighton,Paul Cranford,Large Flavoured hot chocolate - Vanilla - 2.90,2.9,CASH,
09/09/2021 11:06,Brighton,Patricia Hardison,"Large Flavoured iced latte - Caramel - 3.25, Large Hot Chocolate - 1.70",4.95,CARD,1520146630317680
09/09/2021 11:08,Brighton,Anna Donaldson,"Large Hot Chocolate - 1.70, Regular Flavoured hot chocolate - Vanilla - 2.60, Large Hot Chocolate - 1.70",6.0,CASH,
09/09/2021 11:10,Brighton,Teresa Perkins,"Large Flavoured iced latte - Caramel - 3.25, Regular Flavoured iced latte - Caramel - 2.75, Regular Speciality Tea - Green - 1.30",7.3,CASH,
09/09/2021 11:12,Brighton,George Blau,"Regular Flavoured iced latte - Caramel - 2.75, Large Speciality Tea - Green - 1.60",4.35,CARD,7920140960286573
09/09/2021 11:13,Brighton,Robert Grant,"Large Flavoured hot chocolate - Vanilla - 2.90, Regular Hot Chocolate - 1.40, Large Flavoured hot chocolate - Vanilla - 2.90",7.2,CARD,1244474148072207
09/09/2021 11:15,Brighton,Christopher Lico,"Large Flavoured hot chocolate - Vanilla - 2.90, Large Flavoured hot chocolate - Vanilla - 2.90",5.8,CASH,
09/09/2021 11:17,Brighton,Lee Baker,Regular Flavoured iced latte - Caramel - 2.75,2.75,CARD,4966015862875398
09/09/2021 11:19,Brighton,Drew Howell,"Regular Flavoured iced latte - Caramel - 2.75, Regular Flavoured iced latte - Caramel - 2.75, Regular Speciality Tea - Green - 1.30, Regular Hot Chocolate - 1.40",8.2,CARD,7359888538455891
09/09/2021 11:21,Brighton,Laurie Keith,Regular Flavoured iced latte - Caramel - 2.75,2.75,CARD,8419971156883321
09/09/2021 11:23,Brighton,Connie Largent,Large Flavoured iced latte - Caramel - 3.25,3.25,CARD,1640372346598754
09/09/2021 11:24,Brighton,Tony Andrews,Regular Hot Chocolate - 1.40,1.4,CARD,6280750090057630
09/09/2021 11:26,Brighton,Bronwyn Malone,"Large Flavoured iced latte - Caramel - 3.25, Large Speciality Tea - Green - 1.60, Large Speciality Tea - Green - 1.60, Regular Hot Chocolate - 1.40, Large Flavoured hot chocolate - Vanilla - 2.90",10.75,CARD,7344088393274619
09/09/2021 11:28,Brighton,Kent Hageman,"Large Speciality Tea - Green - 1.60, Regular Hot Chocolate - 1.40",3.0,CARD,5211061599355459
09/09/2021 11:30,Brighton,Sal Stanley,"Large Flavoured hot chocolate - Vanilla - 2.90, Large Hot Chocolate - 1.70",4.6,CARD,9420765972943725
09/09/2021 11:32,Brighton,Kim Sanchez,Regular Flavoured hot chocolate - Vanilla - 2.60,2.6,CASH,
09/09/2021 11:33,Brighton,Henry Gildner,"Large Flavoured iced latte - Caramel - 3.25, Large Flavoured hot chocolate - Vanilla - 2.90",6.15,CARD,5626045038561360
09/09/2021 11:35,Brighton,Sharla Evans,Large Hot Chocolate - 1.70,1.7,CASH,
09/09/2021 11:37,Brighton,Josefina Morrissey,"Large Flavoured iced latte - Caramel - 3.25, Large Flavoured iced latte - Caramel - 3.25, Large Hot Chocolate - 1.70",8.2,CASH,
09/09/2021 11:39,Brighton,Jennifer Head,"Large Flavoured hot chocolate - Vanilla - 2.90, Regular Flavoured hot chocolate - Vanilla - 2.60, Regular Speciality Tea - Green - 1.30, Large Flavoured hot chocolate - Vanilla - 2.90, Large Speciality Tea - Green - 1.60",11.3,CARD,2384582109542862
09/09/2021 11:41,Brighton,Robert Fergerson,"Regular Flavoured hot chocolate - Vanilla - 2.60, Large Flavoured iced latte - Caramel - 3.25, Large Speciality Tea - Green - 1.60, Regular Flavoured iced latte - Caramel - 2.75",10.2,CARD,6516556896207229
09/09/2021 11:43,Brighton,Wendi Felix,Regular Hot Chocolate - 1.40,1.4,CASH,
09/09/2021 11:44,Brighton,Adolfo Gonzalez,"Large Hot Chocolate - 1.70, Regular Flavoured hot chocolate - Vanilla - 2.60",4.3,CASH,
09/09/2021 11:46,Brighton,Edith Czarnecki,Large Speciality Tea - Green - 1.60,1.6,CARD,4551314394808111
09/09/2021 11:48,Brighton,Joseph Wilkerson,Regular Speciality Tea - Green - 1.30,1.3,CARD,8336180365745390
09/09/2021 11:50,Brighton,Roger Rice,"Regular Flavoured iced latte - Caramel - 2.75, Large Hot Chocolate - 1.70",4.45,CASH,
09/09/2021 11:52,Brighton,Danuta Egan,"Large Flavoured hot chocolate - Vanilla - 2.90, Large Flavoured iced latte - Caramel - 3.25, Regular Flavoured hot chocolate - Vanilla - 2.60, Large Flavoured hot chocolate - Vanilla - 2.90",11.65,CARD,9594796284910222
09/09/2021 11:53,Brighton,Raymond Leon,"Regular Hot Chocolate - 1.40, Regular Flavoured hot chocolate - Vanilla - 2.60, Regular Flavoured iced latte - Caramel - 2.75, Regular Flavoured iced latte - Caramel - 2.75, Large Flavoured hot chocolate - Vanilla - 2.90",12.4,CARD,1214164568705350
09/09/2021 11:55,Brighton,Leonard Sipe,"Regular Hot Chocolate - 1.40, Large Hot Chocolate - 1.70",3.1,CARD,4927962572642740
09/09/2021 11:57,Brighton,Cheryl Harvey,"Regular Flavoured iced latte - Caramel - 2.75, Large Speciality Tea - Green - 1.60",4.35,CARD,5820648005433760
09/09/2021 11:59,Brighton,Victoria Ferrufino,"Large Hot Chocolate - 1.70, Large Speciality Tea - Green - 1.60, Regular Hot Chocolate - 1.40, Large Hot Chocolate - 1.70, Regular Flavoured hot chocolate - Vanilla - 2.60",9.0,CASH,
09/09/2021 12:01,Brighton,Wendy Mccoy,"Regular Speciality Tea - Green - 1.30, Large Flavoured iced latte - Caramel - 3.25, Large Hot Chocolate - 1.70",6.25,CARD,2956301147109084
09/09/2021 12:11,Brighton,Anthony Ahner,"Regular Speciality Tea - Green - 1.30, Large Hot Chocolate - 1.70, Large Flavoured hot chocolate - Vanilla - 2.90",5.9,CARD,4468325393588922
09/09/2021 12:21,Brighton,Anthony Alexander,Regular Hot Chocolate - 1.40,1.4,CARD,7095852893241992
09/09/2021 12:31,Brighton,Ethel Koffler,"Large Hot Chocolate - 1.70, Regular Speciality Tea - Green - 1.30",3.0,CARD,7322955818288629
09/09/2021 12:41,Brighton,Mario Reid,"Regular Hot Chocolate - 1.40, Regular Hot Chocolate - 1.40, Regular Flavoured iced latte - Caramel - 2.75, Large Flavoured hot chocolate - Vanilla - 2.90",8.45,CASH,
09/09/2021 12:51,Brighton,Mike Fontana,"Large Speciality Tea - Green - 1.60, Large Flavoured hot chocolate - Vanilla - 2.90, Large Hot Chocolate - 1.70, Large Flavoured hot chocolate - Vanilla - 2.90",9.1,CARD,5419840113198691
09/09/2021 13:01,Brighton,Marc Corey,"Large Hot Chocolate - 1.70, Large Flavoured hot chocolate - Vanilla - 2.90, Regular Speciality Tea - Green - 1.30, Regular Speciality Tea - Green - 1.30",7.2,CASH,
09/09/2021 13:03,Brighton,Laura Disalvo,Large Flavoured hot chocolate - Vanilla - 2.90,2.9,CARD,5381973676611729
09/09/2021 13:06,Brighton,Ida Ellis,Large Flavoured hot chocolate - Vanilla - 2.90,2.9,CASH,
09/09/2021 13:08,Brighton,Deborah Boucher,"Regular Speciality Tea - Green - 1.30, Large Speciality Tea - Green - 1.60",2.9,CASH,
09/09/2021 13:10,Brighton,Sherry Buzard,"Large Hot Chocolate - 1.70, Large Flavoured hot chocolate - Vanilla - 2.90, Regular Flavoured iced latte - Caramel - 2.75, Large Flavoured iced latte - Caramel - 3.25",10.6,CARD,5793813427195667
09/09/2021 13:13,Brighton,Ashley Gathers,"Regular Speciality Tea - Green - 1.30, Large Hot Chocolate - 1.70, Large Flavoured iced latte - Caramel - 3.25",6.25,CARD,6383677233941403
09/09/2021 13:15,Brighton,Betty Mosley,"Large Flavoured hot chocolate - Vanilla - 2.90, Large Speciality Tea - Green - 1.60, Large Flavoured hot chocolate - Vanilla - 2.90",7.4,CARD,8598335558269670
09/09/2021 13:18,Brighton,Cheryl Seale,"Large Hot Chocolate - 1.70, Regular Speciality Tea - Green - 1.30",3.0,CARD,8507243140048375
09/09/2021 13:20,Brighton,Barbara Rose,"Large Flavoured iced latte - Caramel - 3.25, Regular Flavoured hot chocolate - Vanilla - 2.60, Regular Hot Chocolate - 1.40, Regular Flavoured hot chocolate - Vanilla - 2.60, Large Flavoured hot chocolate - Vanilla - 2.90, Regular Speciality Tea - Green - 1.30",14.05,CARD,9649057904623196
09/09/2021 13:22,Brighton,Mafalda Richardson,"Regular Flavoured hot chocolate - Vanilla - 2.60, Regular Hot Chocolate - 1.40, Large Speciality Tea - Green - 1.60, Large Flavoured hot chocolate - Vanilla - 2.90",8.5,CASH,
09/09/2021 13:25,Brighton,Pauline Cool,"Regular Hot Chocolate - 1.40, Large Flavoured iced latte - Caramel - 3.25",4.65,CARD,7254637702636623
09/09/2021 13:27,Brighton,Jason Musick,"Regular Flavoured iced latte - Caramel - 2.75, Large Hot Chocolate - 1.70, Regular Hot Chocolate - 1.40",5.85,CARD,9732105439765334
09/09/2021 13:30,Brighton,Nannette Campbell,"Regular Flavoured iced latte - Caramel - 2.75, Regular Flavoured hot chocolate - Vanilla - 2.60",5.35,CARD,3449795258679032
09/09/2021 13:32,Brighton,William Martinez,"Regular Hot Chocolate - 1.40, Regular Hot Chocolate - 1.40, Regular Flavoured iced latte - Caramel - 2.75, Large Flavoured iced latte - Caramel - 3.25, Large Hot Chocolate - 1.70",10.5,CARD,2454964425164879
09/09/2021 13:34,Brighton,Troy Hackworth,"Regular Speciality Tea - Green - 1.30, Regular Flavoured iced latte - Caramel - 2.75, Large Flavoured hot chocolate - Vanilla - 2.90, Regular Flavoured iced latte - Caramel - 2.75",9.7,CARD,2343025598224173
09/09/2021 13:37,Brighton,Rose Lantz,Regular Speciality Tea - Green - 1.30,1.3,CASH,
09/09/2021 13:39,Brighton,Sharon Belcher,Regular Speciality Tea - Green - 1.30,1.3,CARD,5113189654199698
09/09/2021 13:42,Brighton,Diane Beall,Regular Hot Chocolate - 1.40,1.4,CARD,6003087916246588
09/09/2021 13:44,Brighton,Jason Pratt,"Regular Flavoured hot chocolate - Vanilla - 2.60, Regular Hot Chocolate - 1.40, Large Hot Chocolate - 1.70, Regular Flavoured hot chocolate - Vanilla - 2.60, Regular Flavoured hot chocolate - Vanilla - 2.60",10.9,CARD,7669842750324457
09/09/2021 13:46,Brighton,Katherine Dawes,Regular Flavoured iced latte - Caramel - 2.75,2.75,CARD,4485061535554127
09/09/2021 13:49,Brighton,Kevin Odell,"Regular Flavoured iced latte - Caramel - 2.75, Large Flavoured hot chocolate - Vanilla - 2.90",5.65,CASH,
09/09/2021 13:51,Brighton,John Houston,"Large Flavoured hot chocolate - Vanilla - 2.90, Regular Flavoured hot chocolate - Vanilla - 2.60",5.5,CARD,1838876423871792
09/09/2021 13:54,Brighton,Boyd Skinner,"Regular Flavoured hot chocolate - Vanilla - 2.60, Regular Hot Chocolate - 1.40",4.0,CARD,4876273341545318
09/09/2021 13:56,Brighton,Francis Cooper,"Regular Flavoured hot chocolate - Vanilla - 2.60, Large Flavoured hot chocolate - Vanilla - 2.90, Large Flavoured hot chocolate - Vanilla - 2.90, Large Flavoured hot chocolate - Vanilla - 2.90",11.3,CASH,
09/09/2021 13:58,Brighton,Philip Cramblit,Regular Flavoured hot chocolate - Vanilla - 2.60,2.6,CARD,2414582915763624
09/09/2021 14:01,Brighton,Michael Schnee,"Regular Speciality Tea - Green - 1.30, Large Flavoured hot chocolate - Vanilla - 2.90",4.2,CARD,8513654861424168
09/09/2021 14:02,Brighton,Joesph Pope,Regular Speciality Tea - Green - 1.30,1.3,CARD,3480780878088650
09/09/2021 14:03,Brighton,Estella Ferrel,"Regular Flavoured hot chocolate - Vanilla - 2.60, Regular Hot Chocolate - 1.40, Large Flavoured iced latte - Caramel - 3.25, Regular Flavoured iced latte - Caramel - 2.75",10.0,CARD,3475040527472111
09/09/2021 14:04,Brighton,Mabel Gonzales,"Regular Hot Chocolate - 1.40, Large Speciality Tea - Green - 1.60",3.0,CARD,3274856118484117
09/09/2021 14:05,Brighton,Joseph Shelton,"Large Flavoured iced latte - Caramel - 3.25, Regular Flavoured hot chocolate - Vanilla - 2.60",5.85,CASH,
09/09/2021 14:06,Brighton,Lois Moore,Large Flavoured hot chocolate - Vanilla - 2.90,2.9,CARD,8729594061193445
09/09/2021 14:07,Brighton,Albert Sculley,Large Speciality Tea - Green - 1.60,1.6,CARD,9419860597389904
09/09/2021 14:08,Brighton,James Moberg,"Large Flavoured iced latte - Caramel - 3.25, Large Speciality Tea - Green - 1.60",4.85,CARD,1865050930558706
09/09/2021 14:09,Brighton,John Esquivel,"Large Speciality Tea - Green - 1.60, Large Speciality Tea - Green - 1.60",3.2,CASH,
09/09/2021 14:10,Brighton,Frances Matteson,"Large Hot Chocolate - 1.70, Large Flavoured iced latte - Caramel - 3.25, Large Hot Chocolate - 1.70, Regular Flavoured iced latte - Caramel - 2.75, Regular Hot Chocolate - 1.40",10.8,CARD,5867049494543495
09/09/2021 14:11,Brighton,Samuel Davis,"Large Flavoured iced latte - Caramel - 3.25, Large Flavoured hot chocolate - Vanilla - 2.90, Large Hot Chocolate - 1.70",7.85,CASH,
09/09/2021 14:12,Brighton,Matthew Allen,Regular Flavoured hot chocolate - Vanilla - 2.60,2.6,CARD,3683880926320115
09/09/2021 14:13,Brighton,Gregory Caddick,"Large Speciality Tea - Green - 1.60, Regular Flavoured hot chocolate - Vanilla - 2.60, Large Flavoured hot chocolate - Vanilla - 2.90",7.1,CASH,
09/09/2021 14:14,Brighton,Alexandra Ochoa,Large Flavoured hot chocolate - Vanilla - 2.90,2.9,CARD,1983869431122529
09/09/2021 14:15,Brighton,Humberto Gaydosh,"Regular Flavoured hot chocolate - Vanilla - 2.60, Large Flavoured hot chocolate - Vanilla - 2.90, Large Flavoured iced latte - Caramel - 3.25, Large Speciality Tea - Green - 1.60, Large Hot Chocolate - 1.70",12.05,CARD,9691318384425020
09/09/2021 14:16,Brighton,Sarah Murphy,"Large Flavoured hot chocolate - Vanilla - 2.90, Regular Speciality Tea - Green - 1.30",4.2,CASH,
09/09/2021 14:18,Brighton,Darlene Martinez,"Large Hot Chocolate - 1.70, Large Flavoured iced latte - Caramel - 3.25, Regular Hot Chocolate - 1.40",6.35,CARD,4198928133207561
09/09/2021 14:19,Brighton,Joanne Frisby,"Large Speciality Tea - Green - 1.60, Large Flavoured iced latte - Caramel - 3.25, Large Flavoured hot chocolate - Vanilla - 2.90, Large Speciality Tea - Green - 1.60, Regular Speciality Tea - Green - 1.30, Large Speciality Tea - Green - 1.60",12.25,CASH,
09/09/2021 14:20,Brighton,Virginia Smith,Regular Flavoured iced latte - Caramel - 2.75,2.75,CARD,5759772415018281
09/09/2021 14:21,Brighton,Jason Courson,Large Flavoured hot chocolate - Vanilla - 2.90,2.9,CARD,2830555268632935
09/09/2021 14:22,Brighton,Kenneth Fisher,"Regular Hot Chocolate - 1.40, Regular Flavoured hot chocolate - Vanilla - 2.60, Regular Flavoured iced latte - Caramel - 2.75, Regular Hot Chocolate - 1.40, Regular Flavoured iced latte - Caramel - 2.75",10.9,CARD,5909679939894144
09/09/2021 14:23,Brighton,Harry Smallwood,"Large Hot Chocolate - 1.70, Regular Flavoured iced latte - Caramel - 2.75",4.45,CARD,6020705597469101
09/09/2021 14:24,Brighton,Mae Pineda,"Large Speciality Tea - Green - 1.60, Regular Flavoured iced latte - Caramel - 2.75, Regular Speciality Tea - Green - 1.30",5.65,CASH,
09/09/2021 14:25,Brighton,Melissa Guererro,"Regular Flavoured iced latte - Caramel - 2.75, Regular Speciality Tea - Green - 1.30, Large Flavoured iced latte - Caramel - 3.25",7.3,CASH,
09/09/2021 14:26,Brighton,Paul Cavallaro,Large Flavoured iced latte - Caramel - 3.25,3.25,CASH,
09/09/2021 14:27,Brighton,Jessica Pearson,"Large Flavoured hot chocolate - Vanilla - 2.90, Regular Flavoured iced latte - Caramel - 2.75, Large Speciality Tea - Green - 1.60",7.25,CARD,3089151782023140
09/09/2021 14:28,Brighton,Karl Gattshall,"Regular Speciality Tea - Green - 1.30, Regular Flavoured hot chocolate - Vanilla - 2.60, Large Speciality Tea - Green - 1.60, Regular Speciality Tea - Green - 1.30",6.8,CARD,8721143094937482
09/09/2021 14:29,Brighton,Latisha Johnson,"Regular Speciality Tea - Green - 1.30, Large Speciality Tea - Green - 1.60",2.9,CARD,4890250777486427
09/09/2021 14:30,Brighton,Stephen Burrington,Regular Flavoured iced latte - Caramel - 2.75,2.75,CARD,6920383264831829
09/09/2021 14:31,Brighton,Donald Palmer,Regular Speciality Tea - Green - 1.30,1.3,CARD,2869418448926612
09/09/2021 14:32,Brighton,Ricky Cribbs,"Large Flavoured iced latte - Caramel - 3.25, Large Hot Chocolate - 1.70, Regular Flavoured hot chocolate - Vanilla - 2.60, Large Hot Chocolate - 1.70, Regular Hot Chocolate - 1.40",10.65,CARD,8478564667845284
09/09/2021 14:33,Brighton,Karen Porter,Regular Speciality Tea - Green - 1.30,1.3,CASH,
09/09/2021 14:34,Brighton,Evelyn Binion,"Regular Hot Chocolate - 1.40, Large Flavoured iced latte - Caramel - 3.25, Large Speciality Tea - Green - 1.60",6.25,CARD,1783308051290501
09/09/2021 14:35,Brighton,William Parker,"Regular Flavoured hot chocolate - Vanilla - 2.60, Large Flavoured hot chocolate - Vanilla - 2.90, Large Speciality Tea - Green - 1.60, Large Flavoured hot chocolate - Vanilla - 2.90",10.0,CARD,8592527312739848
09/09/2021 14:36,Brighton,Will Enfinger,"Regular Hot Chocolate - 1.40, Regular Hot Chocolate - 1.40, Regular Flavoured hot chocolate - Vanilla - 2.60, Large Speciality Tea - Green - 1.60, Large Flavoured iced latte - Caramel - 3.25, Regular Flavoured iced latte - Caramel - 2.75",13.0,CASH,
09/09/2021 14:37,Brighton,Christopher Dueber,"Large Flavoured iced latte - Caramel - 3.25, Regular Hot Chocolate - 1.40",4.65,CARD,2402209855949578
09/09/2021 14:39,Brighton,Carl Ralston,"Regular Hot Chocolate - 1.40, Regular Hot Chocolate - 1.40, Regular Flavoured hot chocolate - Vanilla - 2.60",5.4,CARD,8797505394842633
09/09/2021 14:40,Brighton,George Smith,Regular Flavoured hot chocolate - Vanilla - 2.60,2.6,CARD,8623801966267608
09/09/2021 14:41,Brighton,Denise Harding,"Regular Flavoured hot chocolate - Vanilla - 2.60, Large Flavoured hot chocolate - Vanilla - 2.90",5.5,CASH,
09/09/2021 14:42,Brighton,John Sones,"Large Hot Chocolate - 1.70, Large Speciality Tea - Green - 1.60, Regular Flavoured hot chocolate - Vanilla - 2.60",5.9,CASH,
09/09/2021 14:43,Brighton,Elias Mcintire,"Large Hot Chocolate - 1.70, Regular Flavoured hot chocolate - Vanilla - 2.60, Large Flavoured iced latte - Caramel - 3.25, Large Speciality Tea - Green - 1.60",9.15,CARD,1745661245608912
09/09/2021 14:44,Brighton,Henry Splawn,Regular Flavoured iced latte - Caramel - 2.75,2.75,CARD,6298959286078137
09/09/2021 14:45,Brighton,Marguerite Goldstein,"Regular Flavoured iced latte - Caramel - 2.75, Regular Flavoured hot chocolate - Vanilla - 2.60, Regular Hot Chocolate - 1.40, Regular Speciality Tea - Green - 1.30",8.05,CASH,
09/09/2021 14:46,Brighton,Candelaria Higginbotham,"Large Flavoured hot chocolate - Vanilla - 2.90, Regular Hot Chocolate - 1.40",4.3,CARD,6585954445940320
09/09/2021 14:47,Brighton,Jose Sylvester,"Regular Flavoured iced latte - Caramel - 2.75, Regular Hot Chocolate - 1.40, Large Speciality Tea - Green - 1.60, Large Hot Chocolate - 1.70",7.45,CARD,7960758727903327
09/09/2021 14:48,Brighton,Jane Shearin,Regular Flavoured hot chocolate - Vanilla - 2.60,2.6,CARD,5663528758912140
09/09/2021 14:49,Brighton,Gene Brown,"Regular Speciality Tea - Green - 1.30, Regular Hot Chocolate - 1.40, Regular Hot Chocolate - 1.40, Regular Flavoured iced latte - Caramel - 2.75",6.85,CASH,
09/09/2021 14:50,Brighton,Bonnie Thomas,"Large Flavoured iced latte - Caramel - 3.25, Regular Flavoured hot chocolate - Vanilla - 2.60, Large Hot Chocolate - 1.70",7.55,CARD,1078924729183510
09/09/2021 14:51,Brighton,Sarah Merrill,"Regular Speciality Tea - Green - 1.30, Large Speciality Tea - Green - 1.60",2.9,CARD,2723108594508721
09/09/2021 14:52,Brighton,Max Deblase,"Regular Speciality Tea - Green - 1.30, Large Speciality Tea - Green - 1.60",2.9,CASH,
09/09/2021 14:53,Brighton,Michael Tucker,"Large Flavoured iced latte - Caramel - 3.25, Regular Hot Chocolate - 1.40, Regular Speciality Tea - Green - 1.30",5.95,CARD,9280018596799374
09/09/2021 14:54,Brighton,Claire Nelson,Regular Flavoured hot chocolate - Vanilla - 2.60,2.6,CARD,2836848622997763
09/09/2021 14:55,Brighton,Mike Polson,"Large Flavoured iced latte - Caramel - 3.25, Large Speciality Tea - Green - 1.60, Large Flavoured hot chocolate - Vanilla - 2.90",7.75,CARD,9469469677760552
09/09/2021 14:56,Brighton,Chad Stout,"Regular Hot Chocolate - 1.40, Large Flavoured hot chocolate - Vanilla - 2.90, Regular Speciality Tea - Green - 1.30, Large Flavoured hot chocolate - Vanilla - 2.90",8.5,CARD,8954470341123843
09/09/2021 14:57,Brighton,Michael Gonzalez,"Regular Flavoured hot chocolate - Vanilla - 2.60, Regular Speciality Tea - Green - 1.30",3.9,CARD,9279554748129048
09/09/2021 14:58,Brighton,Laurice Cooper,"Regular Flavoured hot chocolate - Vanilla - 2.60, Large Speciality Tea - Green - 1.60, Regular Flavoured iced latte - Caramel - 2.75, Regular Flavoured hot chocolate - Vanilla - 2.60, Large Speciality Tea - Green - 1.60",11.15,CARD,4626534787072907
09/09/2021 15:00,Brighton,Daniel Roswell,Regular Speciality Tea - Green - 1.30,1.3,CARD,3015336110110236
09/09/2021 15:00,Brighton,John Redmon,"Regular Hot Chocolate - 1.40, Large Flavoured hot chocolate - Vanilla - 2.90, Regular Flavoured hot chocolate - Vanilla - 2.60, Regular Speciality Tea - Green - 1.30, Large Hot Chocolate - 1.70",9.9,CASH,
09/09/2021 15:01,Brighton,Joyce Saville,"Large Speciality Tea - Green - 1.60, Regular Flavoured hot chocolate - Vanilla - 2.60, Regular Flavoured iced latte - Caramel - 2.75, Regular Flavoured iced latte - Caramel - 2.75, Regular Flavoured iced latte - Caramel - 2.75, Large Flavoured hot chocolate - Vanilla - 2.90",15.35,CASH,
09/09/2021 15:02,Brighton,Benjamin Savage,Large Flavoured hot chocolate - Vanilla - 2.90,2.9,CARD,1001795622740050
09/09/2021 15:03,Brighton,Charles Cohen,"Regular Flavoured hot chocolate - Vanilla - 2.60, Large Speciality Tea - Green - 1.60, Large Hot Chocolate - 1.70, Large Flavoured hot chocolate - Vanilla - 2.90",8.8,CASH,
09/09/2021 15:04,Brighton,David Rausch,"Large Flavoured iced latte - Caramel - 3.25, Large Hot Chocolate - 1.70",4.95,CASH,
09/09/2021 15:05,Brighton,Ronald Anderson,"Large Speciality Tea - Green - 1.60, Regular Flavoured iced latte - Caramel - 2.75",4.35,CASH,
09/09/2021 15:06,Brighton,Gary Johnson,"Regular Speciality Tea - Green - 1.30, Regular Flavoured iced latte - Caramel - 2.75, Large Flavoured iced latte - Caramel - 3.25, Large Hot Chocolate - 1.70",9.0,CASH,
09/09/2021 15:07,Brighton,Jennifer Gonzales,"Large Flavoured hot chocolate - Vanilla - 2.90, Regular Flavoured hot chocolate - Vanilla - 2.60, Regular Flavoured hot chocolate - Vanilla - 2.60",8.1,CARD,3223559646993888
09/09/2021 15:07,Brighton,Mary Sisk,"Large Speciality Tea - Green - 1.60, Regular Flavoured hot chocolate - Vanilla - 2.60, Regular Flavoured iced latte - Caramel - 2.75, Large Flavoured iced latte - Caramel - 3.25",10.2,CARD,3461492010744481
09/09/2021 15:08,Brighton,Effie Cormier,Regular Flavoured hot chocolate - Vanilla - 2.60,2.6,CASH,
09/09/2021 15:09,Brighton,William Villanueva,Large Speciality Tea - Green - 1.60,1.6,CARD,5158451108577456
09/09/2021 15:10,Brighton,Terry Zeigler,"Large Flavoured iced latte - Caramel - 3.25, Large Hot Chocolate - 1.70, Regular Hot Chocolate - 1.40, Regular Hot Chocolate - 1.40",7.75,CASH,
09/09/2021 15:11,Brighton,Laura Eads,Large Hot Chocolate - 1.70,1.7,CASH,
09/09/2021 15:12,Brighton,Bart Powell,"Large Flavoured hot chocolate - Vanilla - 2.90, Regular Flavoured hot chocolate - Vanilla - 2.60",5.5,CARD,5209297633484753
09/09/2021 15:13,Brighton,Donald Burger,"Regular Speciality Tea - Green - 1.30, Large Flavoured iced latte - Caramel - 3.25",4.55,CARD,8743378004647388
09/09/2021 15:14,Brighton,Maria Prideaux,"Regular Flavoured hot chocolate - Vanilla - 2.60, Large Hot Chocolate - 1.70",4.3,CASH,
09/09/2021 15:14,Brighton,Freddy Chapman,"Large Flavoured hot chocolate - Vanilla - 2.90, Regular Hot Chocolate - 1.40",4.3,CARD,2727786444729005
09/09/2021 15:15,Brighton,John Jorgensen,Regular Flavoured hot chocolate - Vanilla - 2.60,2.6,CASH,
09/09/2021 15:16,Brighton,Shelby Frazier,"Large Hot Chocolate - 1.70, Regular Flavoured iced latte - Caramel - 2.75, Large Speciality Tea - Green - 1.60, Regular Flavoured hot chocolate - Vanilla - 2.60, Large Speciality Tea - Green - 1.60",10.25,CASH,
09/09/2021 15:17,Brighton,Dean Forman,"Regular Flavoured hot chocolate - Vanilla - 2.60, Regular Flavoured iced latte - Caramel - 2.75",5.35,CARD,9940449895876245
09/09/2021 15:18,Brighton,Jody Hahn,Large Flavoured iced latte - Caramel - 3.25,3.25,CASH,
09/09/2021 15:19,Brighton,John Germain,Regular Hot Chocolate - 1.40,1.4,CARD,4597336439801358
09/09/2021 15:20,Brighton,Warren Thibault,"Regular Hot Chocolate - 1.40, Regular Speciality Tea - Green - 1.30, Large Flavoured hot chocolate - Vanilla - 2.90, Large Flavoured iced latte - Caramel - 3.25, Regular Flavoured iced latte - Caramel - 2.75",11.6,CARD,2882896727131368
09/09/2021 15:21,Brighton,Jeremy Hall,"Regular Flavoured hot chocolate - Vanilla - 2.60, Large Flavoured hot chocolate - Vanilla - 2.90, Large Hot Chocolate - 1.70, Large Hot Chocolate - 1.70",8.9,CARD,1565946411689415
09/09/2021 15:21,Brighton,Colette Rogers,"Regular Hot Chocolate - 1.40, Large Hot Chocolate - 1.70, Regular Flavoured hot chocolate - Vanilla - 2.60, Large Flavoured iced latte - Caramel - 3.25, Regular Speciality Tea - Green - 1.30",10.25,CARD,3620714977910915
09/09/2021 15:22,Brighton,Lula Flood,"Regular Flavoured iced latte - Caramel - 2.75, Large Hot Chocolate - 1.70, Large Flavoured hot chocolate - Vanilla - 2.90, Large Hot Chocolate - 1.70, Regular Hot Chocolate - 1.40",10.45,CARD,8648283350314515
09/09/2021 15:23,Brighton,Angela Macneil,"Large Hot Chocolate - 1.70, Large Hot Chocolate - 1.70, Regular Flavoured iced latte - Caramel - 2.75, Regular Hot Chocolate - 1.40",7.55,CASH,
09/09/2021 15:24,Brighton,Mattie Blunt,"Regular Flavoured hot chocolate - Vanilla - 2.60, Regular Speciality Tea - Green - 1.30",3.9,CASH,
09/09/2021 15:25,Brighton,John Bullock,Large Flavoured hot chocolate - Vanilla - 2.90,2.9,CASH,
09/09/2021 15:26,Brighton,Elaine Taylor,"Large Hot Chocolate - 1.70, Large Hot Chocolate - 1.70, Regular Hot Chocolate - 1.40, Regular Flavoured iced latte - Caramel - 2.75",7.55,CARD,9234869792075108
09/09/2021 15:27,Brighton,Yvette Wetmore,"Large Hot Chocolate - 1.70, Large Flavoured hot chocolate - Vanilla - 2.90, Regular Hot Chocolate - 1.40, Large Speciality Tea - Green - 1.60, Large Speciality Tea - Green - 1.60, Regular Hot Chocolate - 1.40",10.6,CASH,
09/09/2021 15:28,Brighton,Ricardo Mccain,"Regular Flavoured iced latte - Caramel - 2.75, Regular Flavoured hot chocolate - Vanilla - 2.60",5.35,CARD,2578348491699949
09/09/2021 15:28,Brighton,Patsy Sparks,Regular Hot Chocolate - 1.40,1.4,CASH,
09/09/2021 15:29,Brighton,Zula Walton,"Large Flavoured iced latte - Caramel - 3.25, Regular Flavoured hot chocolate - Vanilla - 2.60, Regular Hot Chocolate - 1.40",7.25,CARD,3263489212821925
09/09/2021 15:30,Brighton,Brittany Taube,"Regular Flavoured hot chocolate - Vanilla - 2.60, Regular Flavoured hot chocolate - Vanilla - 2.60, Regular Flavoured iced latte - Caramel - 2.75, Regular Flavoured iced latte - Caramel - 2.75, Large Speciality Tea - Green - 1.60",12.3,CARD,8367788108013967
09/09/2021 15:31,Brighton,Pauline Henry,"Regular Speciality Tea - Green - 1.30, Regular Hot Chocolate - 1.40, Regular Speciality Tea - Green - 1.30",4.0,CARD,7136039844186886
09/09/2021 15:32,Brighton,Barbara Clark,"Large Flavoured iced latte - Caramel - 3.25, Regular Flavoured hot chocolate - Vanilla - 2.60",5.85,CASH,
09/09/2021 15:33,Brighton,Mary Semaan,"Regular Hot Chocolate - 1.40, Large Flavoured iced latte - Caramel - 3.25",4.65,CASH,
09/09/2021 15:34,Brighton,William Boudreau,"Large Flavoured iced latte - Caramel - 3.25, Large Speciality Tea - Green - 1.60",4.85,CARD,5961710405016954
09/09/2021 15:35,Brighton,Steve Rapp,Regular Flavoured hot chocolate - Vanilla - 2.60,2.6,CARD,2304613185670912
09/09/2021 15:36,Brighton,Gerald Byrom,Regular Hot Chocolate - 1.40,1.4,CARD,6395596034448236
09/09/2021 15:36,Brighton,Laurie Patterson,Regular Flavoured hot chocolate - Vanilla - 2.60,2.6,CARD,2061885983483356
09/09/2021 15:37,Brighton,Matthew Felix,"Regular Flavoured iced latte - Caramel - 2.75, Regular Speciality Tea - Green - 1.30, Large Flavoured hot chocolate - Vanilla - 2.90",6.95,CARD,1050991844645406
09/09/2021 15:38,Brighton,Marjorie Holsomback,"Large Flavoured iced latte - Caramel - 3.25, Regular Flavoured hot chocolate - Vanilla - 2.60",5.85,CARD,7342691204588332
09/09/2021 15:39,Brighton,Wendell Sakoda,Large Hot Chocolate - 1.70,1.7,CASH,
09/09/2021 15:40,Brighton,Stephanie Villalobos,Large Flavoured hot chocolate - Vanilla - 2.90,2.9,CASH,
09/09/2021 15:41,Brighton,Janet Arend,"Large Hot Chocolate - 1.70, Regular Speciality Tea - Green - 1.30, Regular Hot Chocolate - 1.40, Regular Flavoured hot chocolate - Vanilla - 2.60, Large Speciality Tea - Green - 1.60",8.6,CARD,1076726507772509
09/09/2021 15:42,Brighton,Donna Baker,"Large Hot Chocolate - 1.70, Regular Speciality Tea - Green - 1.30, Regular Flavoured hot chocolate - Vanilla - 2.60, Large Flavoured hot chocolate - Vanilla - 2.90, Large Flavoured iced latte - Caramel - 3.25",11.75,CARD,3661229539228341
09/09/2021 15:43,Brighton,Michael Stine,"Large Flavoured iced latte - Caramel - 3.25, Regular Flavoured hot chocolate - Vanilla - 2.60, Regular Flavoured hot chocolate - Vanilla - 2.60",8.45,CASH,
09/09/2021 15:43,Brighton,Phillip Burks,"Large Hot Chocolate - 1.70, Regular Speciality Tea - Green - 1.30",3.0,CARD,6093089951377001
09/09/2021 15:44,Brighton,Austin Sanchez,Regular Flavoured iced latte - Caramel - 2.75,2.75,CARD,9461733232585336
09/09/2021 15:45,Brighton,Suzanne Moss,"Large Speciality Tea - Green - 1.60, Large Hot Chocolate - 1.70, Regular Hot Chocolate - 1.40, Regular Flavoured iced latte - Caramel - 2.75, Regular Flavoured hot chocolate - Vanilla - 2.60",10.05,CARD,4218651717420927
09/09/2021 15:46,Brighton,Reva Rockwell,"Regular Flavoured hot chocolate - Vanilla - 2.60, Regular Flavoured iced latte - Caramel - 2.75, Regular Flavoured iced latte - Caramel - 2.75",8.1,CARD,2661305672584277
09/09/2021 15:47,Brighton,Anita Melito,Regular Speciality Tea - Green - 1.30,1.3,CARD,8506480135372203
09/09/2021 15:48,Brighton,Stan Sert,"Large Hot Chocolate - 1.70, Regular Speciality Tea - Green - 1.30, Regular Flavoured iced latte - Caramel - 2.75",5.75,CARD,3193729179535972
09/09/2021 15:49,Brighton,Leon Crislip,"Regular Flavoured iced latte - Caramel - 2.75, Regular Flavoured hot chocolate - Vanilla - 2.60, Regular Hot Chocolate - 1.40, Large Hot Chocolate - 1.70",8.45,CARD,7125196322205931
09/09/2021 15:50,Brighton,Willie Dingler,"Large Hot Chocolate - 1.70, Large Hot Chocolate - 1.70",3.4,CARD,3486704863247687
09/09/2021 15:50,Brighton,Leon Wyatt,"Regular Hot Chocolate - 1.40, Regular Hot Chocolate - 1.40, Large Flavoured hot chocolate - Vanilla - 2.90",5.7,CARD,1371441388378243
09/09/2021 15:51,Brighton,Socorro King,"Large Hot Chocolate - 1.70, Large Flavoured hot chocolate - Vanilla - 2.90, Large Speciality Tea - Green - 1.60, Regular Speciality Tea - Green - 1.30, Regular Speciality Tea - Green - 1.30",8.8,CARD,5184548131472608
09/09/2021 15:52,Brighton,Laverne Hoffman,"Large Flavoured iced latte - Caramel - 3.25, Regular Speciality Tea - Green - 1.30, Regular Flavoured iced latte - Caramel - 2.75",7.3,CARD,5122655186325082
09/09/2021 15:53,Brighton,Stephanie Gillespie,Large Speciality Tea - Green - 1.60,1.6,CARD,7827991409131383
09/09/2021 15:54,Brighton,Jeremy Walker,"Regular Hot Chocolate - 1.40, Large Speciality Tea - Green - 1.60",3.0,CARD,4547907161817567
09/09/2021 15:55,Brighton,Michael Hancock,Regular Speciality Tea - Green - 1.30,1.3,CARD,8643398703982630
09/09/2021 15:56,Brighton,Christine Ferguson,"Large Flavoured hot chocolate - Vanilla - 2.90, Regular Flavoured hot chocolate - Vanilla - 2.60, Regular Hot Chocolate - 1.40, Regular Hot Chocolate - 1.40, Regular Hot Chocolate - 1.40, Large Speciality Tea - Green - 1.60",11.3,CASH,
09/09/2021 15:57,Brighton,Kristen Nall,"Regular Flavoured hot chocolate - Vanilla - 2.60, Regular Hot Chocolate - 1.40, Large Speciality Tea - Green - 1.60",5.6,CARD,9312868673757833
09/09/2021 15:58,Brighton,Richard Thompson,"Regular Flavoured iced latte - Caramel - 2.75, Large Flavoured hot chocolate - Vanilla - 2.90",5.65,CARD,9983121696978035
09/09/2021 15:58,Brighton,James Wahl,"Regular Flavoured hot chocolate - Vanilla - 2.60, Regular Hot Chocolate - 1.40",4.0,CARD,4771772127727769
09/09/2021 15:59,Brighton,Leo Small,"Regular Flavoured hot chocolate - Vanilla - 2.60, Regular Speciality Tea - Green - 1.30, Regular Hot Chocolate - 1.40",5.3,CARD,3209405235332114
09/09/2021 16:00,Brighton,Leroy Patterson,"Large Flavoured hot chocolate - Vanilla - 2.90, Large Hot Chocolate - 1.70",4.6,CASH,
09/09/2021 16:02,Brighton,Karen Nelson,"Regular Flavoured iced latte - Caramel - 2.75, Large Hot Chocolate - 1.70, Regular Flavoured hot chocolate - Vanilla - 2.60",7.05,CARD,6438103236421106
09/09/2021 16:04,Brighton,Eddie Anderson,Regular Flavoured hot chocolate - Vanilla - 2.60,2.6,CARD,9158889097193094
09/09/2021 16:07,Brighton,Robyn Vazquez,"Regular Flavoured hot chocolate - Vanilla - 2.60, Large Flavoured iced latte - Caramel - 3.25, Large Speciality Tea - Green - 1.60, Large Hot Chocolate - 1.70, Large Flavoured hot chocolate - Vanilla - 2.90",12.05,CARD,6994752987225779
09/09/2021 16:09,Brighton,Tawana Everett,"Regular Speciality Tea - Green - 1.30, Regular Speciality Tea - Green - 1.30, Large Speciality Tea - Green - 1.60, Regular Flavoured hot chocolate - Vanilla - 2.60, Regular Flavoured hot chocolate - Vanilla - 2.60",9.4,CARD,4085382376023705
09/09/2021 16:11,Brighton,Julia Phillips,Regular Speciality Tea - Green - 1.30,1.3,CARD,3970767609447542
09/09/2021 16:13,Brighton,Brandy Oroark,"Large Hot Chocolate - 1.70, Regular Flavoured iced latte - Caramel - 2.75, Large Flavoured iced latte - Caramel - 3.25",7.7,CARD,5144538931027459
09/09/2021 16:15,Brighton,Heather Ayon,Large Flavoured hot chocolate - Vanilla - 2.90,2.9,CARD,4760900874404610
09/09/2021 16:17,Brighton,Moises Weis,"Large Flavoured hot chocolate - Vanilla - 2.90, Regular Hot Chocolate - 1.40, Regular Speciality Tea - Green - 1.30, Large Flavoured hot chocolate - Vanilla - 2.90",8.5,CARD,5454394579044852
09/09/2021 16:19,Brighton,Edward Kjar,Regular Speciality Tea - Green - 1.30,1.3,CASH,
09/09/2021 16:21,Brighton,Goldie Rivera,Regular Speciality Tea - Green - 1.30,1.3,CARD,4499983708610117
09/09/2021 16:24,Brighton,Robert White,Large Speciality Tea - Green - 1.60,1.6,CARD,3379578855590390
09/09/2021 16:26,Brighton,John Moreland,"Large Flavoured hot chocolate - Vanilla - 2.90, Large Hot Chocolate - 1.70, Large Flavoured hot chocolate - Vanilla - 2.90",7.5,CASH,
09/09/2021 16:28,Brighton,Margaret Small,Large Flavoured hot chocolate - Vanilla - 2.90,2.9,CARD,4308566790951286
09/09/2021 16:30,Brighton,Bobbi Romero,Regular Flavoured hot chocolate - Vanilla - 2.60,2.6,CASH,
09/09/2021 16:32,Brighton,Nina Parrott,"Regular Flavoured hot chocolate - Vanilla - 2.60, Regular Hot Chocolate - 1.40, Large Flavoured hot chocolate - Vanilla - 2.90, Regular Hot Chocolate - 1.40",8.3,CARD,5919742627521429
09/09/2021 16:34,Brighton,Carl Gonzalez,"Regular Speciality Tea - Green - 1.30, Large Speciality Tea - Green - 1.60",2.9,CARD,1878844836692799
09/09/2021 16:36,Brighton,Kristen Ferraro,"Large Speciality Tea - Green - 1.60, Regular Flavoured iced latte - Caramel - 2.75, Regular Flavoured hot chocolate - Vanilla - 2.60, Large Speciality Tea - Green - 1.60",8.55,CARD,5267041305805114
09/09/2021 16:39,Brighton,Emily Hill,"Large Flavoured iced latte - Caramel - 3.25, Large Hot Chocolate - 1.70, Large Flavoured hot chocolate - Vanilla - 2.90, Large Hot Chocolate - 1.70",9.55,CARD,7452774192238690
09/09/2021 16:41,Brighton,Randall Thompson,"Regular Flavoured hot chocolate - Vanilla - 2.60, Large Hot Chocolate - 1.70, Large Flavoured iced latte - Caramel - 3.25, Large Speciality Tea - Green - 1.60, Large Speciality Tea - Green - 1.60",10.75,CARD,4087086017256760
09/09/2021 16:43,Brighton,Carolyn Shaw,"Large Speciality Tea - Green - 1.60, Regular Hot Chocolate - 1.40, Regular Flavoured hot chocolate - Vanilla - 2.60, Large Hot Chocolate - 1.70, Regular Hot Chocolate - 1.40, Regular Speciality Tea - Green - 1.30",10.0,CARD,2888404523675801
09/09/2021 16:45,Brighton,Stacey Henriksen,"Large Hot Chocolate - 1.70, Regular Hot Chocolate - 1.40",3.1,CARD,9307518064614612
09/09/2021 16:47,Brighton,Joanna Christian,"Regular Hot Chocolate - 1.40, Regular Flavoured iced latte - Caramel - 2.75",4.15,CARD,3844567514931292
09/09/2021 16:49,Brighton,Erin Bak,"Large Flavoured hot chocolate - Vanilla - 2.90, Large Speciality Tea - Green - 1.60, Large Hot Chocolate - 1.70",6.2,CASH,
09/09/2021 16:51,Brighton,James Tagg,Large Flavoured hot chocolate - Vanilla - 2.90,2.9,CARD,5712954980516106
09/09/2021 16:53,Brighton,Joseph Fanter,"Regular Flavoured hot chocolate - Vanilla - 2.60, Large Hot Chocolate - 1.70, Large Hot Chocolate - 1.70, Regular Flavoured iced latte - Caramel - 2.75, Large Hot Chocolate - 1.70",10.45,CARD,4651475047987546
09/09/2021 16:56,Brighton,Eugene Sump,"Regular Hot Chocolate - 1.40, Large Speciality Tea - Green - 1.60, Large Hot Chocolate - 1.70, Regular Flavoured hot chocolate - Vanilla - 2.60, Regular Flavoured hot chocolate - Vanilla - 2.60",9.9,CARD,1702178136509048
09/09/2021 16:58,Brighton,James Adams,Large Flavoured hot chocolate - Vanilla - 2.90,2.9,CASH,
