09/09/2021 09:00,Edinburgh,Hannah Grant,"Large Speciality Tea - Earl Grey - 1.60, Large Mocha - 2.70, Large Speciality Tea - Fruit - 1.60",5.9,CARD,8438366322606687
09/09/2021 09:01,Edinburgh,Nancy Mills,Regular Speciality Tea - Earl Grey - 1.30,1.3,CARD,9290637142022612
09/09/2021 09:03,Edinburgh,David Francis,"Large Speciality Tea - Earl Grey - 1.60, Large Speciality Tea - Fruit - 1.60, Large Speciality Tea - Green - 1.60, Regular Flavoured iced latte - Hazelnut - 2.75",7.55,CARD,9701681369977820
09/09/2021 09:05,Edinburgh,Claude Stclair,"Regular Speciality Tea - Earl Grey - 1.30, Regular Speciality Tea - Green - 1.30",2.6,CASH,
09/09/2021 09:07,Edinburgh,William Briggs,"Large Flavoured iced latte - Hazelnut - 3.25, Large Mocha - 2.70, Large Smoothies - Glowing Greens - 2.50",8.45,CASH,
09/09/2021 09:09,Edinburgh,Tiffany Leetch,"Regular Smoothies - Carrot Kick - 2.00, Large Americano - 2.25, Large Smoothies - Carrot Kick - 2.50, Large Mocha - 2.70",9.45,CARD,1841446878942664
09/09/2021 09:10,Edinburgh,Chong Cesari,"Regular Smoothies - Glowing Greens - 2.00, Large Flavoured iced latte - Hazelnut - 3.25, Regular Americano - 1.95, Large Speciality Tea - Fruit - 1.60, Large Speciality Tea - Earl Grey - 1.60, Large Chai latte - 2.60",13.0,CARD,2200198303798413
09/09/2021 09:12,Edinburgh,Ray Mccormack,"Large Chai latte - 2.60, Regular Flavoured iced latte - Hazelnut - 2.75, Regular Speciality Tea - Green - 1.30",6.65,CARD,6753862203039806
09/09/2021 09:14,Edinburgh,Mary Robinson,"Regular Chai latte - 2.30, Large Speciality Tea - Earl Grey - 1.60",3.9,CARD,1368724431735333
09/09/2021 09:16,Edinburgh,Brittany Farmer,Regular Smoothies - Glowing Greens - 2.00,2.0,CARD,4905062157560382
09/09/2021 09:18,Edinburgh,Gustavo Morris,"Regular Smoothies - Glowing Greens - 2.00, Regular Speciality Tea - Fruit - 1.30",3.3,CARD,3246691226587282
09/09/2021 09:19,Edinburgh,Kim Bjorkman,Regular Speciality Tea - Fruit - 1.30,1.3,CARD,3959982716891365
09/09/2021 09:21,Edinburgh,Gregory Hayashi,"Regular Speciality Tea - Earl Grey - 1.30, Large Chai latte - 2.60, Large Flavoured latte - Hazelnut - 2.85",6.75,CASH,
09/09/2021 09:23,Edinburgh,Dianne Banning,"Large Mocha - 2.70, Large Speciality Tea - Green - 1.60, Large Speciality Tea - Earl Grey - 1.60",5.9,CARD,3158628028760192
09/09/2021 09:25,Edinburgh,Elwood Blazer,"Large Mocha - 2.70, Large Smoothies - Carrot Kick - 2.50",5.2,CARD,4252242388364933
09/09/2021 09:27,Edinburgh,James Jimenez,"Regular Americano - 1.95, Large Chai latte - 2.60, Regular Flavoured iced latte - Hazelnut - 2.75",7.3,CASH,
09/09/2021 09:29,Edinburgh,Kyle Trimble,"Large Americano - 2.25, Large Speciality Tea - Green - 1.60",3.85,CASH,
09/09/2021 09:30,Edinburgh,Bruce Griffith,"Large Speciality Tea - Earl Grey - 1.60, Large Mocha - 2.70, Large Chai latte - 2.60, Large Mocha - 2.70, Large Mocha - 2.70",12.3,CARD,4279895562664364
09/09/2021 09:32,Edinburgh,Erin Farmer,"Large Speciality Tea - Fruit - 1.60, Large Smoothies - Carrot Kick - 2.50, Regular Flavoured iced latte - Hazelnut - 2.75, Regular Mocha - 2.30, Regular Smoothies - Carrot Kick - 2.00, Large Speciality Tea - Earl Grey - 1.60",12.75,CARD,7468168105309086
09/09/2021 09:34,Edinburgh,Michael Walker,Large Mocha - 2.70,2.7,CARD,8520723568160072
09/09/2021 09:36,Edinburgh,Arlene Carter,"Large Speciality Tea - Green - 1.60, Regular Flavoured latte - Hazelnut - 2.55",4.15,CARD,9655755458760342
09/09/2021 09:38,Edinburgh,Jeffrey Scuderi,"Large Chai latte - 2.60, Large Smoothies - Carrot Kick - 2.50, Large Smoothies - Glowing Greens - 2.50, Regular Americano - 1.95, Large Mocha - 2.70",12.25,CASH,
09/09/2021 09:39,Edinburgh,John Buikema,"Large Flavoured iced latte - Hazelnut - 3.25, Large Chai latte - 2.60, Regular Flavoured iced latte - Hazelnut - 2.75, Large Speciality Tea - Earl Grey - 1.60, Regular Flavoured iced latte - Hazelnut - 2.75, Regular Flavoured latte - Hazelnut - 2.55",15.5,CASH,
09/09/2021 09:41,Edinburgh,Richard Hopkins,Regular Speciality Tea - Fruit - 1.30,1.3,CARD,7318972043832701
09/09/2021 09:43,Edinburgh,Randall Jones,"Regular Flavoured latte - Hazelnut - 2.55, Regular Smoothies - Glowing Greens - 2.00, Regular Flavoured latte - Hazelnut - 2.55, Large Speciality Tea - Green - 1.60, Regular Smoothies - Carrot Kick - 2.00, Regular Speciality Tea - Green - 1.30",12.0,CARD,9848328259630262
09/09/2021 09:45,Edinburgh,Josephine Lytch,Large Americano - 2.25,2.25,CARD,4932738260117688
09/09/2021 09:47,Edinburgh,Angela Johnston,"Large Flavoured iced latte - Hazelnut - 3.25, Large Smoothies - Carrot Kick - 2.50, Regular Smoothies - Carrot Kick - 2.00, Large Speciality Tea - Green - 1.60, Large Flavoured iced latte - Hazelnut - 3.25",12.6,CARD,7593383084086925
09/09/2021 09:49,Edinburgh,Kathryn Wiese,"Regular Speciality Tea - Green - 1.30, Regular Smoothies - Carrot Kick - 2.00, Regular Mocha - 2.30",5.6,CASH,
09/09/2021 09:50,Edinburgh,Madeline Hall,"Large Speciality Tea - Green - 1.60, Large Chai latte - 2.60, Large Americano - 2.25",6.45,CARD,2001426666779124
09/09/2021 09:52,Edinburgh,Debra Brighton,"Regular Speciality Tea - Fruit - 1.30, Regular Flavoured iced latte - Hazelnut - 2.75, Large Flavoured latte - Hazelnut - 2.85, Large Mocha - 2.70",9.6,CARD,4259190798322494
09/09/2021 09:54,Edinburgh,Albert Espinoza,"Regular Speciality Tea - Earl Grey - 1.30, Regular Speciality Tea - Earl Grey - 1.30",2.6,CARD,3514184990207674
09/09/2021 09:56,Edinburgh,Robert Hill,"Regular Flavoured iced latte - Hazelnut - 2.75, Regular Americano - 1.95, Regular Smoothies - Glowing Greens - 2.00, Large Americano - 2.25, Regular Speciality Tea - Green - 1.30",10.25,CARD,5578710891800869
09/09/2021 09:58,Edinburgh,May Orellana,"Regular Chai latte - 2.30, Large Speciality Tea - Green - 1.60",3.9,CASH,
09/09/2021 09:59,Edinburgh,Milton Valone,"Regular Smoothies - Glowing Greens - 2.00, Regular Speciality Tea - Earl Grey - 1.30",3.3,CARD,4426055184310012
09/09/2021 10:01,Edinburgh,Marisa Craig,Regular Americano - 1.95,1.95,CARD,8506594955719519
09/09/2021 10:03,Edinburgh,Gina Barton,"Large Smoothies - Glowing Greens - 2.50, Large Smoothies - Glowing Greens - 2.50, Regular Mocha - 2.30",7.3,CARD,8627666025975919
09/09/2021 10:04,Edinburgh,Mary Figueroa,"Regular Flavoured latte - Hazelnut - 2.55, Large Speciality Tea - Green - 1.60",4.15,CASH,
09/09/2021 10:05,Edinburgh,Allen Grizzle,"Large Smoothies - Carrot Kick - 2.50, Large Mocha - 2.70, Large Chai latte - 2.60, Regular Speciality Tea - Fruit - 1.30, Large Mocha - 2.70, Regular Americano - 1.95",13.75,CARD,3030053708751387
09/09/2021 10:07,Edinburgh,David Flores,Regular Speciality Tea - Fruit - 1.30,1.3,CASH,
09/09/2021 10:08,Edinburgh,Lori Bruce,"Regular Flavoured iced latte - Hazelnut - 2.75, Regular Smoothies - Glowing Greens - 2.00, Regular Speciality Tea - Fruit - 1.30, Regular Speciality Tea - Green - 1.30",7.35,CASH,
09/09/2021 10:09,Edinburgh,Roberto Gilbreath,"Large Flavoured latte - Hazelnut - 2.85, Regular Mocha - 2.30, Large Speciality Tea - Fruit - 1.60, Large Flavoured iced latte - Hazelnut - 3.25, Large Chai latte - 2.60",12.6,CASH,
09/09/2021 10:11,Edinburgh,Frank Ken,"Large Smoothies - Carrot Kick - 2.50, Regular Flavoured iced latte - Hazelnut - 2.75, Regular Speciality Tea - Fruit - 1.30, Large Chai latte - 2.60",9.15,CARD,3830287209218206
09/09/2021 10:12,Edinburgh,Max Miller,"Regular Smoothies - Glowing Greens - 2.00, Regular Flavoured latte - Hazelnut - 2.55",4.55,CARD,7866335976380717
09/09/2021 10:13,Edinburgh,Gregory Aguero,"Regular Speciality Tea - Green - 1.30, Regular Flavoured latte - Hazelnut - 2.55, Large Speciality Tea - Green - 1.60",5.45,CASH,
09/09/2021 10:15,Edinburgh,Rose Gates,"Large Chai latte - 2.60, Regular Flavoured latte - Hazelnut - 2.55",5.15,CARD,9397630861579276
09/09/2021 10:16,Edinburgh,Tonya Washington,"Regular Flavoured latte - Hazelnut - 2.55, Large Speciality Tea - Fruit - 1.60, Regular Flavoured iced latte - Hazelnut - 2.75, Large Speciality Tea - Green - 1.60, Large Flavoured latte - Hazelnut - 2.85, Regular Flavoured latte - Hazelnut - 2.55",13.9,CARD,3769498353479353
09/09/2021 10:17,Edinburgh,Kris Ortiz,"Regular Flavoured iced latte - Hazelnut - 2.75, Regular Flavoured latte - Hazelnut - 2.55, Regular Smoothies - Carrot Kick - 2.00, Regular Smoothies - Carrot Kick - 2.00, Regular Mocha - 2.30, Large Mocha - 2.70",14.3,CARD,8043079750477347
09/09/2021 10:19,Edinburgh,Gladys Johnson,Regular Smoothies - Glowing Greens - 2.00,2.0,CASH,
09/09/2021 10:20,Edinburgh,Kelly Hinojos,"Large Speciality Tea - Fruit - 1.60, Large Mocha - 2.70, Regular Chai latte - 2.30, Large Mocha - 2.70, Large Speciality Tea - Earl Grey - 1.60",10.9,CARD,6610225368191151
09/09/2021 10:21,Edinburgh,Christine Spracklen,Regular Speciality Tea - Earl Grey - 1.30,1.3,CARD,8455997634832950
09/09/2021 10:23,Edinburgh,Lara Moffatt,"Large Flavoured iced latte - Hazelnut - 3.25, Regular Smoothies - Glowing Greens - 2.00",5.25,CARD,6389671615434797
09/09/2021 10:24,Edinburgh,Eleanor Hedrington,Large Mocha - 2.70,2.7,CARD,9152325221589142
09/09/2021 10:25,Edinburgh,Sheryl Vandeventer,Regular Smoothies - Glowing Greens - 2.00,2.0,CASH,
09/09/2021 10:27,Edinburgh,Lenora Elia,"Regular Smoothies - Carrot Kick - 2.00, Large Mocha - 2.70, Regular Mocha - 2.30, Regular Speciality Tea - Green - 1.30",8.3,CARD,3077766619982421
09/09/2021 10:28,Edinburgh,Pamela Kirkham,Large Smoothies - Glowing Greens - 2.50,2.5,CARD,2558882640462440
09/09/2021 10:29,Edinburgh,Ellis Smith,"Large Speciality Tea - Green - 1.60, Regular Smoothies - Carrot Kick - 2.00, Regular Speciality Tea - Fruit - 1.30, Regular Chai latte - 2.30, Large Flavoured latte - Hazelnut - 2.85",10.05,CASH,
09/09/2021 10:31,Edinburgh,Angela Turbyfill,"Regular Flavoured iced latte - Hazelnut - 2.75, Regular Smoothies - Carrot Kick - 2.00, Regular Speciality Tea - Green - 1.30, Regular Americano - 1.95, Regular Speciality Tea - Green - 1.30",9.3,CASH,
09/09/2021 10:32,Edinburgh,John Crews,Regular Speciality Tea - Green - 1.30,1.3,CARD,3298713422314597
09/09/2021 10:33,Edinburgh,Kristina Foster,Regular Smoothies - Glowing Greens - 2.00,2.0,CASH,
09/09/2021 10:35,Edinburgh,Jasmine Alpert,"Regular Speciality Tea - Earl Grey - 1.30, Regular Chai latte - 2.30, Large Flavoured iced latte - Hazelnut - 3.25, Large Mocha - 2.70, Regular Speciality Tea - Earl Grey - 1.30, Regular Speciality Tea - Green - 1.30",12.15,CARD,7573059041014630
09/09/2021 10:36,Edinburgh,Patricia Mandala,"Large Flavoured latte - Hazelnut - 2.85, Regular Americano - 1.95",4.8,CARD,8471996743418202
09/09/2021 10:37,Edinburgh,Evelyn Garvin,"Regular Smoothies - Carrot Kick - 2.00, Regular Mocha - 2.30",4.3,CARD,3341828659923447
09/09/2021 10:39,Edinburgh,Manuel Rose,"Large Speciality Tea - Earl Grey - 1.60, Large Smoothies - Carrot Kick - 2.50",4.1,CASH,
09/09/2021 10:40,Edinburgh,Cynthia Rosenfeld,Large Smoothies - Carrot Kick - 2.50,2.5,CARD,2715112997360677
09/09/2021 10:41,Edinburgh,Dennis Frey,"Large Flavoured latte - Hazelnut - 2.85, Large Smoothies - Carrot Kick - 2.50, Regular Smoothies - Glowing Greens - 2.00, Regular Speciality Tea - Green - 1.30, Regular Americano - 1.95",10.6,CARD,8978017722188372
09/09/2021 10:43,Edinburgh,Christopher Coffey,"Large Chai latte - 2.60, Regular Americano - 1.95",4.55,CARD,3886652387389982
09/09/2021 10:44,Edinburgh,Alicia Horn,"Large Americano - 2.25, Regular Flavoured iced latte - Hazelnut - 2.75, Large Mocha - 2.70, Regular Smoothies - Glowing Greens - 2.00",9.7,CASH,
09/09/2021 10:45,Edinburgh,Donald Goodman,"Regular Smoothies - Carrot Kick - 2.00, Regular Flavoured latte - Hazelnut - 2.55, Regular Flavoured latte - Hazelnut - 2.55",7.1,CASH,
09/09/2021 10:47,Edinburgh,James Ochoa,"Large Flavoured latte - Hazelnut - 2.85, Regular Americano - 1.95, Regular Smoothies - Glowing Greens - 2.00, Regular Flavoured iced latte - Hazelnut - 2.75, Regular Smoothies - Glowing Greens - 2.00",11.55,CARD,6020091093762322
09/09/2021 10:48,Edinburgh,Demarcus Santos,"Large Flavoured latte - Hazelnut - 2.85, Large Smoothies - Glowing Greens - 2.50, Large Speciality Tea - Green - 1.60",6.95,CASH,
09/09/2021 10:49,Edinburgh,Roseann Miller,Large Speciality Tea - Green - 1.60,1.6,CARD,5455395797880324
09/09/2021 10:51,Edinburgh,Ivan Foster,"Large Smoothies - Carrot Kick - 2.50, Regular Smoothies - Carrot Kick - 2.00",4.5,CARD,8172407910362423
09/09/2021 10:52,Edinburgh,Daryl Phillips,"Regular Mocha - 2.30, Regular Chai latte - 2.30, Regular Smoothies - Glowing Greens - 2.00, Regular Mocha - 2.30",8.9,CASH,
09/09/2021 10:53,Edinburgh,Bradley Harris,"Large Smoothies - Carrot Kick - 2.50, Large Flavoured latte - Hazelnut - 2.85, Regular Chai latte - 2.30, Large Smoothies - Carrot Kick - 2.50, Regular Mocha - 2.30",12.45,CARD,9194708687810514
09/09/2021 10:55,Edinburgh,Dennis Guerrero,"Regular Smoothies - Carrot Kick - 2.00, Large Smoothies - Glowing Greens - 2.50",4.5,CARD,8737416024513476
09/09/2021 10:56,Edinburgh,Joyce Woods,Regular Speciality Tea - Green - 1.30,1.3,CARD,9184474832424967
09/09/2021 10:57,Edinburgh,Ronald Sun,"Regular Speciality Tea - Fruit - 1.30, Regular Smoothies - Glowing Greens - 2.00, Regular Flavoured latte - Hazelnut - 2.55",5.85,CARD,9367032539324104
09/09/2021 10:59,Edinburgh,Aimee Timmons,Regular Speciality Tea - Fruit - 1.30,1.3,CARD,5148109553374931
09/09/2021 11:00,Edinburgh,Betty Gober,"Regular Americano - 1.95, Large Smoothies - Glowing Greens - 2.50, Regular Flavoured iced latte - Hazelnut - 2.75",7.2,CARD,2277229407484283
09/09/2021 11:02,Edinburgh,Joni Compton,"Regular Speciality Tea - Green - 1.30, Regular Speciality Tea - Green - 1.30",2.6,CASH,
09/09/2021 11:05,Edinburgh,Steven Young,"Large Flavoured iced latte - Hazelnut - 3.25, Large Smoothies - Carrot Kick - 2.50",5.75,CARD,9919694245128516
09/09/2021 11:07,Edinburgh,Nettie Darosa,"Large Speciality Tea - Green - 1.60, Large Smoothies - Carrot Kick - 2.50, Regular Smoothies - Glowing Greens - 2.00",6.1,CARD,9728231002172621
09/09/2021 11:10,Edinburgh,Shane Young,"Regular Smoothies - Glowing Greens - 2.00, Regular Mocha - 2.30, Regular Flavoured iced latte - Hazelnut - 2.75, Large Americano - 2.25",9.3,CARD,7139365068804450
09/09/2021 11:12,Edinburgh,Gisele Allen,Large Mocha - 2.70,2.7,CASH,
09/09/2021 11:15,Edinburgh,Warren Mendoza,"Regular Chai latte - 2.30, Large Mocha - 2.70, Large Speciality Tea - Fruit - 1.60",6.6,CARD,6794797578052237
09/09/2021 11:17,Edinburgh,Kayla Vanvalkenbur,"Large Americano - 2.25, Large Mocha - 2.70",4.95,CARD,4049826634962277
09/09/2021 11:20,Edinburgh,Monique Ragsdale,"Regular Flavoured latte - Hazelnut - 2.55, Large Americano - 2.25",4.8,CARD,4112741609791280
09/09/2021 11:22,Edinburgh,Lucille Palladino,Large Chai latte - 2.60,2.6,CASH,
09/09/2021 11:25,Edinburgh,Amy Jordan,"Regular Smoothies - Glowing Greens - 2.00, Regular Flavoured iced latte - Hazelnut - 2.75",4.75,CARD,6001890830538176
09/09/2021 11:27,Edinburgh,Ernest Piper,"Regular Speciality Tea - Earl Grey - 1.30, Large Speciality Tea - Earl Grey - 1.60, Regular Mocha - 2.30, Large Americano - 2.25, Large Chai latte - 2.60",10.05,CASH,
09/09/2021 11:30,Edinburgh,Margaret Hiatt,Regular Speciality Tea - Green - 1.30,1.3,CARD,4376874836223926
09/09/2021 11:32,Edinburgh,Denise Bowie,"Large Smoothies - Carrot Kick - 2.50, Regular Smoothies - Glowing Greens - 2.00, Large Flavoured latte - Hazelnut - 2.85, Regular Flavoured iced latte - Hazelnut - 2.75",10.1,CARD,7822179620127682
09/09/2021 11:35,Edinburgh,Kenneth Bania,"Regular Speciality Tea - Earl Grey - 1.30, Large Americano - 2.25, Large Speciality Tea - Earl Grey - 1.60, Regular Mocha - 2.30",7.45,CARD,1183584172153524
09/09/2021 11:37,Edinburgh,Virgil Souers,"Regular Americano - 1.95, Regular Chai latte - 2.30, Large Speciality Tea - Fruit - 1.60, Large Smoothies - Glowing Greens - 2.50",8.35,CASH,
09/09/2021 11:40,Edinburgh,Katherine Owens,"Large Mocha - 2.70, Regular Smoothies - Glowing Greens - 2.00, Large Speciality Tea - Fruit - 1.60, Regular Flavoured iced latte - Hazelnut - 2.75, Regular Speciality Tea - Green - 1.30",10.35,CASH,
09/09/2021 11:42,Edinburgh,Patricia Hansen,"Large Speciality Tea - Green - 1.60, Regular Speciality Tea - Earl Grey - 1.30",2.9,CARD,4240665196629681
09/09/2021 11:45,Edinburgh,John Wells,Regular Speciality Tea - Green - 1.30,1.3,CARD,1630877666710636
09/09/2021 11:47,Edinburgh,Joseph Brookins,Regular Mocha - 2.30,2.3,CARD,9594548044306209
09/09/2021 11:50,Edinburgh,Martin Espino,"Regular Smoothies - Glowing Greens - 2.00, Regular Speciality Tea - Green - 1.30, Regular Smoothies - Glowing Greens - 2.00, Regular Smoothies - Carrot Kick - 2.00",7.3,CASH,
09/09/2021 11:52,Edinburgh,Gregory Douglas,"Regular Flavoured latte - Hazelnut - 2.55, Large Speciality Tea - Earl Grey - 1.60",4.15,CARD,6463025763803010
09/09/2021 11:55,Edinburgh,Monique Gutierrez,Large Smoothies - Glowing Greens - 2.50,2.5,CARD,5754881775126981
09/09/2021 11:57,Edinburgh,Graciela Hosey,"Large Flavoured iced latte - Hazelnut - 3.25, Large Flavoured iced latte - Hazelnut - 3.25, Large Flavoured latte - Hazelnut - 2.85, Large Smoothies - Carrot Kick - 2.50, Regular Speciality Tea - Fruit - 1.30",13.15,CARD,1330466868668681
09/09/2021 12:00,Edinburgh,Kathy Wiley,"Large Flavoured iced latte - Hazelnut - 3.25, Regular Speciality Tea - Earl Grey - 1.30, Regular Speciality Tea - Fruit - 1.30, Regular Flavoured iced latte - Hazelnut - 2.75, Large Flavoured iced latte - Hazelnut - 3.25, Large Speciality Tea - Green - 1.60",13.45,CASH,
09/09/2021 12:12,Edinburgh,Nancy Stein,Regular Flavoured latte - Hazelnut - 2.55,2.55,CARD,8207890820041578
09/09/2021 12:24,Edinburgh,Hisako Moore,"Regular Flavoured iced latte - Hazelnut - 2.75, Regular Chai latte - 2.30, Large Speciality Tea - Fruit - 1.60, Large Americano - 2.25, Large Speciality Tea - Green - 1.60, Large Smoothies - Glowing Greens - 2.50",13.0,CASH,
09/09/2021 12:36,Edinburgh,Gretchen Melancon,"Large Speciality Tea - Green - 1.60, Regular Americano - 1.95, Regular Flavoured latte - Hazelnut - 2.55, Large Speciality Tea - Fruit - 1.60",7.7,CASH,
09/09/2021 12:48,Edinburgh,Dorothy Montejano,"Large Chai latte - 2.60, Large Chai latte - 2.60, Large Mocha - 2.70, Regular Smoothies - Carrot Kick - 2.00, Regular Speciality Tea - Green - 1.30",11.2,CARD,3627325258413777
09/09/2021 13:00,Edinburgh,Edmund Perry,"Large Smoothies - Carrot Kick - 2.50, Large Chai latte - 2.60, Large Flavoured iced latte - Hazelnut - 3.25",8.35,CASH,
09/09/2021 13:01,Edinburgh,Valerie King,"Large Chai latte - 2.60, Large Mocha - 2.70, Regular Chai latte - 2.30",7.6,CASH,
09/09/2021 13:02,Edinburgh,James Koehler,"Large Flavoured iced latte - Hazelnut - 3.25, Large Flavoured latte - Hazelnut - 2.85, Regular Smoothies - Glowing Greens - 2.00, Regular Speciality Tea - Earl Grey - 1.30, Regular Speciality Tea - Fruit - 1.30, Regular Speciality Tea - Green - 1.30",12.0,CARD,3028856781188986
09/09/2021 13:03,Edinburgh,Charles Woelfel,"Regular Chai latte - 2.30, Large Smoothies - Glowing Greens - 2.50",4.8,CARD,9365816669820504
09/09/2021 13:04,Edinburgh,Joseph Cox,"Regular Americano - 1.95, Large Smoothies - Glowing Greens - 2.50, Regular Speciality Tea - Fruit - 1.30",5.75,CASH,
09/09/2021 13:05,Edinburgh,Cora Jones,"Regular Speciality Tea - Fruit - 1.30, Large Mocha - 2.70, Regular Smoothies - Glowing Greens - 2.00, Regular Speciality Tea - Earl Grey - 1.30, Large Mocha - 2.70",10.0,CASH,
09/09/2021 13:06,Edinburgh,Mary Robins,Regular Americano - 1.95,1.95,CARD,8308725356667707
09/09/2021 13:07,Edinburgh,Brent Duley,"Regular Americano - 1.95, Large Smoothies - Carrot Kick - 2.50",4.45,CARD,9393453401541497
09/09/2021 13:08,Edinburgh,Alejandro Beauvais,"Large Flavoured iced latte - Hazelnut - 3.25, Large Speciality Tea - Fruit - 1.60, Regular Speciality Tea - Fruit - 1.30, Large Flavoured latte - Hazelnut - 2.85, Regular Speciality Tea - Green - 1.30",10.3,CARD,2907970194803268
09/09/2021 13:09,Edinburgh,James Ferdinand,Large Flavoured iced latte - Hazelnut - 3.25,3.25,CASH,
09/09/2021 13:10,Edinburgh,Barbara Lear,"Large Speciality Tea - Green - 1.60, Regular Americano - 1.95, Large Americano - 2.25, Regular Speciality Tea - Green - 1.30",7.1,CARD,8115546739692337
09/09/2021 13:11,Edinburgh,Mark Lloyd,"Large Mocha - 2.70, Regular Speciality Tea - Green - 1.30, Large Flavoured iced latte - Hazelnut - 3.25, Regular Mocha - 2.30, Large Flavoured iced latte - Hazelnut - 3.25, Large Smoothies - Carrot Kick - 2.50",15.3,CASH,
09/09/2021 13:13,Edinburgh,Patrick Williams,"Regular Smoothies - Carrot Kick - 2.00, Regular Americano - 1.95, Large Speciality Tea - Green - 1.60",5.55,CARD,5762747971494273
09/09/2021 13:14,Edinburgh,Charlie Sharp,"Regular Speciality Tea - Green - 1.30, Large Flavoured iced latte - Hazelnut - 3.25, Regular Flavoured latte - Hazelnut - 2.55",7.1,CASH,
09/09/2021 13:15,Edinburgh,Darlene Berard,"Large Flavoured iced latte - Hazelnut - 3.25, Large Flavoured latte - Hazelnut - 2.85",6.1,CARD,6801858816024457
09/09/2021 13:16,Edinburgh,Nick Walker,Regular Flavoured iced latte - Hazelnut - 2.75,2.75,CARD,4061775278918388
09/09/2021 13:17,Edinburgh,Bertha Laughlin,"Regular Speciality Tea - Fruit - 1.30, Large Mocha - 2.70, Large Chai latte - 2.60, Large Speciality Tea - Green - 1.60",8.2,CARD,8594323038975444
09/09/2021 13:18,Edinburgh,Douglas Carter,Regular Smoothies - Glowing Greens - 2.00,2.0,CARD,1995215207149671
09/09/2021 13:19,Edinburgh,Russell Rivera,"Regular Mocha - 2.30, Regular Speciality Tea - Green - 1.30, Regular Chai latte - 2.30",5.9,CASH,
09/09/2021 13:20,Edinburgh,Shirley Hernandez,"Regular Mocha - 2.30, Large Flavoured iced latte - Hazelnut - 3.25, Large Speciality Tea - Green - 1.60, Large Mocha - 2.70, Regular Speciality Tea - Green - 1.30",11.15,CARD,5690821912882173
09/09/2021 13:21,Edinburgh,Richard Reece,"Regular Smoothies - Carrot Kick - 2.00, Large Smoothies - Carrot Kick - 2.50",4.5,CASH,
09/09/2021 13:22,Edinburgh,Tony Mcdonald,"Regular Mocha - 2.30, Large Flavoured latte - Hazelnut - 2.85",5.15,CARD,9239781830606200
09/09/2021 13:23,Edinburgh,Mary Mchenry,"Regular Smoothies - Glowing Greens - 2.00, Regular Americano - 1.95, Regular Flavoured iced latte - Hazelnut - 2.75, Large Americano - 2.25",8.95,CARD,3650090810120635
09/09/2021 13:24,Edinburgh,Kendra Maze,"Large Speciality Tea - Green - 1.60, Large Americano - 2.25, Large Speciality Tea - Earl Grey - 1.60",5.45,CARD,9038477922611411
09/09/2021 13:25,Edinburgh,Teri Grier,"Regular Smoothies - Carrot Kick - 2.00, Regular Chai latte - 2.30, Regular Speciality Tea - Fruit - 1.30, Regular Chai latte - 2.30, Regular Flavoured latte - Hazelnut - 2.55",10.45,CARD,7995499858823786
09/09/2021 13:26,Edinburgh,Margaret Markovich,"Large Chai latte - 2.60, Regular Speciality Tea - Green - 1.30, Large Speciality Tea - Earl Grey - 1.60, Large Mocha - 2.70",8.2,CASH,
09/09/2021 13:27,Edinburgh,Larry Hutchison,"Regular Mocha - 2.30, Large Mocha - 2.70, Regular Flavoured latte - Hazelnut - 2.55, Regular Flavoured iced latte - Hazelnut - 2.75, Regular Smoothies - Carrot Kick - 2.00, Regular Speciality Tea - Green - 1.30",13.6,CASH,
09/09/2021 13:28,Edinburgh,Ronald Thrash,Regular Smoothies - Glowing Greens - 2.00,2.0,CARD,5151674631474624
09/09/2021 13:29,Edinburgh,Tracey Triplett,"Large Mocha - 2.70, Large Americano - 2.25, Large Flavoured latte - Hazelnut - 2.85, Regular Americano - 1.95, Regular Smoothies - Glowing Greens - 2.00",11.75,CARD,6815580691883403
09/09/2021 13:30,Edinburgh,Paul Payne,"Regular Mocha - 2.30, Large Smoothies - Glowing Greens - 2.50",4.8,CASH,
09/09/2021 13:31,Edinburgh,Ruby Russel,Regular Smoothies - Carrot Kick - 2.00,2.0,CASH,
09/09/2021 13:32,Edinburgh,Elizabeth Porter,"Regular Americano - 1.95, Large Speciality Tea - Green - 1.60, Regular Chai latte - 2.30",5.85,CASH,
09/09/2021 13:34,Edinburgh,Ramon Matthew,Regular Speciality Tea - Earl Grey - 1.30,1.3,CASH,
09/09/2021 13:35,Edinburgh,John Winters,"Large Smoothies - Glowing Greens - 2.50, Large Flavoured iced latte - Hazelnut - 3.25, Large Speciality Tea - Fruit - 1.60",7.35,CASH,
09/09/2021 13:36,Edinburgh,Roberta Davis,"Regular Speciality Tea - Green - 1.30, Large Smoothies - Glowing Greens - 2.50, Regular Smoothies - Carrot Kick - 2.00",5.8,CARD,2582335011713112
09/09/2021 13:37,Edinburgh,Lenore Birkholz,"Large Flavoured latte - Hazelnut - 2.85, Large Mocha - 2.70, Large Mocha - 2.70, Large Smoothies - Glowing Greens - 2.50",10.75,CARD,6877953652283300
09/09/2021 13:38,Edinburgh,William Brock,"Regular Flavoured iced latte - Hazelnut - 2.75, Large Chai latte - 2.60, Large Chai latte - 2.60, Large Speciality Tea - Earl Grey - 1.60",9.55,CARD,9760152520650259
09/09/2021 13:39,Edinburgh,Kelvin Jackson,"Large Americano - 2.25, Regular Smoothies - Carrot Kick - 2.00, Regular Smoothies - Glowing Greens - 2.00, Regular Flavoured iced latte - Hazelnut - 2.75",9.0,CARD,2847577847392252
09/09/2021 13:40,Edinburgh,Douglas Davis,"Large Speciality Tea - Earl Grey - 1.60, Large Chai latte - 2.60",4.2,CARD,5673910480941241
09/09/2021 13:41,Edinburgh,Robert Sons,"Large Flavoured iced latte - Hazelnut - 3.25, Regular Chai latte - 2.30",5.55,CARD,5054919224087350
09/09/2021 13:42,Edinburgh,Andrew Valencia,"Large Speciality Tea - Green - 1.60, Large Speciality Tea - Earl Grey - 1.60",3.2,CARD,7002147905106947
09/09/2021 13:43,Edinburgh,Tommy Kmiotek,Regular Mocha - 2.30,2.3,CASH,
09/09/2021 13:44,Edinburgh,Lena Davis,Regular Flavoured iced latte - Hazelnut - 2.75,2.75,CASH,
09/09/2021 13:45,Edinburgh,Bill Thorne,Large Americano - 2.25,2.25,CARD,6628862260903656
09/09/2021 13:46,Edinburgh,Cruz Meres,Regular Speciality Tea - Fruit - 1.30,1.3,CASH,
09/09/2021 13:47,Edinburgh,Ralph Emanuel,"Regular Speciality Tea - Earl Grey - 1.30, Large Smoothies - Carrot Kick - 2.50, Large Smoothies - Glowing Greens - 2.50, Regular Smoothies - Carrot Kick - 2.00, Large Americano - 2.25",10.55,CARD,9525478271895977
09/09/2021 13:48,Edinburgh,Jeana Siegel,"Large Chai latte - 2.60, Large Mocha - 2.70, Large Speciality Tea - Green - 1.60, Large Flavoured latte - Hazelnut - 2.85, Regular Smoothies - Glowing Greens - 2.00, Regular Smoothies - Glowing Greens - 2.00",13.75,CARD,3641688103220060
09/09/2021 13:49,Edinburgh,Samantha Heatherington,Regular Mocha - 2.30,2.3,CASH,
09/09/2021 13:50,Edinburgh,Patricia Lunsford,"Regular Speciality Tea - Fruit - 1.30, Regular Flavoured latte - Hazelnut - 2.55, Large Speciality Tea - Fruit - 1.60, Regular Flavoured iced latte - Hazelnut - 2.75, Regular Speciality Tea - Fruit - 1.30",9.5,CARD,5173046684197195
09/09/2021 13:51,Edinburgh,Ernest Bourdeau,"Large Speciality Tea - Earl Grey - 1.60, Regular Speciality Tea - Green - 1.30",2.9,CASH,
09/09/2021 13:52,Edinburgh,Lisa Lampley,"Regular Smoothies - Carrot Kick - 2.00, Large Flavoured latte - Hazelnut - 2.85, Large Smoothies - Glowing Greens - 2.50, Regular Smoothies - Carrot Kick - 2.00, Large Americano - 2.25, Regular Chai latte - 2.30",13.9,CASH,
09/09/2021 13:53,Edinburgh,Bennie Viggiano,Large Chai latte - 2.60,2.6,CARD,7424232461722332
09/09/2021 13:55,Edinburgh,Andres Guerrero,Regular Smoothies - Carrot Kick - 2.00,2.0,CARD,9130258046020185
09/09/2021 13:56,Edinburgh,Traci Cainne,"Regular Flavoured iced latte - Hazelnut - 2.75, Regular Mocha - 2.30",5.05,CARD,6864365361287488
09/09/2021 13:57,Edinburgh,Stephanie Reale,Regular Flavoured latte - Hazelnut - 2.55,2.55,CASH,
09/09/2021 13:58,Edinburgh,Agnes Davenport,"Large Speciality Tea - Earl Grey - 1.60, Large Americano - 2.25",3.85,CARD,9300535298779115
09/09/2021 13:59,Edinburgh,Delphine Broome,"Large Smoothies - Carrot Kick - 2.50, Large Smoothies - Carrot Kick - 2.50",5.0,CASH,
09/09/2021 14:00,Edinburgh,Elizabeth Camarillo,Large Mocha - 2.70,2.7,CARD,2418138980414626
09/09/2021 14:01,Edinburgh,Tommy Underwood,Regular Mocha - 2.30,2.3,CARD,1389666618136206
09/09/2021 14:02,Edinburgh,Laura Layman,"Regular Mocha - 2.30, Large Mocha - 2.70, Regular Smoothies - Glowing Greens - 2.00, Regular Speciality Tea - Earl Grey - 1.30",8.3,CARD,5497577937203665
09/09/2021 14:03,Edinburgh,Jason Murillo,Regular Speciality Tea - Fruit - 1.30,1.3,CASH,
09/09/2021 14:04,Edinburgh,Wayne Hentz,"Large Flavoured latte - Hazelnut - 2.85, Large Flavoured iced latte - Hazelnut - 3.25, Regular Smoothies - Carrot Kick - 2.00",8.1,CARD,8991180727799917
09/09/2021 14:04,Edinburgh,Donna Hanson,"Large Smoothies - Carrot Kick - 2.50, Regular Speciality Tea - Fruit - 1.30, Regular Chai latte - 2.30, Large Speciality Tea - Earl Grey - 1.60, Large Americano - 2.25, Large Flavoured latte - Hazelnut - 2.85",12.8,CASH,
09/09/2021 14:05,Edinburgh,Steven Martin,"Large Mocha - 2.70, Large Smoothies - Glowing Greens - 2.50",5.2,CARD,7378543187631614
09/09/2021 14:06,Edinburgh,John Kyung,"Large Speciality Tea - Green - 1.60, Regular Chai latte - 2.30, Large Americano - 2.25, Regular Speciality Tea - Fruit - 1.30, Large Smoothies - Carrot Kick - 2.50",9.95,CARD,8282623731039548
09/09/2021 14:07,Edinburgh,Regina Enos,"Large Chai latte - 2.60, Large Mocha - 2.70",5.3,CARD,1661923000435781
09/09/2021 14:08,Edinburgh,Whitney Gregory,"Large Flavoured iced latte - Hazelnut - 3.25, Regular Smoothies - Carrot Kick - 2.00, Regular Speciality Tea - Green - 1.30, Large Smoothies - Glowing Greens - 2.50, Large Chai latte - 2.60",11.65,CARD,2047816452652349
09/09/2021 14:09,Edinburgh,Johnathan Wilson,"Regular Chai latte - 2.30, Regular Mocha - 2.30, Large Chai latte - 2.60",7.2,CASH,
09/09/2021 14:10,Edinburgh,Shirley Poncedeleon,Large Smoothies - Glowing Greens - 2.50,2.5,CASH,
09/09/2021 14:11,Edinburgh,Jasmine Mcelroy,Large Smoothies - Glowing Greens - 2.50,2.5,CARD,3047601651490175
09/09/2021 14:12,Edinburgh,Dorothy Wing,"Large Speciality Tea - Earl Grey - 1.60, Large Flavoured iced latte - Hazelnut - 3.25, Large Speciality Tea - Green - 1.60, Regular Mocha - 2.30, Regular Smoothies - Carrot Kick - 2.00, Large Speciality Tea - Fruit - 1.60",12.35,CARD,3770513619379979
09/09/2021 14:13,Edinburgh,Viola Stevens,"Large Flavoured iced latte - Hazelnut - 3.25, Regular Chai latte - 2.30",5.55,CASH,
09/09/2021 14:14,Edinburgh,Tiffany Alves,"Regular Flavoured iced latte - Hazelnut - 2.75, Regular Smoothies - Glowing Greens - 2.00, Large Flavoured latte - Hazelnut - 2.85",7.6,CASH,
09/09/2021 14:15,Edinburgh,Clifford Suggs,"Regular Speciality Tea - Green - 1.30, Large Smoothies - Carrot Kick - 2.50",3.8,CARD,3384294654123443
09/09/2021 14:16,Edinburgh,Vanessa Couture,Large Smoothies - Glowing Greens - 2.50,2.5,CARD,5562085504924682
09/09/2021 14:17,Edinburgh,Dana Faucher,Regular Speciality Tea - Green - 1.30,1.3,CASH,
09/09/2021 14:18,Edinburgh,Robert Solis,"Large Chai latte - 2.60, Regular Speciality Tea - Earl Grey - 1.30, Large Americano - 2.25, Large Chai latte - 2.60",8.75,CARD,8875831284475119
09/09/2021 14:18,Edinburgh,Annie Rivas,"Regular Smoothies - Glowing Greens - 2.00, Large Flavoured latte - Hazelnut - 2.85, Large Smoothies - Glowing Greens - 2.50",7.35,CARD,6239903205402150
09/09/2021 14:19,Edinburgh,Pamela Manning,Large Speciality Tea - Green - 1.60,1.6,CARD,7812093663437614
09/09/2021 14:20,Edinburgh,Joseph Granville,Regular Mocha - 2.30,2.3,CARD,9891977753148154
09/09/2021 14:21,Edinburgh,Deborah Zehr,Large Flavoured iced latte - Hazelnut - 3.25,3.25,CASH,
09/09/2021 14:22,Edinburgh,James Samuel,"Regular Smoothies - Carrot Kick - 2.00, Large Speciality Tea - Fruit - 1.60",3.6,CARD,7250267133968615
09/09/2021 14:23,Edinburgh,David Fuller,"Regular Mocha - 2.30, Regular Flavoured latte - Hazelnut - 2.55",4.85,CARD,1355748800780324
09/09/2021 14:24,Edinburgh,Kathryn Herron,Regular Americano - 1.95,1.95,CARD,4282272599158940
09/09/2021 14:25,Edinburgh,Ricky Williams,Regular Flavoured iced latte - Hazelnut - 2.75,2.75,CARD,2673853287400119
09/09/2021 14:26,Edinburgh,Daniel Gamble,"Regular Smoothies - Carrot Kick - 2.00, Large Chai latte - 2.60, Large Flavoured iced latte - Hazelnut - 3.25, Regular Speciality Tea - Earl Grey - 1.30",9.15,CASH,
09/09/2021 14:27,Edinburgh,James Condon,"Regular Speciality Tea - Fruit - 1.30, Large Smoothies - Glowing Greens - 2.50, Regular Speciality Tea - Green - 1.30",5.1,CARD,5353569390292929
09/09/2021 14:28,Edinburgh,Gerald Richardson,"Large Americano - 2.25, Regular Chai latte - 2.30, Regular Chai latte - 2.30, Large Flavoured latte - Hazelnut - 2.85",9.7,CARD,5336674203317873
09/09/2021 14:29,Edinburgh,Rose Sagredo,"Regular Smoothies - Carrot Kick - 2.00, Regular Speciality Tea - Fruit - 1.30, Large Smoothies - Glowing Greens - 2.50, Regular Americano - 1.95, Regular Flavoured iced latte - Hazelnut - 2.75",10.5,CASH,
09/09/2021 14:30,Edinburgh,Carole Wind,"Regular Americano - 1.95, Regular Flavoured latte - Hazelnut - 2.55, Large Flavoured latte - Hazelnut - 2.85, Large Flavoured latte - Hazelnut - 2.85, Regular Flavoured latte - Hazelnut - 2.55, Regular Mocha - 2.30",15.05,CARD,3504141518252918
09/09/2021 14:31,Edinburgh,Donnie Miller,"Large Mocha - 2.70, Large Chai latte - 2.60, Large Chai latte - 2.60, Regular Smoothies - Glowing Greens - 2.00, Regular Flavoured iced latte - Hazelnut - 2.75",12.65,CARD,7581737232421811
09/09/2021 14:32,Edinburgh,Jeremy Carpenter,"Large Flavoured latte - Hazelnut - 2.85, Large Americano - 2.25, Regular Americano - 1.95",7.05,CARD,1505748014453581
09/09/2021 14:32,Edinburgh,Ricardo Manns,Large Chai latte - 2.60,2.6,CARD,7258203648945216
09/09/2021 14:33,Edinburgh,Linda Floyd,Large Americano - 2.25,2.25,CASH,
09/09/2021 14:34,Edinburgh,Aaron Yaney,"Regular Flavoured iced latte - Hazelnut - 2.75, Large Speciality Tea - Green - 1.60",4.35,CARD,8662251154059879
09/09/2021 14:35,Edinburgh,Nell Crane,"Regular Smoothies - Carrot Kick - 2.00, Regular Speciality Tea - Fruit - 1.30, Regular Speciality Tea - Earl Grey - 1.30, Regular Chai latte - 2.30",6.9,CASH,
09/09/2021 14:36,Edinburgh,Michelle Lindenpitz,"Large Mocha - 2.70, Regular Speciality Tea - Green - 1.30, Large Smoothies - Carrot Kick - 2.50, Large Speciality Tea - Earl Grey - 1.60",8.1,CARD,6910966533920387
09/09/2021 14:37,Edinburgh,Eva Kervin,"Regular Mocha - 2.30, Large Flavoured iced latte - Hazelnut - 3.25, Regular Americano - 1.95, Large Smoothies - Carrot Kick - 2.50",10.0,CARD,5721489997614514
09/09/2021 14:38,Edinburgh,Frankie Morales,"Large Speciality Tea - Green - 1.60, Regular Speciality Tea - Green - 1.30, Large Chai latte - 2.60",5.5,CARD,1181020979025291
09/09/2021 14:39,Edinburgh,Jennifer Shaffer,"Regular Speciality Tea - Fruit - 1.30, Large Chai latte - 2.60, Large Chai latte - 2.60, Large Flavoured iced latte - Hazelnut - 3.25, Regular Mocha - 2.30",12.05,CARD,8514592585575538
09/09/2021 14:40,Edinburgh,Sandra Wichmann,"Regular Chai latte - 2.30, Large Flavoured iced latte - Hazelnut - 3.25",5.55,CARD,7145227737885730
09/09/2021 14:41,Edinburgh,Priscilla Johnson,"Large Smoothies - Glowing Greens - 2.50, Large Americano - 2.25",4.75,CARD,2420347995247661
09/09/2021 14:42,Edinburgh,Michael Moore,"Regular Smoothies - Glowing Greens - 2.00, Large Smoothies - Carrot Kick - 2.50, Large Speciality Tea - Fruit - 1.60, Large Smoothies - Glowing Greens - 2.50",8.6,CARD,8117942836553440
09/09/2021 14:43,Edinburgh,Alan Ellis,"Large Americano - 2.25, Regular Flavoured latte - Hazelnut - 2.55",4.8,CASH,
09/09/2021 14:44,Edinburgh,Jamie Cronin,"Regular Flavoured latte - Hazelnut - 2.55, Regular Speciality Tea - Fruit - 1.30, Large Speciality Tea - Earl Grey - 1.60, Regular Americano - 1.95",7.4,CARD,2078143850017233
09/09/2021 14:45,Edinburgh,Xiao Phillips,"Large Speciality Tea - Earl Grey - 1.60, Large Flavoured iced latte - Hazelnut - 3.25, Large Flavoured iced latte - Hazelnut - 3.25, Regular Americano - 1.95, Regular Flavoured iced latte - Hazelnut - 2.75, Large Flavoured iced latte - Hazelnut - 3.25",16.05,CARD,2561864174752860
09/09/2021 14:46,Edinburgh,Emily Anderson,"Regular Speciality Tea - Green - 1.30, Regular Flavoured latte - Hazelnut - 2.55, Large Americano - 2.25, Large Speciality Tea - Green - 1.60",7.7,CARD,4006996488844155
09/09/2021 14:46,Edinburgh,Dora Boey,"Regular Speciality Tea - Green - 1.30, Large Speciality Tea - Fruit - 1.60, Regular Mocha - 2.30",5.2,CASH,
09/09/2021 14:47,Edinburgh,Lisa Holland,"Regular Mocha - 2.30, Large Speciality Tea - Green - 1.60, Regular Speciality Tea - Earl Grey - 1.30",5.2,CARD,3330852708408519
09/09/2021 14:48,Edinburgh,Linda Roberts,"Regular Mocha - 2.30, Large Smoothies - Carrot Kick - 2.50",4.8,CARD,2188170806430046
09/09/2021 14:49,Edinburgh,Florine Parmenter,"Large Speciality Tea - Green - 1.60, Regular Speciality Tea - Earl Grey - 1.30, Regular Chai latte - 2.30, Regular Speciality Tea - Earl Grey - 1.30",6.5,CARD,4287405445024582
09/09/2021 14:50,Edinburgh,Lawrence Berg,"Large Speciality Tea - Earl Grey - 1.60, Regular Mocha - 2.30, Large Speciality Tea - Earl Grey - 1.60",5.5,CARD,3220695773477695
09/09/2021 14:51,Edinburgh,Bonnie David,"Regular Mocha - 2.30, Regular Smoothies - Carrot Kick - 2.00",4.3,CARD,4677811106948936
09/09/2021 14:52,Edinburgh,Andrew Matin,"Regular Chai latte - 2.30, Large Speciality Tea - Fruit - 1.60, Large Flavoured latte - Hazelnut - 2.85",6.75,CARD,9830767003867583
09/09/2021 14:53,Edinburgh,Annette Mendez,Regular Mocha - 2.30,2.3,CARD,2255125506270983
09/09/2021 14:54,Edinburgh,Kevin Rice,"Regular Mocha - 2.30, Large Flavoured latte - Hazelnut - 2.85, Large Smoothies - Glowing Greens - 2.50",7.65,CASH,
09/09/2021 14:55,Edinburgh,Carol Carrero,"Large Speciality Tea - Fruit - 1.60, Regular Flavoured latte - Hazelnut - 2.55, Regular Flavoured iced latte - Hazelnut - 2.75, Large Flavoured latte - Hazelnut - 2.85, Large Mocha - 2.70, Large Mocha - 2.70",15.15,CARD,4434292593680959
09/09/2021 14:56,Edinburgh,Everett Schooler,"Regular Smoothies - Carrot Kick - 2.00, Large Chai latte - 2.60, Large Smoothies - Carrot Kick - 2.50",7.1,CARD,2871336085598002
09/09/2021 14:57,Edinburgh,Sara Holmes,"Large Flavoured iced latte - Hazelnut - 3.25, Regular Chai latte - 2.30, Large Flavoured iced latte - Hazelnut - 3.25, Regular Flavoured latte - Hazelnut - 2.55",11.35,CASH,
09/09/2021 14:58,Edinburgh,Judy Disher,"Regular Speciality Tea - Fruit - 1.30, Regular Americano - 1.95, Large Flavoured iced latte - Hazelnut - 3.25",6.5,CARD,2659790447121723
09/09/2021 14:59,Edinburgh,David Williams,"Large Mocha - 2.70, Regular Smoothies - Carrot Kick - 2.00, Large Speciality Tea - Earl Grey - 1.60, Large Americano - 2.25, Regular Mocha - 2.30",10.85,CARD,2584558830674153
09/09/2021 15:00,Edinburgh,Barry Abraham,Large Smoothies - Glowing Greens - 2.50,2.5,CARD,2879560579729121
09/09/2021 15:00,Edinburgh,Mathew Gray,"Regular Americano - 1.95, Large Flavoured latte - Hazelnut - 2.85, Regular Mocha - 2.30",7.1,CASH,
09/09/2021 15:01,Edinburgh,Paul Garcia,Regular Speciality Tea - Earl Grey - 1.30,1.3,CARD,8307267899063688
09/09/2021 15:02,Edinburgh,John Emch,"Large Smoothies - Glowing Greens - 2.50, Regular Speciality Tea - Green - 1.30, Large Smoothies - Glowing Greens - 2.50",6.3,CARD,9815119609983981
09/09/2021 15:03,Edinburgh,Charlie Hilker,Regular Smoothies - Glowing Greens - 2.00,2.0,CARD,4457304858731135
09/09/2021 15:04,Edinburgh,Sue Ogilvie,"Large Speciality Tea - Green - 1.60, Regular Smoothies - Carrot Kick - 2.00, Large Flavoured latte - Hazelnut - 2.85",6.45,CARD,7800828617916458
09/09/2021 15:04,Edinburgh,Robert Peele,Regular Smoothies - Glowing Greens - 2.00,2.0,CARD,6766655835689874
09/09/2021 15:05,Edinburgh,Charlie Romano,"Regular Flavoured latte - Hazelnut - 2.55, Large Chai latte - 2.60, Regular Flavoured iced latte - Hazelnut - 2.75",7.9,CARD,5832884430934726
09/09/2021 15:06,Edinburgh,Steven Kosiorek,"Large Speciality Tea - Earl Grey - 1.60, Regular Mocha - 2.30, Regular Smoothies - Carrot Kick - 2.00, Large Chai latte - 2.60",8.5,CARD,4467792762203541
09/09/2021 15:07,Edinburgh,Suzanne Liggett,"Regular Speciality Tea - Earl Grey - 1.30, Regular Speciality Tea - Earl Grey - 1.30, Large Speciality Tea - Earl Grey - 1.60",4.2,CARD,8267020223159795
09/09/2021 15:08,Edinburgh,Helen Love,"Large Chai latte - 2.60, Regular Speciality Tea - Green - 1.30, Large Flavoured iced latte - Hazelnut - 3.25",7.15,CARD,9991802257167614
09/09/2021 15:09,Edinburgh,George Mckay,"Large Chai latte - 2.60, Regular Flavoured iced latte - Hazelnut - 2.75, Large Americano - 2.25, Regular Speciality Tea - Fruit - 1.30",8.9,CARD,1731681320292717
09/09/2021 15:09,Edinburgh,Edward Sottile,"Large Chai latte - 2.60, Large Chai latte - 2.60, Large Smoothies - Carrot Kick - 2.50",7.7,CARD,3174686291492560
09/09/2021 15:10,Edinburgh,Jacquelyn Burrell,"Regular Smoothies - Carrot Kick - 2.00, Regular Flavoured iced latte - Hazelnut - 2.75",4.75,CARD,5468080053700939
09/09/2021 15:11,Edinburgh,Trisha Norris,"Regular Smoothies - Glowing Greens - 2.00, Large Smoothies - Glowing Greens - 2.50, Large Smoothies - Carrot Kick - 2.50, Large Speciality Tea - Green - 1.60",8.6,CARD,5551716269176615
09/09/2021 15:12,Edinburgh,Aaron Grover,"Regular Chai latte - 2.30, Regular Flavoured iced latte - Hazelnut - 2.75, Large Flavoured iced latte - Hazelnut - 3.25",8.3,CARD,1574643557808316
09/09/2021 15:13,Edinburgh,Karina Flanagan,Large Speciality Tea - Green - 1.60,1.6,CARD,4413476383497685
09/09/2021 15:13,Edinburgh,May Kellerman,Large Mocha - 2.70,2.7,CARD,6631406997820445
09/09/2021 15:14,Edinburgh,Delbert Bird,"Regular Mocha - 2.30, Large Chai latte - 2.60",4.9,CARD,9516710881985631
09/09/2021 15:15,Edinburgh,Dolly Wilson,"Large Smoothies - Carrot Kick - 2.50, Regular Speciality Tea - Earl Grey - 1.30, Regular Speciality Tea - Green - 1.30, Regular Speciality Tea - Fruit - 1.30",6.4,CASH,
09/09/2021 15:16,Edinburgh,Patrick Matthews,"Large Flavoured latte - Hazelnut - 2.85, Regular Smoothies - Glowing Greens - 2.00, Regular Chai latte - 2.30",7.15,CARD,6085870204588341
09/09/2021 15:17,Edinburgh,Joseph Lee,Regular Mocha - 2.30,2.3,CASH,
09/09/2021 15:17,Edinburgh,Willie Baker,"Large Americano - 2.25, Large Speciality Tea - Earl Grey - 1.60",3.85,CASH,
09/09/2021 15:18,Edinburgh,Jeffery Wright,"Regular Speciality Tea - Fruit - 1.30, Regular Chai latte - 2.30",3.6,CASH,
09/09/2021 15:19,Edinburgh,Reginald Emery,"Regular Chai latte - 2.30, Large Mocha - 2.70, Large Smoothies - Carrot Kick - 2.50, Regular Mocha - 2.30",9.8,CASH,
09/09/2021 15:20,Edinburgh,James Bedell,"Large Chai latte - 2.60, Large Smoothies - Carrot Kick - 2.50, Regular Flavoured iced latte - Hazelnut - 2.75",7.85,CASH,
09/09/2021 15:21,Edinburgh,Virginia Howard,Regular Americano - 1.95,1.95,CARD,1564679464211088
09/09/2021 15:22,Edinburgh,Charles Cook,"Regular Flavoured iced latte - Hazelnut - 2.75, Large Flavoured iced latte - Hazelnut - 3.25, Large Americano - 2.25, Regular Speciality Tea - Earl Grey - 1.30",9.55,CARD,5480456614804987
09/09/2021 15:22,Edinburgh,Nancy Varela,"Large Americano - 2.25, Regular Smoothies - Carrot Kick - 2.00, Large Chai latte - 2.60, Large Flavoured iced latte - Hazelnut - 3.25, Regular Mocha - 2.30",12.4,CARD,3256700629097890
09/09/2021 15:23,Edinburgh,Joshua Allen,Large Speciality Tea - Green - 1.60,1.6,CARD,9303582422891026
09/09/2021 15:24,Edinburgh,John Barragan,Regular Speciality Tea - Earl Grey - 1.30,1.3,CARD,4220241521058686
09/09/2021 15:25,Edinburgh,Carlton Grote,Large Chai latte - 2.60,2.6,CARD,9149387621969904
09/09/2021 15:26,Edinburgh,Barbara Irons,"Regular Speciality Tea - Green - 1.30, Large Chai latte - 2.60",3.9,CARD,4623239712121712
09/09/2021 15:26,Edinburgh,Damon Apadoca,"Large Americano - 2.25, Regular Flavoured latte - Hazelnut - 2.55, Regular Americano - 1.95",6.75,CARD,4648437831457695
09/09/2021 15:27,Edinburgh,Dewayne Page,"Regular Speciality Tea - Green - 1.30, Regular Chai latte - 2.30, Regular Smoothies - Glowing Greens - 2.00, Large Speciality Tea - Green - 1.60",7.2,CARD,8848093584981761
09/09/2021 15:28,Edinburgh,Harold Bolden,Large Flavoured latte - Hazelnut - 2.85,2.85,CARD,5426123762096659
09/09/2021 15:29,Edinburgh,Linda Khim,"Regular Mocha - 2.30, Regular Flavoured latte - Hazelnut - 2.55, Large Speciality Tea - Green - 1.60",6.45,CARD,6935976456437343
09/09/2021 15:30,Edinburgh,Kenneth Rinehart,Large Smoothies - Carrot Kick - 2.50,2.5,CASH,
09/09/2021 15:31,Edinburgh,Kristen Nitz,Regular Speciality Tea - Earl Grey - 1.30,1.3,CARD,8914746068213053
09/09/2021 15:31,Edinburgh,Jessica Kobashigawa,"Large Speciality Tea - Green - 1.60, Large Mocha - 2.70, Regular Speciality Tea - Fruit - 1.30, Regular Speciality Tea - Earl Grey - 1.30",6.9,CARD,4976885187561116
09/09/2021 15:32,Edinburgh,Gregory Silva,"Large Flavoured iced latte - Hazelnut - 3.25, Regular Speciality Tea - Earl Grey - 1.30",4.55,CARD,4688071076933912
09/09/2021 15:33,Edinburgh,Rodger Dorsey,"Large Speciality Tea - Green - 1.60, Large Speciality Tea - Fruit - 1.60, Large Smoothies - Glowing Greens - 2.50, Regular Flavoured iced latte - Hazelnut - 2.75",8.45,CASH,
09/09/2021 15:34,Edinburgh,Santos Sanchez,Regular Chai latte - 2.30,2.3,CARD,6219972143844366
09/09/2021 15:35,Edinburgh,Debra Hart,"Large Americano - 2.25, Large Speciality Tea - Earl Grey - 1.60",3.85,CASH,
09/09/2021 15:35,Edinburgh,Marcus Wayman,"Large Speciality Tea - Earl Grey - 1.60, Regular Chai latte - 2.30, Regular Smoothies - Carrot Kick - 2.00",5.9,CARD,2205885938594408
09/09/2021 15:36,Edinburgh,Jack Henkel,Large Flavoured latte - Hazelnut - 2.85,2.85,CARD,5132299106183633
09/09/2021 15:37,Edinburgh,William Cole,"Large Speciality Tea - Earl Grey - 1.60, Regular Mocha - 2.30",3.9,CASH,
09/09/2021 15:38,Edinburgh,Nicholas Street,Regular Chai latte - 2.30,2.3,CARD,7287294746250080
09/09/2021 15:39,Edinburgh,Jeffrey Barahona,"Regular Flavoured iced latte - Hazelnut - 2.75, Large Flavoured latte - Hazelnut - 2.85",5.6,CASH,
09/09/2021 15:40,Edinburgh,Timothy Gonzales,"Large Chai latte - 2.60, Large Mocha - 2.70, Large Flavoured latte - Hazelnut - 2.85",8.15,CASH,
09/09/2021 15:40,Edinburgh,Jerry Mikos,Large Flavoured iced latte - Hazelnut - 3.25,3.25,CASH,
09/09/2021 15:41,Edinburgh,Danielle Hanshaw,"Large Americano - 2.25, Large Speciality Tea - Earl Grey - 1.60, Regular Smoothies - Carrot Kick - 2.00, Regular Speciality Tea - Fruit - 1.30, Large Speciality Tea - Green - 1.60, Regular Mocha - 2.30",11.05,CASH,
09/09/2021 15:42,Edinburgh,John Bourgeois,Large Mocha - 2.70,2.7,CARD,6684504706249425
09/09/2021 15:43,Edinburgh,James Myklebust,"Large Chai latte - 2.60, Regular Mocha - 2.30, Large Americano - 2.25",7.15,CARD,3890598325470385
09/09/2021 15:44,Edinburgh,Maxine Keenan,"Large Smoothies - Glowing Greens - 2.50, Regular Flavoured latte - Hazelnut - 2.55, Regular Mocha - 2.30, Regular Smoothies - Carrot Kick - 2.00, Large Chai latte - 2.60",11.95,CARD,7503835676144373
09/09/2021 15:44,Edinburgh,Alfredo Hutton,Large Speciality Tea - Fruit - 1.60,1.6,CASH,
09/09/2021 15:45,Edinburgh,Barbara Martinez,"Regular Smoothies - Glowing Greens - 2.00, Large Speciality Tea - Fruit - 1.60",3.6,CARD,8999274766915142
09/09/2021 15:46,Edinburgh,Mary Gilleland,"Regular Smoothies - Glowing Greens - 2.00, Large Speciality Tea - Earl Grey - 1.60, Large Smoothies - Glowing Greens - 2.50, Large Chai latte - 2.60",8.7,CARD,6032301058168174
09/09/2021 15:47,Edinburgh,Fannie Liptrot,Regular Americano - 1.95,1.95,CASH,
09/09/2021 15:48,Edinburgh,John Belanger,Large Flavoured iced latte - Hazelnut - 3.25,3.25,CASH,
09/09/2021 15:49,Edinburgh,Margaret Johnson,"Regular Mocha - 2.30, Large Speciality Tea - Earl Grey - 1.60, Regular Speciality Tea - Fruit - 1.30, Regular Americano - 1.95",7.15,CARD,5431265760154033
09/09/2021 15:49,Edinburgh,Robert Dungey,"Regular Americano - 1.95, Regular Smoothies - Glowing Greens - 2.00, Large Speciality Tea - Fruit - 1.60, Regular Americano - 1.95, Regular Speciality Tea - Green - 1.30",8.8,CARD,4335651541310789
09/09/2021 15:50,Edinburgh,Deanna Anderson,"Large Flavoured iced latte - Hazelnut - 3.25, Regular Speciality Tea - Green - 1.30, Regular Speciality Tea - Green - 1.30, Large Americano - 2.25",8.1,CARD,3424515139190257
09/09/2021 15:51,Edinburgh,Erma Paskett,"Large Flavoured latte - Hazelnut - 2.85, Large Speciality Tea - Earl Grey - 1.60",4.45,CARD,8236352502150639
09/09/2021 15:52,Edinburgh,Francis Grier,Regular Chai latte - 2.30,2.3,CASH,
09/09/2021 15:53,Edinburgh,Lula Arce,"Large Chai latte - 2.60, Large Speciality Tea - Earl Grey - 1.60, Regular Flavoured latte - Hazelnut - 2.55",6.75,CARD,8071095279123892
09/09/2021 15:53,Edinburgh,Dessie Janicki,"Regular Chai latte - 2.30, Regular Chai latte - 2.30, Regular Chai latte - 2.30, Regular Americano - 1.95",8.85,CARD,3638103035751290
09/09/2021 15:54,Edinburgh,Dorothy Back,"Regular Speciality Tea - Fruit - 1.30, Regular Speciality Tea - Earl Grey - 1.30, Large Americano - 2.25, Regular Speciality Tea - Earl Grey - 1.30, Large Speciality Tea - Green - 1.60, Regular Flavoured latte - Hazelnut - 2.55",10.3,CARD,2149745399301162
09/09/2021 15:55,Edinburgh,Rafael Bucker,Large Smoothies - Glowing Greens - 2.50,2.5,CARD,3523042801756230
09/09/2021 15:56,Edinburgh,Monnie Jones,"Regular Chai latte - 2.30, Large Americano - 2.25, Large Speciality Tea - Earl Grey - 1.60",6.15,CARD,7126130742801594
09/09/2021 15:57,Edinburgh,Samuel Vann,"Large Flavoured latte - Hazelnut - 2.85, Large Speciality Tea - Earl Grey - 1.60",4.45,CARD,1790604758007978
09/09/2021 15:58,Edinburgh,Leroy Black,"Regular Smoothies - Carrot Kick - 2.00, Large Flavoured iced latte - Hazelnut - 3.25",5.25,CASH,
09/09/2021 15:58,Edinburgh,Thomas Tamayo,"Large Smoothies - Carrot Kick - 2.50, Regular Chai latte - 2.30",4.8,CARD,5730746437668403
09/09/2021 15:59,Edinburgh,Cecile Cox,"Regular Speciality Tea - Green - 1.30, Regular Smoothies - Carrot Kick - 2.00",3.3,CARD,2173902756956785
09/09/2021 16:00,Edinburgh,Tom Mccluskey,Regular Smoothies - Glowing Greens - 2.00,2.0,CASH,
09/09/2021 16:03,Edinburgh,Christopher Bass,"Regular Mocha - 2.30, Regular Mocha - 2.30, Regular Chai latte - 2.30, Regular Chai latte - 2.30",9.2,CARD,6473623741444088
09/09/2021 16:06,Edinburgh,William Weis,"Regular Speciality Tea - Earl Grey - 1.30, Large Smoothies - Carrot Kick - 2.50, Large Speciality Tea - Fruit - 1.60",5.4,CARD,9665869445463181
09/09/2021 16:09,Edinburgh,James Rossi,Regular Speciality Tea - Green - 1.30,1.3,CARD,8763444748427366
09/09/2021 16:13,Edinburgh,John Hallock,Large Speciality Tea - Earl Grey - 1.60,1.6,CARD,2856111312425329
09/09/2021 16:16,Edinburgh,Hanna Drummond,"Regular Speciality Tea - Earl Grey - 1.30, Regular Speciality Tea - Earl Grey - 1.30, Large Speciality Tea - Fruit - 1.60, Regular Smoothies - Glowing Greens - 2.00",6.2,CASH,
09/09/2021 16:19,Edinburgh,Concha Burdett,"Large Chai latte - 2.60, Regular Flavoured latte - Hazelnut - 2.55, Regular Smoothies - Glowing Greens - 2.00, Large Chai latte - 2.60",9.75,CARD,7153032872316721
09/09/2021 16:22,Edinburgh,Eugenio Lovell,"Large Speciality Tea - Green - 1.60, Regular Smoothies - Carrot Kick - 2.00, Large Mocha - 2.70",6.3,CARD,1654822419301972
09/09/2021 16:25,Edinburgh,Stacey Samantha,Regular Smoothies - Carrot Kick - 2.00,2.0,CASH,
09/09/2021 16:28,Edinburgh,Cecile Martin,"Regular Chai latte - 2.30, Large Speciality Tea - Green - 1.60, Regular Mocha - 2.30, Large Flavoured latte - Hazelnut - 2.85, Regular Smoothies - Carrot Kick - 2.00, Large Flavoured iced latte - Hazelnut - 3.25",14.3,CARD,9423242884357052
09/09/2021 16:31,Edinburgh,Cindy Embry,"Regular Smoothies - Carrot Kick - 2.00, Large Americano - 2.25",4.25,CARD,1592396173828187
09/09/2021 16:35,Edinburgh,Edna German,Large Speciality Tea - Fruit - 1.60,1.6,CARD,1600501300705665
09/09/2021 16:38,Edinburgh,Patricia Shah,"Regular Americano - 1.95, Large Speciality Tea - Earl Grey - 1.60, Large Flavoured latte - Hazelnut - 2.85, Large Speciality Tea - Green - 1.60, Regular Speciality Tea - Fruit - 1.30",9.3,CARD,5219539584876483
09/09/2021 16:41,Edinburgh,Mary Taylor,Regular Flavoured iced latte - Hazelnut - 2.75,2.75,CASH,
09/09/2021 16:44,Edinburgh,Lisa Foy,"Large Smoothies - Carrot Kick - 2.50, Regular Flavoured iced latte - Hazelnut - 2.75, Large Smoothies - Carrot Kick - 2.50",7.75,CARD,5888711649127231
09/09/2021 16:47,Edinburgh,Louis Casanova,"Large Mocha - 2.70, Regular Flavoured latte - Hazelnut - 2.55, Large Smoothies - Carrot Kick - 2.50, Regular Mocha - 2.30, Large Speciality Tea - Earl Grey - 1.60",11.65,CASH,
09/09/2021 16:50,Edinburgh,Martha Fass,"Large Speciality Tea - Fruit - 1.60, Regular Chai latte - 2.30",3.9,CARD,7294738406174312
09/09/2021 16:54,Edinburgh,Mable Denmon,"Large Speciality Tea - Green - 1.60, Large Smoothies - Glowing Greens - 2.50, Regular Smoothies - Glowing Greens - 2.00, Regular Speciality Tea - Green - 1.30, Regular Speciality Tea - Green - 1.30",8.7,CARD,4554086120664431
09/09/2021 16:57,Edinburgh,Graham Moroz,"Regular Americano - 1.95, Regular Smoothies - Carrot Kick - 2.00",3.95,CARD,9310957496052511
