27/08/2021 09:00,Leeds,Katrina Richardson,"Large Speciality Tea - English breakfast - 1.60, Regular Hot Chocolate - 1.40",3.0,CASH,
27/08/2021 09:01,Leeds,Lowell Lurvey,Regular Hot Chocolate - 1.40,1.4,CARD,5818978579300822
27/08/2021 09:03,Leeds,Darrel Renyer,"Regular Chai latte - 2.30, Regular Filter coffee - 1.50, Large Hot Chocolate - 1.70, Regular Filter coffee - 1.50, Regular Chai latte - 2.30",9.3,CASH,
27/08/2021 09:04,Leeds,George George,Regular Iced americano - 2.15,2.15,CARD,3770082175973468
27/08/2021 09:06,Leeds,Lucinda Tongue,"Regular Speciality Tea - English breakfast - 1.30, Regular Filter coffee - 1.50, Regular Iced americano - 2.15, Large Iced americano - 2.50",7.45,CARD,1225121045277192
27/08/2021 09:08,Leeds,Stuart Davis,"Large Filter coffee - 1.80, Large Chai latte - 2.60, Large Iced americano - 2.50",6.9,CARD,8185541932614680
27/08/2021 09:09,Leeds,Ethel Pimental,"Large Chai latte - 2.60, Regular Iced americano - 2.15, Large Chai latte - 2.60, Large Hot Chocolate - 1.70, Regular Filter coffee - 1.50",10.55,CARD,9697145282786852
27/08/2021 09:11,Leeds,Maryjane Fahey,"Large Chai latte - 2.60, Regular Hot Chocolate - 1.40, Large Filter coffee - 1.80, Large Filter coffee - 1.80, Large Chai latte - 2.60",10.2,CASH,
27/08/2021 09:12,Leeds,Paul Morrison,"Regular Hot Chocolate - 1.40, Large Hot Chocolate - 1.70, Regular Chai latte - 2.30",5.4,CARD,4929675795725863
27/08/2021 09:14,Leeds,Madalyn Wray,"Large Hot Chocolate - 1.70, Large Filter coffee - 1.80, Regular Speciality Tea - English breakfast - 1.30, Regular Hot Chocolate - 1.40, Regular Iced americano - 2.15",8.35,CASH,
27/08/2021 09:16,Leeds,Raymond Clark,"Regular Speciality Tea - English breakfast - 1.30, Regular Speciality Tea - English breakfast - 1.30, Large Speciality Tea - English breakfast - 1.60, Regular Iced americano - 2.15",6.35,CARD,9282379031983753
27/08/2021 09:17,Leeds,James Rogers,"Regular Iced americano - 2.15, Large Filter coffee - 1.80",3.95,CASH,
27/08/2021 09:19,Leeds,Jamie Gomez,"Large Filter coffee - 1.80, Large Speciality Tea - English breakfast - 1.60, Regular Filter coffee - 1.50, Regular Filter coffee - 1.50",6.4,CASH,
27/08/2021 09:21,Leeds,Oscar Williams,"Large Hot Chocolate - 1.70, Regular Filter coffee - 1.50",3.2,CASH,
27/08/2021 09:22,Leeds,Issac Tankersley,"Regular Chai latte - 2.30, Regular Chai latte - 2.30",4.6,CARD,4651289267802390
27/08/2021 09:24,Leeds,Joaquin Dubose,"Regular Filter coffee - 1.50, Large Filter coffee - 1.80, Large Filter coffee - 1.80",5.1,CASH,
27/08/2021 09:25,Leeds,Meagan Clark,"Large Hot Chocolate - 1.70, Large Speciality Tea - English breakfast - 1.60, Regular Chai latte - 2.30, Regular Iced americano - 2.15, Regular Hot Chocolate - 1.40, Regular Iced americano - 2.15",11.3,CARD,6670026367331467
27/08/2021 09:27,Leeds,Jerry Lancaster,"Large Speciality Tea - English breakfast - 1.60, Large Chai latte - 2.60, Large Filter coffee - 1.80, Regular Filter coffee - 1.50",7.5,CASH,
27/08/2021 09:29,Leeds,Olivia Eklund,"Regular Hot Chocolate - 1.40, Large Hot Chocolate - 1.70, Large Filter coffee - 1.80",4.9,CARD,3968397599572615
27/08/2021 09:30,Leeds,Megan Evans,Regular Chai latte - 2.30,2.3,CARD,8184755313190557
27/08/2021 09:32,Leeds,Sharri Taylor,"Regular Filter coffee - 1.50, Regular Hot Chocolate - 1.40, Large Iced americano - 2.50, Large Iced americano - 2.50",7.9,CARD,2733394060199910
27/08/2021 09:33,Leeds,Mary Ferguson,"Regular Iced americano - 2.15, Regular Speciality Tea - English breakfast - 1.30, Large Chai latte - 2.60",6.05,CASH,
27/08/2021 09:35,Leeds,Amy Freedman,"Regular Speciality Tea - English breakfast - 1.30, Large Filter coffee - 1.80, Regular Iced americano - 2.15, Regular Chai latte - 2.30",7.55,CARD,1726873624828671
27/08/2021 09:37,Leeds,Mary Sawyer,"Regular Filter coffee - 1.50, Large Filter coffee - 1.80",3.3,CARD,5744774131029425
27/08/2021 09:38,Leeds,Kelvin Cook,Regular Chai latte - 2.30,2.3,CARD,5244485640042428
27/08/2021 09:40,Leeds,Hattie Kerr,"Regular Iced americano - 2.15, Regular Hot Chocolate - 1.40",3.55,CARD,7456488785447742
27/08/2021 09:42,Leeds,Kent Goins,"Large Chai latte - 2.60, Large Hot Chocolate - 1.70, Large Iced americano - 2.50",6.8,CARD,8171510662396079
27/08/2021 09:43,Leeds,Elizabeth Grey,Large Speciality Tea - English breakfast - 1.60,1.6,CASH,
27/08/2021 09:45,Leeds,Debbie Grimmer,"Large Filter coffee - 1.80, Regular Chai latte - 2.30, Regular Chai latte - 2.30, Large Chai latte - 2.60, Large Hot Chocolate - 1.70",10.7,CARD,3607822273652340
27/08/2021 09:46,Leeds,Juanita Araujo,"Regular Speciality Tea - English breakfast - 1.30, Large Filter coffee - 1.80, Large Filter coffee - 1.80",4.9,CARD,1303915824889611
27/08/2021 09:48,Leeds,Francisco Jellerson,"Regular Chai latte - 2.30, Large Hot Chocolate - 1.70, Large Iced americano - 2.50",6.5,CARD,4331860132401799
27/08/2021 09:50,Leeds,Michael Fine,"Large Filter coffee - 1.80, Large Filter coffee - 1.80, Regular Chai latte - 2.30, Regular Hot Chocolate - 1.40",7.3,CASH,
27/08/2021 09:51,Leeds,Rod Roberts,"Regular Speciality Tea - English breakfast - 1.30, Large Iced americano - 2.50",3.8,CARD,1339898962159044
27/08/2021 09:53,Leeds,Barbie Collins,"Large Hot Chocolate - 1.70, Regular Filter coffee - 1.50, Large Iced americano - 2.50",5.7,CARD,1799285310521185
27/08/2021 09:54,Leeds,Nathan Ultseh,"Large Hot Chocolate - 1.70, Regular Hot Chocolate - 1.40",3.1,CARD,2413438051003507
27/08/2021 09:56,Leeds,Hermelinda Delapp,"Regular Iced americano - 2.15, Large Chai latte - 2.60",4.75,CARD,4527869665197615
27/08/2021 09:58,Leeds,Howard Hurley,"Regular Iced americano - 2.15, Regular Hot Chocolate - 1.40",3.55,CARD,1866809234394957
27/08/2021 09:59,Leeds,Sandra French,"Regular Chai latte - 2.30, Regular Chai latte - 2.30, Regular Iced americano - 2.15, Large Speciality Tea - English breakfast - 1.60",8.35,CARD,5875947935016450
27/08/2021 10:01,Leeds,Jane Delancey,"Regular Hot Chocolate - 1.40, Regular Chai latte - 2.30, Regular Filter coffee - 1.50, Regular Filter coffee - 1.50, Large Hot Chocolate - 1.70",8.4,CARD,7344513746896783
27/08/2021 10:02,Leeds,Mary Russell,"Regular Filter coffee - 1.50, Large Chai latte - 2.60, Large Speciality Tea - English breakfast - 1.60",5.7,CARD,8012961061279937
27/08/2021 10:03,Leeds,Rebecca Hudock,"Regular Iced americano - 2.15, Large Hot Chocolate - 1.70, Regular Speciality Tea - English breakfast - 1.30",5.15,CARD,5503747739284250
27/08/2021 10:04,Leeds,Linda Lavoie,"Large Filter coffee - 1.80, Large Hot Chocolate - 1.70",3.5,CARD,8735451822559027
27/08/2021 10:05,Leeds,William Mccool,"Large Chai latte - 2.60, Large Hot Chocolate - 1.70, Regular Iced americano - 2.15, Regular Filter coffee - 1.50, Large Iced americano - 2.50",10.45,CASH,
27/08/2021 10:06,Leeds,Mildred King,"Large Chai latte - 2.60, Large Hot Chocolate - 1.70, Regular Chai latte - 2.30",6.6,CASH,
27/08/2021 10:07,Leeds,Mary Wittenberg,"Large Filter coffee - 1.80, Large Chai latte - 2.60, Regular Filter coffee - 1.50, Large Filter coffee - 1.80",7.7,CARD,8941869759215208
27/08/2021 10:08,Leeds,Todd Richard,"Regular Speciality Tea - English breakfast - 1.30, Regular Speciality Tea - English breakfast - 1.30",2.6,CARD,5868361169023053
27/08/2021 10:09,Leeds,George Washington,"Regular Hot Chocolate - 1.40, Regular Filter coffee - 1.50",2.9,CASH,
27/08/2021 10:11,Leeds,Leland Hamberg,"Regular Speciality Tea - English breakfast - 1.30, Large Chai latte - 2.60, Regular Chai latte - 2.30, Regular Iced americano - 2.15",8.35,CARD,8819171065752927
27/08/2021 10:12,Leeds,Brenda Hamilton,Regular Iced americano - 2.15,2.15,CARD,2208958808280629
27/08/2021 10:13,Leeds,Joshua Baker,Large Hot Chocolate - 1.70,1.7,CARD,6776308415283461
27/08/2021 10:14,Leeds,Mary Fletcher,"Regular Speciality Tea - English breakfast - 1.30, Large Chai latte - 2.60, Large Speciality Tea - English breakfast - 1.60, Large Filter coffee - 1.80, Regular Chai latte - 2.30",9.6,CARD,6949085161030901
27/08/2021 10:15,Leeds,Thomas Nenno,"Regular Filter coffee - 1.50, Large Speciality Tea - English breakfast - 1.60",3.1,CARD,7057292525160957
27/08/2021 10:16,Leeds,Pearl Stafford,"Large Hot Chocolate - 1.70, Large Hot Chocolate - 1.70, Regular Iced americano - 2.15",5.55,CARD,3055612886127144
27/08/2021 10:17,Leeds,Derrick Crowther,"Regular Chai latte - 2.30, Regular Speciality Tea - English breakfast - 1.30, Large Filter coffee - 1.80",5.4,CARD,3873312835418921
27/08/2021 10:18,Leeds,Victoria Grett,"Large Chai latte - 2.60, Large Filter coffee - 1.80",4.4,CASH,
27/08/2021 10:19,Leeds,Kimberly Hutchison,"Large Speciality Tea - English breakfast - 1.60, Large Speciality Tea - English breakfast - 1.60, Large Hot Chocolate - 1.70, Regular Hot Chocolate - 1.40",6.3,CARD,2424958452709502
27/08/2021 10:20,Leeds,Shannon Martin,"Large Chai latte - 2.60, Regular Chai latte - 2.30",4.9,CASH,
27/08/2021 10:21,Leeds,Frances Vallarta,"Regular Chai latte - 2.30, Large Hot Chocolate - 1.70, Regular Chai latte - 2.30, Large Chai latte - 2.60, Large Hot Chocolate - 1.70",10.6,CARD,3587376087025218
27/08/2021 10:22,Leeds,Bertha Brett,"Regular Iced americano - 2.15, Regular Filter coffee - 1.50",3.65,CARD,9432840135474281
27/08/2021 10:23,Leeds,Linda Fortunato,Regular Chai latte - 2.30,2.3,CASH,
27/08/2021 10:24,Leeds,Minerva Dafonte,"Large Iced americano - 2.50, Regular Iced americano - 2.15, Large Chai latte - 2.60",7.25,CARD,3809533073842144
27/08/2021 10:25,Leeds,Lynn Montgomery,"Large Filter coffee - 1.80, Regular Iced americano - 2.15, Regular Chai latte - 2.30",6.25,CASH,
27/08/2021 10:27,Leeds,Elizabeth Weiss,"Regular Chai latte - 2.30, Regular Chai latte - 2.30, Large Filter coffee - 1.80",6.4,CARD,7421326142560791
27/08/2021 10:28,Leeds,Lori Fink,"Large Iced americano - 2.50, Regular Chai latte - 2.30, Large Hot Chocolate - 1.70, Regular Filter coffee - 1.50, Large Hot Chocolate - 1.70, Regular Chai latte - 2.30",12.0,CASH,
27/08/2021 10:29,Leeds,King Shank,"Large Hot Chocolate - 1.70, Large Hot Chocolate - 1.70, Large Filter coffee - 1.80, Regular Chai latte - 2.30",7.5,CASH,
27/08/2021 10:30,Leeds,Scott Hunderlach,Regular Hot Chocolate - 1.40,1.4,CARD,4889900597278969
27/08/2021 10:31,Leeds,Kenneth Montgomery,"Large Chai latte - 2.60, Large Chai latte - 2.60",5.2,CARD,9820159671197425
27/08/2021 10:32,Leeds,Michael Orlando,"Regular Speciality Tea - English breakfast - 1.30, Large Hot Chocolate - 1.70",3.0,CARD,7408952709682208
27/08/2021 10:33,Leeds,Melissa Taylor,"Regular Iced americano - 2.15, Large Iced americano - 2.50, Large Filter coffee - 1.80, Regular Iced americano - 2.15",8.6,CASH,
27/08/2021 10:34,Leeds,James Patrick,Large Filter coffee - 1.80,1.8,CARD,4509460000253256
27/08/2021 10:35,Leeds,Crystal Smith,"Regular Hot Chocolate - 1.40, Large Chai latte - 2.60",4.0,CARD,9848722065972970
27/08/2021 10:36,Leeds,Jose Mcdonald,"Regular Filter coffee - 1.50, Large Chai latte - 2.60, Regular Chai latte - 2.30",6.4,CASH,
27/08/2021 10:37,Leeds,Adolph Seeds,"Large Filter coffee - 1.80, Regular Iced americano - 2.15, Large Speciality Tea - English breakfast - 1.60",5.55,CASH,
27/08/2021 10:38,Leeds,Heather Bello,"Regular Hot Chocolate - 1.40, Large Iced americano - 2.50, Large Speciality Tea - English breakfast - 1.60, Large Filter coffee - 1.80, Regular Iced americano - 2.15",9.45,CARD,4259457159250302
27/08/2021 10:39,Leeds,Elizabeth Larkin,"Large Speciality Tea - English breakfast - 1.60, Regular Filter coffee - 1.50, Large Chai latte - 2.60, Regular Speciality Tea - English breakfast - 1.30",7.0,CARD,1015111178908566
27/08/2021 10:40,Leeds,Nancy White,"Regular Speciality Tea - English breakfast - 1.30, Regular Chai latte - 2.30, Large Filter coffee - 1.80, Regular Hot Chocolate - 1.40",6.8,CARD,4697443900151903
27/08/2021 10:41,Leeds,Regina Wong,"Large Speciality Tea - English breakfast - 1.60, Large Hot Chocolate - 1.70, Regular Filter coffee - 1.50",4.8,CARD,6292472791979898
27/08/2021 10:43,Leeds,John Perkins,"Regular Speciality Tea - English breakfast - 1.30, Regular Speciality Tea - English breakfast - 1.30, Regular Chai latte - 2.30, Regular Hot Chocolate - 1.40",6.3,CARD,6680684067941926
27/08/2021 10:44,Leeds,Kenneth Maas,Regular Iced americano - 2.15,2.15,CASH,
27/08/2021 10:45,Leeds,Randolph Richardson,Large Filter coffee - 1.80,1.8,CARD,5074150395691221
27/08/2021 10:46,Leeds,Tara Laderman,"Regular Filter coffee - 1.50, Large Filter coffee - 1.80, Regular Iced americano - 2.15, Large Hot Chocolate - 1.70, Large Chai latte - 2.60",9.75,CARD,8481262186496752
27/08/2021 10:47,Leeds,Edgar Billings,"Regular Hot Chocolate - 1.40, Large Speciality Tea - English breakfast - 1.60, Large Hot Chocolate - 1.70",4.7,CASH,
27/08/2021 10:48,Leeds,Thomas Choat,"Regular Hot Chocolate - 1.40, Regular Filter coffee - 1.50",2.9,CARD,4312912631874020
27/08/2021 10:49,Leeds,Deborah Lawson,"Regular Speciality Tea - English breakfast - 1.30, Regular Chai latte - 2.30",3.6,CARD,9584004129419208
27/08/2021 10:50,Leeds,Michael Woods,"Regular Chai latte - 2.30, Regular Iced americano - 2.15, Large Speciality Tea - English breakfast - 1.60, Regular Iced americano - 2.15",8.2,CASH,
27/08/2021 10:51,Leeds,Macie Kendrick,"Large Speciality Tea - English breakfast - 1.60, Regular Chai latte - 2.30, Regular Filter coffee - 1.50, Regular Chai latte - 2.30, Regular Chai latte - 2.30, Regular Hot Chocolate - 1.40",11.4,CASH,
27/08/2021 10:52,Leeds,Carter Gonzalez,"Large Hot Chocolate - 1.70, Regular Filter coffee - 1.50, Large Chai latte - 2.60, Large Iced americano - 2.50",8.3,CARD,7338599833839234
27/08/2021 10:53,Leeds,Shannon Shaffer,"Regular Chai latte - 2.30, Large Hot Chocolate - 1.70",4.0,CARD,9719736085982556
27/08/2021 10:54,Leeds,Mary Mikel,Large Hot Chocolate - 1.70,1.7,CARD,4115292813285403
27/08/2021 10:55,Leeds,Sonja Green,"Regular Hot Chocolate - 1.40, Large Chai latte - 2.60, Regular Filter coffee - 1.50, Large Iced americano - 2.50",8.0,CARD,7750994902226834
27/08/2021 10:56,Leeds,Ana Randolph,"Regular Hot Chocolate - 1.40, Regular Chai latte - 2.30",3.7,CARD,6007012397512891
27/08/2021 10:57,Leeds,Maynard Oreilly,"Regular Filter coffee - 1.50, Large Speciality Tea - English breakfast - 1.60, Large Filter coffee - 1.80",4.9,CARD,9272166437466640
27/08/2021 10:59,Leeds,Lester Kimsey,"Large Filter coffee - 1.80, Regular Speciality Tea - English breakfast - 1.30, Regular Iced americano - 2.15",5.25,CARD,8494480096549443
27/08/2021 11:00,Leeds,Diane Smith,"Regular Hot Chocolate - 1.40, Regular Speciality Tea - English breakfast - 1.30, Large Chai latte - 2.60, Regular Hot Chocolate - 1.40, Regular Iced americano - 2.15, Regular Speciality Tea - English breakfast - 1.30",10.15,CARD,1959959902145639
27/08/2021 11:04,Leeds,Monte Lucas,"Regular Filter coffee - 1.50, Regular Speciality Tea - English breakfast - 1.30",2.8,CARD,4337232798788127
27/08/2021 11:08,Leeds,Tom Burch,"Regular Chai latte - 2.30, Regular Hot Chocolate - 1.40",3.7,CARD,8403145621653457
27/08/2021 11:12,Leeds,Enrique Tyson,"Large Chai latte - 2.60, Regular Filter coffee - 1.50",4.1,CARD,1683312505581449
27/08/2021 11:16,Leeds,Jeffrey Jordan,Large Filter coffee - 1.80,1.8,CASH,
27/08/2021 11:20,Leeds,Cinthia Hamilton,"Regular Chai latte - 2.30, Regular Iced americano - 2.15, Large Hot Chocolate - 1.70",6.15,CARD,8400690853362952
27/08/2021 11:24,Leeds,Ronald Haecker,Large Iced americano - 2.50,2.5,CARD,9228657089280576
27/08/2021 11:28,Leeds,Sheila Kraus,"Regular Hot Chocolate - 1.40, Large Iced americano - 2.50, Large Filter coffee - 1.80",5.7,CARD,8946655616797829
27/08/2021 11:32,Leeds,Janice Pritchard,Regular Speciality Tea - English breakfast - 1.30,1.3,CARD,6731367143508504
27/08/2021 11:36,Leeds,Scott Dudley,"Regular Speciality Tea - English breakfast - 1.30, Large Filter coffee - 1.80",3.1,CARD,2066623575824555
27/08/2021 11:40,Leeds,Maggie Taque,"Regular Hot Chocolate - 1.40, Large Speciality Tea - English breakfast - 1.60, Regular Filter coffee - 1.50, Large Speciality Tea - English breakfast - 1.60",6.1,CARD,5969558087256382
27/08/2021 11:44,Leeds,Hope Burke,"Large Chai latte - 2.60, Regular Chai latte - 2.30",4.9,CASH,
27/08/2021 11:48,Leeds,Phoebe Rodriguez,Regular Iced americano - 2.15,2.15,CARD,1899507141614658
27/08/2021 11:52,Leeds,Wayne Flores,"Regular Hot Chocolate - 1.40, Regular Filter coffee - 1.50",2.9,CARD,8457059564464663
27/08/2021 11:56,Leeds,Kaylee Smith,"Regular Chai latte - 2.30, Regular Speciality Tea - English breakfast - 1.30",3.6,CARD,3222885895017819
27/08/2021 12:00,Leeds,William Payton,Regular Iced americano - 2.15,2.15,CASH,
27/08/2021 12:01,Leeds,Brandon Barlowe,"Regular Speciality Tea - English breakfast - 1.30, Large Chai latte - 2.60",3.9,CARD,5661174266494090
27/08/2021 12:03,Leeds,Jake Vidrio,"Large Speciality Tea - English breakfast - 1.60, Regular Speciality Tea - English breakfast - 1.30",2.9,CASH,
27/08/2021 12:05,Leeds,Angel Reed,"Large Speciality Tea - English breakfast - 1.60, Regular Speciality Tea - English breakfast - 1.30, Large Chai latte - 2.60, Regular Filter coffee - 1.50",7.0,CARD,1448370238141341
27/08/2021 12:06,Leeds,Anna Morales,Regular Filter coffee - 1.50,1.5,CASH,
27/08/2021 12:08,Leeds,Wesley Roth,"Large Filter coffee - 1.80, Large Chai latte - 2.60",4.4,CASH,
27/08/2021 12:10,Leeds,Linda Haas,Large Iced americano - 2.50,2.5,CASH,
27/08/2021 12:11,Leeds,Donna Taylor,"Large Speciality Tea - English breakfast - 1.60, Large Filter coffee - 1.80, Regular Speciality Tea - English breakfast - 1.30",4.7,CARD,5121977739369948
27/08/2021 12:13,Leeds,Caitlin Rivers,"Large Iced americano - 2.50, Large Iced americano - 2.50, Large Filter coffee - 1.80",6.8,CARD,4647320619938376
27/08/2021 12:15,Leeds,Virginia Wilson,Regular Iced americano - 2.15,2.15,CARD,2853871283513570
27/08/2021 12:16,Leeds,Ada Lolley,"Regular Chai latte - 2.30, Regular Filter coffee - 1.50",3.8,CARD,4509722231555879
27/08/2021 12:18,Leeds,Carolyn Ochoa,"Regular Speciality Tea - English breakfast - 1.30, Regular Speciality Tea - English breakfast - 1.30",2.6,CARD,8839447826698282
27/08/2021 12:20,Leeds,Willie Cook,"Large Hot Chocolate - 1.70, Regular Speciality Tea - English breakfast - 1.30",3.0,CASH,
27/08/2021 12:21,Leeds,Rachel Rodriguez,"Large Hot Chocolate - 1.70, Regular Filter coffee - 1.50",3.2,CARD,5913644398525607
27/08/2021 12:23,Leeds,Susan Davis,"Regular Chai latte - 2.30, Large Speciality Tea - English breakfast - 1.60, Regular Speciality Tea - English breakfast - 1.30, Regular Hot Chocolate - 1.40, Large Iced americano - 2.50",9.1,CARD,3927857499638412
27/08/2021 12:25,Leeds,Carolyn Stroik,"Large Chai latte - 2.60, Regular Speciality Tea - English breakfast - 1.30, Regular Hot Chocolate - 1.40",5.3,CARD,4333698856785167
27/08/2021 12:26,Leeds,David Hacker,"Large Filter coffee - 1.80, Regular Hot Chocolate - 1.40, Regular Chai latte - 2.30",5.5,CARD,7560186020928303
27/08/2021 12:28,Leeds,Dawn Bewley,Regular Speciality Tea - English breakfast - 1.30,1.3,CARD,8376544499111155
27/08/2021 12:30,Leeds,Donna Taylor,Large Hot Chocolate - 1.70,1.7,CARD,3672432102630816
27/08/2021 12:31,Leeds,Jamie Underhill,Regular Iced americano - 2.15,2.15,CARD,9080469114331929
27/08/2021 12:33,Leeds,Sam Royer,"Large Filter coffee - 1.80, Regular Filter coffee - 1.50, Regular Iced americano - 2.15",5.45,CARD,2864831936994373
27/08/2021 12:35,Leeds,Heather Davidson,"Large Chai latte - 2.60, Regular Chai latte - 2.30",4.9,CASH,
27/08/2021 12:36,Leeds,Alicia Brown,Large Hot Chocolate - 1.70,1.7,CARD,6388955070545877
27/08/2021 12:38,Leeds,Paula Menendez,"Regular Speciality Tea - English breakfast - 1.30, Regular Filter coffee - 1.50",2.8,CASH,
27/08/2021 12:40,Leeds,Beulah Cash,"Regular Speciality Tea - English breakfast - 1.30, Large Filter coffee - 1.80",3.1,CARD,8643301597132263
27/08/2021 12:41,Leeds,Oscar Brown,"Large Hot Chocolate - 1.70, Large Chai latte - 2.60, Large Iced americano - 2.50",6.8,CARD,7527621211500403
27/08/2021 12:43,Leeds,Eula Preston,"Regular Speciality Tea - English breakfast - 1.30, Regular Iced americano - 2.15",3.45,CARD,4447150028955396
27/08/2021 12:45,Leeds,Jessica Harrison,"Large Chai latte - 2.60, Large Iced americano - 2.50, Regular Chai latte - 2.30, Large Speciality Tea - English breakfast - 1.60",9.0,CARD,4667895483974988
27/08/2021 12:46,Leeds,Joseph Vetter,"Regular Speciality Tea - English breakfast - 1.30, Regular Chai latte - 2.30",3.6,CARD,1971701703079755
27/08/2021 12:48,Leeds,Shanel Clayton,Large Filter coffee - 1.80,1.8,CASH,
27/08/2021 12:50,Leeds,Dennis Williamson,"Regular Filter coffee - 1.50, Regular Filter coffee - 1.50, Large Speciality Tea - English breakfast - 1.60",4.6,CARD,9141271756595968
27/08/2021 12:51,Leeds,Charles Finger,Regular Speciality Tea - English breakfast - 1.30,1.3,CARD,2606258398225529
27/08/2021 12:53,Leeds,Richard Estes,"Regular Hot Chocolate - 1.40, Large Iced americano - 2.50, Regular Speciality Tea - English breakfast - 1.30, Large Chai latte - 2.60",7.8,CASH,
27/08/2021 12:55,Leeds,David Lee,"Large Filter coffee - 1.80, Regular Hot Chocolate - 1.40, Large Speciality Tea - English breakfast - 1.60, Regular Hot Chocolate - 1.40",6.2,CASH,
27/08/2021 12:56,Leeds,Melanie Jackson,"Large Chai latte - 2.60, Large Filter coffee - 1.80",4.4,CARD,2756653776458675
27/08/2021 12:58,Leeds,Nicholas Lovette,Regular Chai latte - 2.30,2.3,CARD,2885919605185196
27/08/2021 13:00,Leeds,Lydia Callender,Regular Chai latte - 2.30,2.3,CARD,9519972549000465
27/08/2021 13:00,Leeds,Andrew Quincel,Regular Filter coffee - 1.50,1.5,CASH,
27/08/2021 13:01,Leeds,Thomas Jones,"Large Filter coffee - 1.80, Large Filter coffee - 1.80",3.6,CASH,
27/08/2021 13:02,Leeds,Alfred Mcdaniel,"Regular Chai latte - 2.30, Large Iced americano - 2.50, Regular Filter coffee - 1.50, Regular Speciality Tea - English breakfast - 1.30",7.6,CASH,
27/08/2021 13:03,Leeds,Louis Herzberg,"Large Chai latte - 2.60, Regular Iced americano - 2.15",4.75,CARD,7155288653554059
27/08/2021 13:04,Leeds,Joseph Gilbert,"Regular Filter coffee - 1.50, Regular Hot Chocolate - 1.40",2.9,CASH,
27/08/2021 13:05,Leeds,David Edwards,"Large Hot Chocolate - 1.70, Large Chai latte - 2.60",4.3,CASH,
27/08/2021 13:05,Leeds,Elsie Key,"Regular Speciality Tea - English breakfast - 1.30, Large Iced americano - 2.50, Large Iced americano - 2.50, Regular Chai latte - 2.30",8.6,CARD,6863005770460561
27/08/2021 13:06,Leeds,Melissa Bolding,Regular Filter coffee - 1.50,1.5,CARD,9563409899419356
27/08/2021 13:07,Leeds,Franklyn Dudley,"Regular Speciality Tea - English breakfast - 1.30, Regular Chai latte - 2.30",3.6,CARD,5679845134595983
27/08/2021 13:08,Leeds,Cristine Denney,Regular Filter coffee - 1.50,1.5,CARD,5050590748572432
27/08/2021 13:09,Leeds,Judith Wright,Large Chai latte - 2.60,2.6,CARD,8447553143503652
27/08/2021 13:10,Leeds,Horace Berry,"Large Chai latte - 2.60, Regular Iced americano - 2.15, Regular Filter coffee - 1.50, Regular Filter coffee - 1.50",7.75,CASH,
27/08/2021 13:10,Leeds,Helen Hoover,Large Speciality Tea - English breakfast - 1.60,1.6,CARD,5582044432265738
27/08/2021 13:11,Leeds,Christina Driggers,"Regular Filter coffee - 1.50, Regular Chai latte - 2.30",3.8,CARD,1589895926769305
27/08/2021 13:12,Leeds,Arthur Sylvester,"Regular Chai latte - 2.30, Regular Speciality Tea - English breakfast - 1.30",3.6,CARD,8788504072389082
27/08/2021 13:13,Leeds,Gary Russell,"Regular Hot Chocolate - 1.40, Regular Chai latte - 2.30, Large Filter coffee - 1.80, Large Filter coffee - 1.80",7.3,CASH,
27/08/2021 13:14,Leeds,Dennis Lamb,"Regular Speciality Tea - English breakfast - 1.30, Large Speciality Tea - English breakfast - 1.60",2.9,CARD,5578632360653679
27/08/2021 13:15,Leeds,Fred Allen,"Large Filter coffee - 1.80, Large Filter coffee - 1.80, Regular Speciality Tea - English breakfast - 1.30, Regular Filter coffee - 1.50, Large Filter coffee - 1.80",8.2,CARD,2107639236577365
27/08/2021 13:15,Leeds,Theresa Castor,"Regular Hot Chocolate - 1.40, Large Filter coffee - 1.80",3.2,CARD,5819416182997621
27/08/2021 13:16,Leeds,Donald Nelson,"Large Chai latte - 2.60, Regular Hot Chocolate - 1.40, Large Hot Chocolate - 1.70",5.7,CARD,2700790560720026
27/08/2021 13:17,Leeds,Timothy Slowinski,"Large Hot Chocolate - 1.70, Regular Hot Chocolate - 1.40, Large Filter coffee - 1.80, Large Chai latte - 2.60",7.5,CARD,1195580824716573
27/08/2021 13:18,Leeds,Richard Connell,"Regular Chai latte - 2.30, Large Speciality Tea - English breakfast - 1.60",3.9,CARD,6994286270960960
27/08/2021 13:19,Leeds,Cheryl Wilson,"Regular Chai latte - 2.30, Regular Speciality Tea - English breakfast - 1.30, Large Hot Chocolate - 1.70",5.3,CARD,3732884087772107
27/08/2021 13:20,Leeds,Billye Kennard,"Large Filter coffee - 1.80, Regular Chai latte - 2.30",4.1,CARD,4776498066341961
27/08/2021 13:20,Leeds,Gary Lumpkin,"Regular Hot Chocolate - 1.40, Regular Speciality Tea - English breakfast - 1.30, Regular Chai latte - 2.30",5.0,CARD,8098822571398276
27/08/2021 13:21,Leeds,Larry Brown,Large Filter coffee - 1.80,1.8,CASH,
27/08/2021 13:22,Leeds,Shellie Chavis,"Large Speciality Tea - English breakfast - 1.60, Large Iced americano - 2.50",4.1,CASH,
27/08/2021 13:23,Leeds,Bonnie Woodie,"Large Iced americano - 2.50, Regular Iced americano - 2.15",4.65,CARD,3837529873064883
27/08/2021 13:24,Leeds,Humberto Sloan,"Large Hot Chocolate - 1.70, Regular Speciality Tea - English breakfast - 1.30, Regular Chai latte - 2.30, Regular Hot Chocolate - 1.40, Large Hot Chocolate - 1.70, Regular Filter coffee - 1.50",9.9,CARD,3155970360715129
27/08/2021 13:25,Leeds,Leona Mixson,"Regular Iced americano - 2.15, Large Hot Chocolate - 1.70, Large Iced americano - 2.50, Large Iced americano - 2.50",8.85,CARD,8246319094594220
27/08/2021 13:25,Leeds,Florence Mcafee,"Regular Iced americano - 2.15, Large Filter coffee - 1.80, Regular Hot Chocolate - 1.40",5.35,CARD,5065801980434284
27/08/2021 13:26,Leeds,Amy Harcourt,"Large Filter coffee - 1.80, Large Iced americano - 2.50",4.3,CARD,7382396101302372
27/08/2021 13:27,Leeds,Edward Lloyd,Regular Filter coffee - 1.50,1.5,CASH,
27/08/2021 13:28,Leeds,Dessie Hood,"Large Speciality Tea - English breakfast - 1.60, Large Iced americano - 2.50, Regular Filter coffee - 1.50",5.6,CARD,4920847299431072
27/08/2021 13:29,Leeds,Gary Tiger,"Regular Speciality Tea - English breakfast - 1.30, Large Chai latte - 2.60",3.9,CARD,3621450691021187
27/08/2021 13:30,Leeds,Kelly Woods,"Large Hot Chocolate - 1.70, Regular Iced americano - 2.15, Regular Chai latte - 2.30",6.15,CASH,
27/08/2021 13:30,Leeds,Deanna Mason,Regular Speciality Tea - English breakfast - 1.30,1.3,CARD,3175364283416976
27/08/2021 13:31,Leeds,Jack Watland,"Regular Iced americano - 2.15, Large Chai latte - 2.60, Regular Chai latte - 2.30, Large Filter coffee - 1.80, Large Filter coffee - 1.80, Large Filter coffee - 1.80",12.45,CARD,5740055388155778
27/08/2021 13:32,Leeds,Jack Hirsch,"Regular Filter coffee - 1.50, Regular Speciality Tea - English breakfast - 1.30, Regular Filter coffee - 1.50, Large Iced americano - 2.50, Large Chai latte - 2.60",9.4,CARD,1809918823958964
27/08/2021 13:33,Leeds,John Grant,Regular Chai latte - 2.30,2.3,CARD,8920219840767397
27/08/2021 13:34,Leeds,Ruby Zeigler,"Large Speciality Tea - English breakfast - 1.60, Large Filter coffee - 1.80, Regular Filter coffee - 1.50, Large Iced americano - 2.50, Large Filter coffee - 1.80",9.2,CARD,4099398844546483
27/08/2021 13:35,Leeds,Gwendolyn Aragon,"Large Filter coffee - 1.80, Regular Filter coffee - 1.50",3.3,CARD,2647120063096902
27/08/2021 13:35,Leeds,Mildred Sparrow,"Regular Speciality Tea - English breakfast - 1.30, Regular Chai latte - 2.30, Regular Filter coffee - 1.50",5.1,CASH,
27/08/2021 13:36,Leeds,Andrew Hall,"Large Iced americano - 2.50, Large Chai latte - 2.60",5.1,CARD,6280743366934241
27/08/2021 13:37,Leeds,Howard Heald,"Regular Filter coffee - 1.50, Large Speciality Tea - English breakfast - 1.60",3.1,CARD,3754392423825342
27/08/2021 13:38,Leeds,Walter Hicks,Large Filter coffee - 1.80,1.8,CASH,
27/08/2021 13:39,Leeds,Barbara Hardin,"Regular Chai latte - 2.30, Large Chai latte - 2.60",4.9,CARD,5316115958065372
27/08/2021 13:40,Leeds,Calvin Brock,Large Speciality Tea - English breakfast - 1.60,1.6,CARD,3806527583344375
27/08/2021 13:40,Leeds,Lawrence Holt,Regular Filter coffee - 1.50,1.5,CARD,5418289049219418
27/08/2021 13:41,Leeds,Wanda Reed,Regular Filter coffee - 1.50,1.5,CARD,5834808943283241
27/08/2021 13:42,Leeds,Christina Beausoleil,Regular Filter coffee - 1.50,1.5,CARD,5962354705707727
27/08/2021 13:43,Leeds,John Zabel,"Regular Filter coffee - 1.50, Large Chai latte - 2.60, Large Speciality Tea - English breakfast - 1.60, Large Speciality Tea - English breakfast - 1.60, Regular Filter coffee - 1.50",8.8,CASH,
27/08/2021 13:44,Leeds,Cory Button,"Regular Filter coffee - 1.50, Regular Chai latte - 2.30, Regular Hot Chocolate - 1.40, Large Filter coffee - 1.80, Regular Iced americano - 2.15",9.15,CARD,3930046508816963
27/08/2021 13:45,Leeds,Sidney Wheeler,"Regular Speciality Tea - English breakfast - 1.30, Regular Filter coffee - 1.50, Regular Chai latte - 2.30, Large Hot Chocolate - 1.70",6.8,CARD,2086007892873100
27/08/2021 13:45,Leeds,Madeline Winkles,"Regular Hot Chocolate - 1.40, Large Filter coffee - 1.80",3.2,CARD,3560980216336079
27/08/2021 13:46,Leeds,David Weaver,"Large Filter coffee - 1.80, Regular Chai latte - 2.30, Regular Filter coffee - 1.50",5.6,CARD,4030988176341144
27/08/2021 13:47,Leeds,Brian Ragsdale,"Large Iced americano - 2.50, Regular Hot Chocolate - 1.40",3.9,CASH,
27/08/2021 13:48,Leeds,Mathew Moreland,"Regular Speciality Tea - English breakfast - 1.30, Regular Hot Chocolate - 1.40",2.7,CASH,
27/08/2021 13:49,Leeds,Gary Orozco,"Large Chai latte - 2.60, Regular Speciality Tea - English breakfast - 1.30, Regular Chai latte - 2.30, Large Iced americano - 2.50, Large Chai latte - 2.60",11.3,CARD,6778969077558744
27/08/2021 13:50,Leeds,Barry Andrews,Regular Chai latte - 2.30,2.3,CARD,2114471708124361
27/08/2021 13:50,Leeds,Mark Mccasland,"Large Iced americano - 2.50, Regular Hot Chocolate - 1.40, Regular Filter coffee - 1.50, Large Hot Chocolate - 1.70",7.1,CASH,
27/08/2021 13:51,Leeds,Gerald Harper,Regular Chai latte - 2.30,2.3,CARD,1916869067347975
27/08/2021 13:52,Leeds,Charles Johnson,"Large Speciality Tea - English breakfast - 1.60, Regular Speciality Tea - English breakfast - 1.30, Large Chai latte - 2.60, Large Hot Chocolate - 1.70, Regular Chai latte - 2.30",9.5,CARD,6112825102924925
27/08/2021 13:53,Leeds,Ruby Shaw,Large Chai latte - 2.60,2.6,CARD,5935349328693898
27/08/2021 13:54,Leeds,William Stallings,Large Speciality Tea - English breakfast - 1.60,1.6,CARD,8712819424058599
27/08/2021 13:55,Leeds,David Mcannally,"Regular Filter coffee - 1.50, Large Filter coffee - 1.80",3.3,CARD,4855371928724219
27/08/2021 13:55,Leeds,Robin Arroyo,"Regular Filter coffee - 1.50, Regular Chai latte - 2.30",3.8,CARD,7173978287262656
27/08/2021 13:56,Leeds,Linda Webster,"Regular Iced americano - 2.15, Large Chai latte - 2.60",4.75,CARD,8070900352912603
27/08/2021 13:57,Leeds,Mary Hooker,"Regular Chai latte - 2.30, Large Speciality Tea - English breakfast - 1.60, Large Speciality Tea - English breakfast - 1.60, Large Filter coffee - 1.80, Regular Filter coffee - 1.50",8.8,CARD,1423142584149844
27/08/2021 13:58,Leeds,Eileen Mills,"Regular Chai latte - 2.30, Large Chai latte - 2.60, Regular Filter coffee - 1.50",6.4,CARD,8819854219892554
27/08/2021 13:59,Leeds,Patricia Henderson,Large Filter coffee - 1.80,1.8,CARD,8678568066114861
27/08/2021 14:00,Leeds,Rachel Pelter,"Regular Iced americano - 2.15, Regular Filter coffee - 1.50, Regular Filter coffee - 1.50",5.15,CARD,6024920249658842
27/08/2021 14:01,Leeds,John Lorona,"Large Filter coffee - 1.80, Large Hot Chocolate - 1.70",3.5,CARD,5773682702706039
27/08/2021 14:02,Leeds,Justin Thomas,"Regular Hot Chocolate - 1.40, Regular Chai latte - 2.30, Large Filter coffee - 1.80, Large Filter coffee - 1.80, Large Filter coffee - 1.80",9.1,CASH,
27/08/2021 14:02,Leeds,Victor Harper,"Regular Chai latte - 2.30, Large Hot Chocolate - 1.70, Regular Hot Chocolate - 1.40, Large Filter coffee - 1.80",7.2,CASH,
27/08/2021 14:03,Leeds,Jeffery Phillips,Regular Chai latte - 2.30,2.3,CARD,5827186706417139
27/08/2021 14:04,Leeds,Carrie Bertrand,"Regular Hot Chocolate - 1.40, Large Hot Chocolate - 1.70, Large Speciality Tea - English breakfast - 1.60, Large Chai latte - 2.60",7.3,CARD,9753591819381900
27/08/2021 14:05,Leeds,Shonda Hawkin,"Large Iced americano - 2.50, Regular Speciality Tea - English breakfast - 1.30, Large Chai latte - 2.60",6.4,CARD,8475507967938640
27/08/2021 14:06,Leeds,Marie Mcmunn,"Large Filter coffee - 1.80, Regular Speciality Tea - English breakfast - 1.30",3.1,CASH,
27/08/2021 14:07,Leeds,Marianne Alaniz,"Large Hot Chocolate - 1.70, Regular Filter coffee - 1.50, Regular Iced americano - 2.15",5.35,CARD,6776873336802450
27/08/2021 14:08,Leeds,Sharon Wheeler,"Large Speciality Tea - English breakfast - 1.60, Regular Speciality Tea - English breakfast - 1.30",2.9,CARD,1755240462068438
27/08/2021 14:09,Leeds,Larry Hammer,"Regular Iced americano - 2.15, Regular Filter coffee - 1.50, Large Iced americano - 2.50",6.15,CARD,5273119786276405
27/08/2021 14:10,Leeds,Everette Covington,"Regular Iced americano - 2.15, Regular Chai latte - 2.30, Regular Hot Chocolate - 1.40, Regular Filter coffee - 1.50, Regular Chai latte - 2.30, Regular Iced americano - 2.15",11.8,CARD,7926109082413899
27/08/2021 14:11,Leeds,Henry Montenegro,"Regular Iced americano - 2.15, Regular Filter coffee - 1.50, Large Hot Chocolate - 1.70",5.35,CARD,8071448588293474
27/08/2021 14:12,Leeds,Peggy Torres,"Regular Chai latte - 2.30, Regular Iced americano - 2.15",4.45,CARD,9059430444159985
27/08/2021 14:13,Leeds,Adam Steffensmeier,Large Iced americano - 2.50,2.5,CASH,
27/08/2021 14:14,Leeds,Kathleen Paladino,Regular Filter coffee - 1.50,1.5,CARD,4218952038830832
27/08/2021 14:15,Leeds,Donna Engleman,"Regular Filter coffee - 1.50, Large Speciality Tea - English breakfast - 1.60, Regular Iced americano - 2.15",5.25,CARD,5443478200232331
27/08/2021 14:16,Leeds,Patricia Gonzales,Large Chai latte - 2.60,2.6,CARD,2376398990264683
27/08/2021 14:17,Leeds,Theodore Oneil,Regular Chai latte - 2.30,2.3,CASH,
27/08/2021 14:18,Leeds,Lance Johnson,Regular Chai latte - 2.30,2.3,CARD,5442472957326773
27/08/2021 14:19,Leeds,Alice Geer,"Regular Filter coffee - 1.50, Large Hot Chocolate - 1.70",3.2,CARD,3186750230394919
27/08/2021 14:20,Leeds,Anne Campbell,"Regular Chai latte - 2.30, Large Chai latte - 2.60",4.9,CARD,3891357269295341
27/08/2021 14:21,Leeds,Jonathan Mcclean,"Large Filter coffee - 1.80, Large Chai latte - 2.60",4.4,CARD,3698904104346063
27/08/2021 14:21,Leeds,Ethel Goyco,"Regular Filter coffee - 1.50, Large Iced americano - 2.50, Regular Hot Chocolate - 1.40, Regular Chai latte - 2.30, Large Iced americano - 2.50",10.2,CASH,
27/08/2021 14:22,Leeds,Shannon Crandall,Regular Chai latte - 2.30,2.3,CARD,5482828578345560
27/08/2021 14:23,Leeds,Jonathan Stansbury,"Large Hot Chocolate - 1.70, Regular Chai latte - 2.30, Large Hot Chocolate - 1.70",5.7,CARD,2798262189833867
27/08/2021 14:24,Leeds,Lance New,"Large Chai latte - 2.60, Regular Speciality Tea - English breakfast - 1.30",3.9,CARD,5851299629065726
27/08/2021 14:25,Leeds,Stormy Johnson,"Large Chai latte - 2.60, Large Chai latte - 2.60, Regular Chai latte - 2.30, Regular Hot Chocolate - 1.40, Large Filter coffee - 1.80",10.7,CARD,8127770046566223
27/08/2021 14:26,Leeds,David Ribble,"Large Iced americano - 2.50, Regular Speciality Tea - English breakfast - 1.30, Large Chai latte - 2.60, Large Chai latte - 2.60, Regular Hot Chocolate - 1.40, Large Filter coffee - 1.80",12.2,CASH,
27/08/2021 14:27,Leeds,Jason Bradley,"Regular Chai latte - 2.30, Large Filter coffee - 1.80, Large Speciality Tea - English breakfast - 1.60",5.7,CARD,6700012754072583
27/08/2021 14:28,Leeds,Charlene Smith,Regular Hot Chocolate - 1.40,1.4,CARD,6471932642995537
27/08/2021 14:29,Leeds,Heidi Tipton,"Large Chai latte - 2.60, Large Iced americano - 2.50, Regular Hot Chocolate - 1.40, Large Filter coffee - 1.80, Large Filter coffee - 1.80",10.1,CARD,6680301578095947
27/08/2021 14:30,Leeds,Victor Cline,"Regular Iced americano - 2.15, Regular Chai latte - 2.30, Regular Chai latte - 2.30, Regular Chai latte - 2.30",9.05,CARD,1050871284588128
27/08/2021 14:31,Leeds,Paula Krause,Regular Iced americano - 2.15,2.15,CARD,9628606326182376
27/08/2021 14:32,Leeds,Arthur Vassallo,"Large Filter coffee - 1.80, Large Iced americano - 2.50, Regular Iced americano - 2.15",6.45,CARD,9637289681566621
27/08/2021 14:33,Leeds,John Bernd,"Large Filter coffee - 1.80, Large Filter coffee - 1.80",3.6,CASH,
27/08/2021 14:34,Leeds,Jeremy Willett,"Large Chai latte - 2.60, Large Filter coffee - 1.80",4.4,CARD,6635088335892831
27/08/2021 14:35,Leeds,Robert Edwards,"Regular Speciality Tea - English breakfast - 1.30, Large Filter coffee - 1.80, Regular Chai latte - 2.30, Regular Chai latte - 2.30, Large Speciality Tea - English breakfast - 1.60, Regular Filter coffee - 1.50",10.8,CARD,9573238499375582
27/08/2021 14:36,Leeds,Alice Clerc,Large Speciality Tea - English breakfast - 1.60,1.6,CARD,9364694355434876
27/08/2021 14:37,Leeds,Robert Turpen,"Large Hot Chocolate - 1.70, Large Filter coffee - 1.80",3.5,CASH,
27/08/2021 14:38,Leeds,Cassy Samuels,"Regular Filter coffee - 1.50, Regular Speciality Tea - English breakfast - 1.30",2.8,CARD,9460688218713865
27/08/2021 14:39,Leeds,Walter Bruce,"Regular Chai latte - 2.30, Large Filter coffee - 1.80, Regular Filter coffee - 1.50, Large Speciality Tea - English breakfast - 1.60, Large Chai latte - 2.60",9.8,CASH,
27/08/2021 14:40,Leeds,Kyle Lewis,Regular Hot Chocolate - 1.40,1.4,CARD,6071748637449896
27/08/2021 14:40,Leeds,Natalie Long,Large Iced americano - 2.50,2.5,CARD,7334695615241028
27/08/2021 14:41,Leeds,Judy Alba,"Regular Chai latte - 2.30, Large Chai latte - 2.60",4.9,CASH,
27/08/2021 14:42,Leeds,Lee Sigler,"Large Iced americano - 2.50, Regular Filter coffee - 1.50, Large Filter coffee - 1.80, Regular Hot Chocolate - 1.40",7.2,CARD,8057283994460364
27/08/2021 14:43,Leeds,Tyrone Davis,Large Chai latte - 2.60,2.6,CARD,4522700974316627
27/08/2021 14:44,Leeds,Ryan Nunez,"Large Chai latte - 2.60, Regular Iced americano - 2.15",4.75,CASH,
27/08/2021 14:45,Leeds,Margarito Ramirez,Regular Chai latte - 2.30,2.3,CASH,
27/08/2021 14:46,Leeds,Johnny Shepard,"Large Chai latte - 2.60, Regular Chai latte - 2.30, Regular Chai latte - 2.30, Regular Speciality Tea - English breakfast - 1.30, Large Speciality Tea - English breakfast - 1.60, Regular Iced americano - 2.15",12.25,CARD,4826503793346540
27/08/2021 14:47,Leeds,Quyen Peterson,"Regular Filter coffee - 1.50, Large Chai latte - 2.60",4.1,CASH,
27/08/2021 14:48,Leeds,Mary Harris,"Regular Iced americano - 2.15, Large Filter coffee - 1.80",3.95,CARD,4922772945165798
27/08/2021 14:49,Leeds,Mary Shady,"Regular Speciality Tea - English breakfast - 1.30, Large Hot Chocolate - 1.70, Regular Iced americano - 2.15, Regular Filter coffee - 1.50",6.65,CARD,7195323050155342
27/08/2021 14:50,Leeds,Gloria Hogan,"Large Iced americano - 2.50, Large Speciality Tea - English breakfast - 1.60, Large Hot Chocolate - 1.70",5.8,CARD,6280937527271246
27/08/2021 14:51,Leeds,Ray Shaddox,"Regular Filter coffee - 1.50, Large Iced americano - 2.50",4.0,CARD,7177154480569332
27/08/2021 14:52,Leeds,Therese Galeana,"Regular Hot Chocolate - 1.40, Large Iced americano - 2.50, Regular Iced americano - 2.15",6.05,CARD,6194322512618535
27/08/2021 14:53,Leeds,Brittney Price,"Regular Chai latte - 2.30, Regular Iced americano - 2.15",4.45,CARD,9366835687952854
27/08/2021 14:54,Leeds,David Bransom,"Large Speciality Tea - English breakfast - 1.60, Regular Chai latte - 2.30, Regular Speciality Tea - English breakfast - 1.30",5.2,CARD,2920648290658154
27/08/2021 14:55,Leeds,Todd Mckenzie,"Large Iced americano - 2.50, Regular Filter coffee - 1.50, Regular Speciality Tea - English breakfast - 1.30, Regular Chai latte - 2.30, Regular Speciality Tea - English breakfast - 1.30",8.9,CARD,7503357212467230
27/08/2021 14:56,Leeds,Walter Mcdougal,"Large Speciality Tea - English breakfast - 1.60, Large Speciality Tea - English breakfast - 1.60, Large Chai latte - 2.60",5.8,CARD,7945410127205205
27/08/2021 14:57,Leeds,Andrew Yoshina,"Large Iced americano - 2.50, Regular Speciality Tea - English breakfast - 1.30",3.8,CARD,9336616191754589
27/08/2021 14:58,Leeds,Maria Boulos,Large Hot Chocolate - 1.70,1.7,CARD,1051748985310209
27/08/2021 14:59,Leeds,Latoya Tribble,"Regular Speciality Tea - English breakfast - 1.30, Large Iced americano - 2.50, Large Hot Chocolate - 1.70",5.5,CARD,1161390288422726
27/08/2021 14:59,Leeds,Christina Dyer,Regular Iced americano - 2.15,2.15,CASH,
27/08/2021 15:00,Leeds,Charles Balentine,"Regular Hot Chocolate - 1.40, Large Speciality Tea - English breakfast - 1.60",3.0,CARD,8393385012186155
27/08/2021 15:01,Leeds,Timothy Barlage,Regular Hot Chocolate - 1.40,1.4,CARD,8477955839469449
27/08/2021 15:02,Leeds,Erik Farmer,"Large Filter coffee - 1.80, Large Filter coffee - 1.80, Regular Speciality Tea - English breakfast - 1.30, Large Speciality Tea - English breakfast - 1.60",6.5,CARD,2936736190220688
27/08/2021 15:03,Leeds,Edward Wallace,Large Chai latte - 2.60,2.6,CARD,2644535638481646
27/08/2021 15:04,Leeds,Charles Ware,"Large Hot Chocolate - 1.70, Regular Speciality Tea - English breakfast - 1.30",3.0,CARD,8564088526866072
27/08/2021 15:05,Leeds,Robert Martinez,Regular Chai latte - 2.30,2.3,CASH,
27/08/2021 15:06,Leeds,Martha Watkins,"Regular Filter coffee - 1.50, Large Hot Chocolate - 1.70, Large Chai latte - 2.60",5.8,CARD,4223209536809709
27/08/2021 15:07,Leeds,Johnny Wylie,Large Filter coffee - 1.80,1.8,CASH,
27/08/2021 15:07,Leeds,Earl Kelso,"Regular Filter coffee - 1.50, Regular Hot Chocolate - 1.40, Large Iced americano - 2.50, Large Chai latte - 2.60, Large Chai latte - 2.60",10.6,CARD,9976194022003425
27/08/2021 15:08,Leeds,Kate Smith,"Large Chai latte - 2.60, Regular Iced americano - 2.15, Large Chai latte - 2.60",7.35,CARD,5321809570852247
27/08/2021 15:09,Leeds,Ernest Somers,"Large Speciality Tea - English breakfast - 1.60, Regular Hot Chocolate - 1.40, Regular Chai latte - 2.30",5.3,CARD,3643912682760063
27/08/2021 15:10,Leeds,Maria Weeks,"Large Filter coffee - 1.80, Large Hot Chocolate - 1.70, Large Filter coffee - 1.80",5.3,CARD,4389345810277614
27/08/2021 15:11,Leeds,Dennis Grantham,"Regular Chai latte - 2.30, Large Chai latte - 2.60, Regular Filter coffee - 1.50, Large Chai latte - 2.60, Regular Speciality Tea - English breakfast - 1.30",10.3,CARD,1379609095438469
27/08/2021 15:12,Leeds,Natalie Jodoin,"Regular Chai latte - 2.30, Large Hot Chocolate - 1.70, Large Iced americano - 2.50, Regular Chai latte - 2.30",8.8,CASH,
27/08/2021 15:13,Leeds,Erik Snook,"Large Speciality Tea - English breakfast - 1.60, Large Chai latte - 2.60, Large Hot Chocolate - 1.70",5.9,CASH,
27/08/2021 15:14,Leeds,Maria Schlossberg,"Regular Iced americano - 2.15, Regular Speciality Tea - English breakfast - 1.30, Large Speciality Tea - English breakfast - 1.60, Regular Filter coffee - 1.50",6.55,CARD,1874387574930351
27/08/2021 15:14,Leeds,Peggy Gilmore,Large Speciality Tea - English breakfast - 1.60,1.6,CASH,
27/08/2021 15:15,Leeds,Carolyn Holloman,"Regular Iced americano - 2.15, Regular Chai latte - 2.30",4.45,CASH,
27/08/2021 15:16,Leeds,Arleen Lataille,"Regular Filter coffee - 1.50, Large Iced americano - 2.50",4.0,CASH,
27/08/2021 15:17,Leeds,Amy Cramblit,"Regular Speciality Tea - English breakfast - 1.30, Regular Speciality Tea - English breakfast - 1.30, Large Hot Chocolate - 1.70, Large Chai latte - 2.60, Regular Filter coffee - 1.50",8.4,CASH,
27/08/2021 15:18,Leeds,Thomas Riggs,"Large Hot Chocolate - 1.70, Large Chai latte - 2.60",4.3,CASH,
27/08/2021 15:19,Leeds,Rosanna Moore,Large Iced americano - 2.50,2.5,CARD,3326051245162253
27/08/2021 15:20,Leeds,Stella Faber,"Regular Iced americano - 2.15, Large Filter coffee - 1.80, Regular Chai latte - 2.30, Regular Filter coffee - 1.50",7.75,CARD,3072769640947524
27/08/2021 15:21,Leeds,Tyra Watson,Regular Chai latte - 2.30,2.3,CARD,7337449824737987
27/08/2021 15:21,Leeds,Donna Kitchen,"Large Hot Chocolate - 1.70, Regular Filter coffee - 1.50",3.2,CARD,9390369351771145
27/08/2021 15:22,Leeds,Cicely Jackson,"Regular Hot Chocolate - 1.40, Large Filter coffee - 1.80",3.2,CARD,7216729383995772
27/08/2021 15:23,Leeds,Teddy Farrell,"Regular Hot Chocolate - 1.40, Regular Hot Chocolate - 1.40, Large Chai latte - 2.60, Regular Filter coffee - 1.50, Large Chai latte - 2.60, Regular Chai latte - 2.30",11.8,CARD,2737497125361170
27/08/2021 15:24,Leeds,Angelo Hebert,"Regular Chai latte - 2.30, Regular Filter coffee - 1.50, Regular Hot Chocolate - 1.40, Regular Chai latte - 2.30",7.5,CASH,
27/08/2021 15:25,Leeds,Robert Zepeda,Regular Filter coffee - 1.50,1.5,CARD,2964085534233064
27/08/2021 15:26,Leeds,Darnell Renwick,"Large Speciality Tea - English breakfast - 1.60, Large Hot Chocolate - 1.70, Large Chai latte - 2.60, Regular Hot Chocolate - 1.40, Regular Speciality Tea - English breakfast - 1.30",8.6,CARD,2421973289243043
27/08/2021 15:27,Leeds,Nick Kennedy,"Regular Chai latte - 2.30, Regular Chai latte - 2.30",4.6,CASH,
27/08/2021 15:28,Leeds,Tina Payne,"Large Iced americano - 2.50, Regular Hot Chocolate - 1.40, Large Chai latte - 2.60, Large Speciality Tea - English breakfast - 1.60, Regular Hot Chocolate - 1.40",9.5,CARD,7103196799093633
27/08/2021 15:29,Leeds,Laura Hinnenkamp,"Regular Hot Chocolate - 1.40, Regular Chai latte - 2.30",3.7,CARD,8732443916879886
27/08/2021 15:29,Leeds,Kimberly Giddings,"Large Hot Chocolate - 1.70, Large Chai latte - 2.60",4.3,CARD,8718759231153684
27/08/2021 15:30,Leeds,Agnes Hooker,"Regular Hot Chocolate - 1.40, Regular Chai latte - 2.30, Regular Speciality Tea - English breakfast - 1.30, Large Hot Chocolate - 1.70, Large Speciality Tea - English breakfast - 1.60, Regular Speciality Tea - English breakfast - 1.30",9.6,CARD,9682133658933344
27/08/2021 15:31,Leeds,Anne Lewis,"Large Hot Chocolate - 1.70, Large Chai latte - 2.60",4.3,CARD,1184542915258135
27/08/2021 15:32,Leeds,Marcia Lewis,Regular Chai latte - 2.30,2.3,CARD,6077733672086274
27/08/2021 15:33,Leeds,Tony Naughton,Regular Speciality Tea - English breakfast - 1.30,1.3,CASH,
27/08/2021 15:34,Leeds,My Jung,"Regular Speciality Tea - English breakfast - 1.30, Regular Iced americano - 2.15, Large Filter coffee - 1.80, Regular Speciality Tea - English breakfast - 1.30, Large Filter coffee - 1.80",8.35,CARD,9055162705042988
27/08/2021 15:35,Leeds,Peter Hernandez,"Regular Filter coffee - 1.50, Regular Hot Chocolate - 1.40, Regular Filter coffee - 1.50, Regular Hot Chocolate - 1.40, Large Filter coffee - 1.80",7.6,CARD,8583750916543169
27/08/2021 15:36,Leeds,Darren Broadway,Large Chai latte - 2.60,2.6,CARD,8491912698552080
27/08/2021 15:36,Leeds,Stella Wynn,"Regular Hot Chocolate - 1.40, Regular Chai latte - 2.30, Regular Chai latte - 2.30, Regular Filter coffee - 1.50, Large Hot Chocolate - 1.70",9.2,CARD,7477796779883295
27/08/2021 15:37,Leeds,Diana Hill,"Regular Hot Chocolate - 1.40, Large Speciality Tea - English breakfast - 1.60, Large Filter coffee - 1.80, Regular Filter coffee - 1.50, Large Chai latte - 2.60, Regular Chai latte - 2.30",11.2,CARD,6218153661433059
27/08/2021 15:38,Leeds,Elena Lo,"Regular Filter coffee - 1.50, Regular Hot Chocolate - 1.40, Large Filter coffee - 1.80, Regular Filter coffee - 1.50, Large Chai latte - 2.60",8.8,CARD,9864232017030006
27/08/2021 15:39,Leeds,Nathaniel Cline,"Large Speciality Tea - English breakfast - 1.60, Regular Speciality Tea - English breakfast - 1.30",2.9,CASH,
27/08/2021 15:40,Leeds,Elaine Chapman,"Large Chai latte - 2.60, Large Hot Chocolate - 1.70, Regular Iced americano - 2.15, Regular Speciality Tea - English breakfast - 1.30",7.75,CARD,6622357033852825
27/08/2021 15:41,Leeds,Stephanie Cahee,"Regular Iced americano - 2.15, Large Hot Chocolate - 1.70",3.85,CARD,4579841060450193
27/08/2021 15:42,Leeds,Brett Bock,"Regular Iced americano - 2.15, Large Speciality Tea - English breakfast - 1.60, Large Iced americano - 2.50",6.25,CASH,
27/08/2021 15:43,Leeds,Lucille Babel,Large Chai latte - 2.60,2.6,CARD,6661955335619434
27/08/2021 15:43,Leeds,Richard Mcminn,"Regular Speciality Tea - English breakfast - 1.30, Large Hot Chocolate - 1.70, Regular Filter coffee - 1.50",4.5,CASH,
27/08/2021 15:44,Leeds,Barbara Wood,"Regular Speciality Tea - English breakfast - 1.30, Large Filter coffee - 1.80, Large Chai latte - 2.60",5.7,CARD,9890090346740132
27/08/2021 15:45,Leeds,Sandra Taylor,"Large Chai latte - 2.60, Regular Hot Chocolate - 1.40, Regular Hot Chocolate - 1.40, Regular Iced americano - 2.15",7.55,CASH,
27/08/2021 15:46,Leeds,Patrick Clements,Regular Filter coffee - 1.50,1.5,CARD,9541644530651718
27/08/2021 15:47,Leeds,Ethel Morris,"Regular Iced americano - 2.15, Large Filter coffee - 1.80, Large Hot Chocolate - 1.70, Regular Speciality Tea - English breakfast - 1.30, Regular Hot Chocolate - 1.40",8.35,CASH,
27/08/2021 15:48,Leeds,Toni Ulcena,Large Iced americano - 2.50,2.5,CARD,8617132220663343
27/08/2021 15:49,Leeds,Linda Powers,Regular Chai latte - 2.30,2.3,CARD,4115727298353103
27/08/2021 15:50,Leeds,Paul Wallenbrock,Regular Hot Chocolate - 1.40,1.4,CARD,9574931850667001
27/08/2021 15:50,Leeds,Cynthia Fraley,Large Filter coffee - 1.80,1.8,CARD,6510887840867699
27/08/2021 15:51,Leeds,William Jefferson,"Regular Filter coffee - 1.50, Large Iced americano - 2.50, Regular Iced americano - 2.15",6.15,CARD,5705236801560424
27/08/2021 15:52,Leeds,Veronica Pease,Regular Iced americano - 2.15,2.15,CARD,2904864133830545
27/08/2021 15:53,Leeds,Harold Ferra,"Regular Filter coffee - 1.50, Large Speciality Tea - English breakfast - 1.60, Regular Speciality Tea - English breakfast - 1.30, Regular Iced americano - 2.15",6.55,CARD,9891769613867402
27/08/2021 15:54,Leeds,Sheila Cardenas,"Regular Hot Chocolate - 1.40, Regular Speciality Tea - English breakfast - 1.30, Regular Hot Chocolate - 1.40, Regular Iced americano - 2.15",6.25,CARD,9004337769925975
27/08/2021 15:55,Leeds,Rhonda Smith,"Regular Speciality Tea - English breakfast - 1.30, Regular Filter coffee - 1.50, Regular Speciality Tea - English breakfast - 1.30, Large Hot Chocolate - 1.70, Regular Hot Chocolate - 1.40",7.2,CARD,6342060979859399
27/08/2021 15:56,Leeds,Kimberley Clewell,Large Chai latte - 2.60,2.6,CASH,
27/08/2021 15:57,Leeds,Richard Breitenstein,Regular Filter coffee - 1.50,1.5,CARD,7126345985101705
27/08/2021 15:58,Leeds,Robert Henderson,"Regular Filter coffee - 1.50, Regular Hot Chocolate - 1.40, Large Chai latte - 2.60, Regular Filter coffee - 1.50, Regular Chai latte - 2.30",9.3,CARD,4923349017570187
27/08/2021 15:58,Leeds,Emma Manning,"Large Chai latte - 2.60, Large Chai latte - 2.60, Regular Hot Chocolate - 1.40, Large Filter coffee - 1.80",8.4,CARD,9733195087468241
27/08/2021 15:59,Leeds,Gregory Besse,"Large Filter coffee - 1.80, Large Speciality Tea - English breakfast - 1.60, Large Hot Chocolate - 1.70",5.1,CARD,7368794547283388
27/08/2021 16:00,Leeds,Myra Williams,"Large Filter coffee - 1.80, Large Filter coffee - 1.80, Large Chai latte - 2.60, Large Iced americano - 2.50, Large Hot Chocolate - 1.70, Large Iced americano - 2.50",12.9,CASH,
27/08/2021 16:02,Leeds,Maria Cota,"Large Chai latte - 2.60, Large Filter coffee - 1.80, Regular Iced americano - 2.15, Regular Hot Chocolate - 1.40",7.95,CARD,4211176918579955
27/08/2021 16:04,Leeds,Tracy Reyes,"Large Chai latte - 2.60, Large Chai latte - 2.60, Regular Iced americano - 2.15, Regular Chai latte - 2.30",9.65,CARD,8036471919586328
27/08/2021 16:05,Leeds,Rodney Tyler,"Large Speciality Tea - English breakfast - 1.60, Large Speciality Tea - English breakfast - 1.60, Large Filter coffee - 1.80, Large Chai latte - 2.60, Large Chai latte - 2.60",10.2,CARD,3034516909208605
27/08/2021 16:07,Leeds,James Garcia,"Large Hot Chocolate - 1.70, Large Chai latte - 2.60, Large Chai latte - 2.60, Large Hot Chocolate - 1.70, Regular Iced americano - 2.15",10.75,CASH,
27/08/2021 16:09,Leeds,Nathan Durham,"Large Chai latte - 2.60, Regular Speciality Tea - English breakfast - 1.30, Large Hot Chocolate - 1.70",5.6,CASH,
27/08/2021 16:11,Leeds,Linda Bogle,"Regular Hot Chocolate - 1.40, Large Filter coffee - 1.80, Regular Chai latte - 2.30, Large Speciality Tea - English breakfast - 1.60",7.1,CARD,8465066115859176
27/08/2021 16:12,Leeds,Jean Elrod,"Regular Chai latte - 2.30, Regular Filter coffee - 1.50, Regular Filter coffee - 1.50, Large Chai latte - 2.60",7.9,CARD,2163003443379745
27/08/2021 16:14,Leeds,Thomas Flynn,"Regular Speciality Tea - English breakfast - 1.30, Large Iced americano - 2.50, Large Iced americano - 2.50, Regular Chai latte - 2.30, Regular Iced americano - 2.15, Large Hot Chocolate - 1.70",12.45,CASH,
27/08/2021 16:16,Leeds,Misty Joe,"Large Iced americano - 2.50, Large Chai latte - 2.60, Large Speciality Tea - English breakfast - 1.60, Regular Hot Chocolate - 1.40, Large Iced americano - 2.50, Large Filter coffee - 1.80",12.4,CASH,
27/08/2021 16:18,Leeds,Phillip Terry,"Large Speciality Tea - English breakfast - 1.60, Regular Chai latte - 2.30, Large Chai latte - 2.60, Regular Filter coffee - 1.50, Large Filter coffee - 1.80",9.8,CASH,
27/08/2021 16:19,Leeds,Natalie Casey,"Large Iced americano - 2.50, Regular Speciality Tea - English breakfast - 1.30, Regular Iced americano - 2.15",5.95,CARD,4455107781505242
27/08/2021 16:21,Leeds,Richard Evans,Large Filter coffee - 1.80,1.8,CASH,
27/08/2021 16:23,Leeds,Maritza Sexton,"Large Speciality Tea - English breakfast - 1.60, Regular Iced americano - 2.15, Regular Filter coffee - 1.50, Large Filter coffee - 1.80, Large Filter coffee - 1.80",8.85,CARD,2274556388191982
27/08/2021 16:25,Leeds,Julio Ibarra,Large Filter coffee - 1.80,1.8,CASH,
27/08/2021 16:26,Leeds,Gladys Mackay,"Regular Filter coffee - 1.50, Regular Iced americano - 2.15",3.65,CASH,
27/08/2021 16:28,Leeds,Clarence Juarez,"Large Hot Chocolate - 1.70, Large Hot Chocolate - 1.70, Large Speciality Tea - English breakfast - 1.60, Large Iced americano - 2.50",7.5,CARD,4020619781720297
27/08/2021 16:30,Leeds,Susie Soper,Regular Chai latte - 2.30,2.3,CASH,
27/08/2021 16:32,Leeds,Priscilla Pickett,"Large Speciality Tea - English breakfast - 1.60, Regular Speciality Tea - English breakfast - 1.30, Regular Filter coffee - 1.50, Large Chai latte - 2.60",7.0,CARD,1283746093569084
27/08/2021 16:33,Leeds,Terry Netzer,"Large Filter coffee - 1.80, Large Filter coffee - 1.80, Regular Speciality Tea - English breakfast - 1.30, Regular Speciality Tea - English breakfast - 1.30",6.2,CASH,
27/08/2021 16:35,Leeds,Rhonda Walker,"Regular Hot Chocolate - 1.40, Large Iced americano - 2.50, Regular Filter coffee - 1.50, Regular Chai latte - 2.30, Large Filter coffee - 1.80",9.5,CARD,5176381944185909
27/08/2021 16:37,Leeds,Patricia Crosby,"Regular Chai latte - 2.30, Large Hot Chocolate - 1.70, Large Filter coffee - 1.80",5.8,CARD,6998622349589294
27/08/2021 16:39,Leeds,Jessie Daley,Regular Chai latte - 2.30,2.3,CARD,6157357389617047
27/08/2021 16:41,Leeds,Wayne Lunsford,Large Chai latte - 2.60,2.6,CASH,
27/08/2021 16:42,Leeds,Paul Newman,Regular Chai latte - 2.30,2.3,CARD,3434093464488628
27/08/2021 16:44,Leeds,Alicia Neyman,"Regular Filter coffee - 1.50, Large Filter coffee - 1.80, Large Hot Chocolate - 1.70, Regular Iced americano - 2.15",7.15,CARD,1964953122192882
27/08/2021 16:46,Leeds,Vickey Howard,Regular Hot Chocolate - 1.40,1.4,CARD,6444063518985638
27/08/2021 16:48,Leeds,Harold Stowers,"Large Filter coffee - 1.80, Large Iced americano - 2.50",4.3,CASH,
27/08/2021 16:49,Leeds,Jose Taylor,"Regular Speciality Tea - English breakfast - 1.30, Regular Filter coffee - 1.50",2.8,CASH,
27/08/2021 16:51,Leeds,Anna Curran,"Large Chai latte - 2.60, Regular Hot Chocolate - 1.40, Regular Speciality Tea - English breakfast - 1.30",5.3,CARD,1461938246168008
27/08/2021 16:53,Leeds,Sonya Nave,"Large Chai latte - 2.60, Regular Filter coffee - 1.50",4.1,CARD,4527923811479592
27/08/2021 16:55,Leeds,Michael Manz,Regular Filter coffee - 1.50,1.5,CARD,9830458927455066
27/08/2021 16:56,Leeds,Sibyl Franqui,Large Chai latte - 2.60,2.6,CARD,2082574572433328
27/08/2021 16:58,Leeds,Joann Fiedler,"Regular Filter coffee - 1.50, Large Iced americano - 2.50, Large Iced americano - 2.50, Regular Iced americano - 2.15",8.65,CASH,
