06/09/2021 08:00,London Brixton,Helen Smith,Large Hot chocolate - 2.90,2.9,CARD,4253770982309265
06/09/2021 08:00,London Brixton,Loida Daner,"Large Smoothies - Glowing Greens - 2.50, Regular Speciality Tea - Earl Grey - 1.30, Large Smoothies - Glowing Greens - 2.50, Large Speciality Tea - Earl Grey - 1.60",7.9,CASH,
06/09/2021 08:01,London Brixton,Albert Turberville,"Large Hot chocolate - 2.90, Regular Smoothies - Glowing Greens - 2.00, Large Speciality Tea - Earl Grey - 1.60, Regular Frappes - Strawberries & Cream - 2.75",9.25,CASH,
06/09/2021 08:02,London Brixton,Pansy Denn,"Regular Speciality Tea - Earl Grey - 1.30, Regular Hot chocolate - 2.20, Regular Smoothies - Glowing Greens - 2.00",5.5,CARD,5642417062918464
06/09/2021 08:03,London Brixton,Jerrica Dixon,"Regular Speciality Tea - Earl Grey - 1.30, Regular Hot chocolate - 2.20",3.5,CARD,9717806628584928
06/09/2021 08:04,London Brixton,Sue Bledsoe,"Regular Frappes - Strawberries & Cream - 2.75, Regular Smoothies - Glowing Greens - 2.00, Regular Speciality Tea - Earl Grey - 1.30",6.05,CARD,6484541239176856
06/09/2021 08:05,London Brixton,Michelle Bolt,"Regular Smoothies - Glowing Greens - 2.00, Regular Speciality Tea - Earl Grey - 1.30, Regular Frappes - Strawberries & Cream - 2.75, Regular Speciality Tea - Earl Grey - 1.30",7.35,CARD,3472629653739821
06/09/2021 08:06,London Brixton,Harry Veno,"Large Smoothies - Glowing Greens - 2.50, Large Frappes - Strawberries & Cream - 3.25, Regular Smoothies - Glowing Greens - 2.00, Regular Smoothies - Carrot Kick - 2.00, Regular Smoothies - Glowing Greens - 2.00",11.75,CASH,
06/09/2021 08:07,London Brixton,Lucille Husted,"Regular Speciality Tea - Earl Grey - 1.30, Large Hot chocolate - 2.90, Large Smoothies - Glowing Greens - 2.50",6.7,CASH,
06/09/2021 08:08,London Brixton,Jane Frazier,"Large Smoothies - Glowing Greens - 2.50, Regular Smoothies - Glowing Greens - 2.00, Large Frappes - Strawberries & Cream - 3.25",7.75,CASH,
06/09/2021 08:09,London Brixton,Shirley Beam,"Regular Iced americano - 2.15, Large Espresso - 1.80, Regular Espresso - 1.50",5.45,CARD,9628181611656189
06/09/2021 08:10,London Brixton,Anthony Hoard,"Large Frappes - Strawberries & Cream - 3.25, Regular Smoothies - Carrot Kick - 2.00, Large Espresso - 1.80",7.05,CARD,7176710032076613
06/09/2021 08:11,London Brixton,Carolyn Marion,"Regular Smoothies - Carrot Kick - 2.00, Large Frappes - Strawberries & Cream - 3.25",5.25,CARD,2209512602723375
06/09/2021 08:12,London Brixton,Mary Steenken,Regular Smoothies - Glowing Greens - 2.00,2.0,CARD,7159721642303538
06/09/2021 08:13,London Brixton,Jean Williams,"Regular Espresso - 1.50, Regular Espresso - 1.50",3.0,CARD,2214226181289534
06/09/2021 08:14,London Brixton,Eleanor Hernandez,Large Iced americano - 2.50,2.5,CASH,
06/09/2021 08:15,London Brixton,James Muller,Regular Hot chocolate - 2.20,2.2,CARD,2951863662122856
06/09/2021 08:16,London Brixton,Bobby Thoms,"Regular Smoothies - Carrot Kick - 2.00, Regular Smoothies - Glowing Greens - 2.00",4.0,CARD,1507382073532060
06/09/2021 08:17,London Brixton,Lauren Hayes,Large Iced americano - 2.50,2.5,CASH,
06/09/2021 08:18,London Brixton,Timothy Brookhouse,Regular Hot chocolate - 2.20,2.2,CASH,
06/09/2021 08:19,London Brixton,Richard Szeto,Regular Smoothies - Carrot Kick - 2.00,2.0,CARD,3447979059277864
06/09/2021 08:20,London Brixton,Harold Dornier,"Large Espresso - 1.80, Large Speciality Tea - Earl Grey - 1.60, Large Iced americano - 2.50",5.9,CARD,2279004474434284
06/09/2021 08:21,London Brixton,Marcia Jay,"Regular Espresso - 1.50, Regular Iced americano - 2.15",3.65,CARD,4697170296381685
06/09/2021 08:22,London Brixton,Ashlee Williams,Large Espresso - 1.80,1.8,CARD,9833487923257224
06/09/2021 08:23,London Brixton,Nicolas Johnson,"Large Smoothies - Carrot Kick - 2.50, Regular Speciality Tea - Earl Grey - 1.30, Large Espresso - 1.80",5.6,CASH,
06/09/2021 08:24,London Brixton,Alan Wong,"Large Hot chocolate - 2.90, Regular Smoothies - Glowing Greens - 2.00",4.9,CARD,4265427903748932
06/09/2021 08:25,London Brixton,Harris Broughton,"Regular Frappes - Strawberries & Cream - 2.75, Regular Smoothies - Carrot Kick - 2.00",4.75,CARD,9760246278170721
06/09/2021 08:26,London Brixton,Daniel Doran,Regular Espresso - 1.50,1.5,CARD,2169001762928986
06/09/2021 08:27,London Brixton,Belva Woods,"Large Speciality Tea - Earl Grey - 1.60, Large Smoothies - Glowing Greens - 2.50, Large Smoothies - Carrot Kick - 2.50",6.6,CARD,6079820262269371
06/09/2021 08:28,London Brixton,Dorothy Wilson,"Large Smoothies - Carrot Kick - 2.50, Large Iced americano - 2.50",5.0,CASH,
06/09/2021 08:29,London Brixton,Bernard Mendez,"Large Iced americano - 2.50, Regular Frappes - Strawberries & Cream - 2.75, Large Espresso - 1.80, Large Speciality Tea - Earl Grey - 1.60, Regular Iced americano - 2.15",10.8,CARD,4077801257430275
06/09/2021 08:30,London Brixton,Terry Mawyer,"Large Espresso - 1.80, Regular Smoothies - Glowing Greens - 2.00, Large Speciality Tea - Earl Grey - 1.60, Regular Hot chocolate - 2.20",7.6,CASH,
06/09/2021 08:31,London Brixton,Francis Roberts,Large Iced americano - 2.50,2.5,CARD,5328415748079560
06/09/2021 08:32,London Brixton,James Walker,"Regular Frappes - Strawberries & Cream - 2.75, Regular Speciality Tea - Earl Grey - 1.30, Regular Speciality Tea - Earl Grey - 1.30",5.35,CARD,5462529829482359
06/09/2021 08:33,London Brixton,Ellsworth Tuttle,Large Hot chocolate - 2.90,2.9,CARD,5307343486489311
06/09/2021 08:34,London Brixton,Leonard Kohl,"Regular Espresso - 1.50, Regular Espresso - 1.50",3.0,CARD,3808492435738060
06/09/2021 08:35,London Brixton,Ralph Chizmar,"Regular Cappuccino - 2.15, Large Smoothies - Glowing Greens - 2.50, Regular Hot chocolate - 2.20, Regular Hot chocolate - 2.20, Large Cappuccino - 2.45",11.5,CASH,
06/09/2021 08:36,London Brixton,Robert Selleck,"Regular Speciality Tea - Earl Grey - 1.30, Regular Cappuccino - 2.15, Large Iced americano - 2.50, Regular Cappuccino - 2.15, Large Speciality Tea - Earl Grey - 1.60",9.7,CASH,
06/09/2021 08:37,London Brixton,Rafael Bixler,"Regular Smoothies - Carrot Kick - 2.00, Large Smoothies - Glowing Greens - 2.50, Large Smoothies - Glowing Greens - 2.50, Large Cappuccino - 2.45, Regular Espresso - 1.50",10.95,CARD,9217953723896012
06/09/2021 08:38,London Brixton,Ernest Smith,Regular Cappuccino - 2.15,2.15,CARD,8802203329098946
06/09/2021 08:39,London Brixton,Clarissa Janssen,"Large Iced americano - 2.50, Regular Cappuccino - 2.15",4.65,CARD,9434717320260028
06/09/2021 08:40,London Brixton,Dawn Scurlock,"Large Iced americano - 2.50, Regular Iced americano - 2.15, Large Iced americano - 2.50",7.15,CARD,5223959652773387
06/09/2021 08:41,London Brixton,Robert Crigler,Large Hot chocolate - 2.90,2.9,CASH,
06/09/2021 08:42,London Brixton,William Smith,Regular Hot chocolate - 2.20,2.2,CASH,
06/09/2021 08:43,London Brixton,Bobby Foster,Large Smoothies - Carrot Kick - 2.50,2.5,CARD,3088246706316976
06/09/2021 08:44,London Brixton,Robert Spurlock,"Large Iced americano - 2.50, Large Espresso - 1.80, Regular Smoothies - Glowing Greens - 2.00",6.3,CARD,2363600663271484
06/09/2021 08:45,London Brixton,Jennifer Cody,Large Hot chocolate - 2.90,2.9,CARD,2116037323312971
06/09/2021 08:46,London Brixton,Art Johnson,Regular Cappuccino - 2.15,2.15,CASH,
06/09/2021 08:47,London Brixton,Phillip Bonds,"Regular Hot chocolate - 2.20, Large Smoothies - Glowing Greens - 2.50, Large Smoothies - Glowing Greens - 2.50, Regular Smoothies - Glowing Greens - 2.00",9.2,CARD,1739704273254806
06/09/2021 08:48,London Brixton,Matthew Johnson,"Large Espresso - 1.80, Regular Espresso - 1.50, Regular Cappuccino - 2.15, Large Frappes - Strawberries & Cream - 3.25, Regular Hot chocolate - 2.20, Regular Cappuccino - 2.15",13.05,CARD,3739269122277549
06/09/2021 08:49,London Brixton,Diana Robinson,"Large Smoothies - Glowing Greens - 2.50, Regular Espresso - 1.50",4.0,CARD,3830723017267474
06/09/2021 08:50,London Brixton,Earle Smith,"Regular Speciality Tea - Earl Grey - 1.30, Large Iced americano - 2.50, Regular Hot chocolate - 2.20, Regular Smoothies - Glowing Greens - 2.00",8.0,CARD,8553611177253686
06/09/2021 08:51,London Brixton,Christina Ragland,"Large Cappuccino - 2.45, Regular Hot chocolate - 2.20, Large Iced americano - 2.50, Large Iced americano - 2.50, Large Iced americano - 2.50, Large Speciality Tea - Earl Grey - 1.60",13.75,CASH,
06/09/2021 08:52,London Brixton,Jean Bray,"Large Speciality Tea - Earl Grey - 1.60, Regular Smoothies - Carrot Kick - 2.00",3.6,CARD,8692722626968208
06/09/2021 08:53,London Brixton,Albert Roberts,Regular Speciality Tea - Earl Grey - 1.30,1.3,CARD,4111248485938309
06/09/2021 08:54,London Brixton,Harvey Steffen,"Large Smoothies - Glowing Greens - 2.50, Large Frappes - Strawberries & Cream - 3.25",5.75,CARD,3461896583562406
06/09/2021 08:55,London Brixton,Linda Bates,"Large Hot chocolate - 2.90, Large Speciality Tea - Earl Grey - 1.60, Regular Iced americano - 2.15, Regular Speciality Tea - Earl Grey - 1.30",7.95,CASH,
06/09/2021 08:56,London Brixton,James Whitley,"Large Iced americano - 2.50, Regular Iced americano - 2.15, Large Hot chocolate - 2.90",7.55,CASH,
06/09/2021 08:57,London Brixton,Thomas Stone,"Regular Hot chocolate - 2.20, Regular Iced americano - 2.15",4.35,CARD,1574240243071388
06/09/2021 08:58,London Brixton,Cira Mention,"Large Cappuccino - 2.45, Regular Iced americano - 2.15, Large Espresso - 1.80, Large Frappes - Strawberries & Cream - 3.25",9.65,CARD,3941049685776370
06/09/2021 08:59,London Brixton,Jamie Lai,Large Speciality Tea - Earl Grey - 1.60,1.6,CARD,5965863690601397
06/09/2021 08:59,London Brixton,John Gagnon,Regular Espresso - 1.50,1.5,CARD,5298590218683146
06/09/2021 09:00,London Brixton,Wallace Flores,"Regular Frappes - Strawberries & Cream - 2.75, Large Smoothies - Glowing Greens - 2.50, Regular Speciality Tea - Earl Grey - 1.30",6.55,CARD,6399753021670499
06/09/2021 09:02,London Brixton,Kimberly Luma,"Regular Frappes - Strawberries & Cream - 2.75, Large Smoothies - Glowing Greens - 2.50, Large Speciality Tea - Earl Grey - 1.60, Regular Cappuccino - 2.15, Large Smoothies - Carrot Kick - 2.50",11.5,CARD,9500589225573855
06/09/2021 09:03,London Brixton,Antonio Devos,"Regular Frappes - Strawberries & Cream - 2.75, Large Cappuccino - 2.45, Large Frappes - Strawberries & Cream - 3.25",8.45,CASH,
06/09/2021 09:04,London Brixton,Charles Stone,"Large Cappuccino - 2.45, Large Speciality Tea - Earl Grey - 1.60, Large Smoothies - Glowing Greens - 2.50",6.55,CARD,6318213036420691
06/09/2021 09:05,London Brixton,Michele Pauly,Regular Iced americano - 2.15,2.15,CASH,
06/09/2021 09:06,London Brixton,Misty Leblanc,Regular Espresso - 1.50,1.5,CARD,1175934122580442
06/09/2021 09:07,London Brixton,Michael Dickerson,"Large Hot chocolate - 2.90, Regular Espresso - 1.50, Regular Hot chocolate - 2.20, Large Speciality Tea - Earl Grey - 1.60",8.2,CARD,2394569971540321
06/09/2021 09:09,London Brixton,Kerry Devine,"Regular Cappuccino - 2.15, Large Iced americano - 2.50, Large Frappes - Strawberries & Cream - 3.25",7.9,CARD,3989212063931935
06/09/2021 09:10,London Brixton,Darrell Burris,"Large Smoothies - Glowing Greens - 2.50, Regular Espresso - 1.50, Regular Speciality Tea - Earl Grey - 1.30",5.3,CARD,2879595329755716
06/09/2021 09:11,London Brixton,Brooks Bechtold,"Regular Espresso - 1.50, Regular Cappuccino - 2.15, Regular Hot chocolate - 2.20",5.85,CARD,5975237755090281
06/09/2021 09:12,London Brixton,Sharon Krol,"Regular Smoothies - Carrot Kick - 2.00, Large Iced americano - 2.50, Regular Smoothies - Glowing Greens - 2.00, Large Iced americano - 2.50",9.0,CARD,4287746145213145
06/09/2021 09:13,London Brixton,Russell Parker,"Large Smoothies - Carrot Kick - 2.50, Large Smoothies - Carrot Kick - 2.50, Large Hot chocolate - 2.90, Regular Smoothies - Carrot Kick - 2.00",9.9,CARD,8032677317621336
06/09/2021 09:14,London Brixton,John Washington,"Regular Speciality Tea - Earl Grey - 1.30, Regular Iced americano - 2.15, Large Iced americano - 2.50, Regular Speciality Tea - Earl Grey - 1.30",7.25,CARD,1780904835622652
06/09/2021 09:16,London Brixton,Joshua Kidd,"Large Smoothies - Carrot Kick - 2.50, Regular Smoothies - Glowing Greens - 2.00, Regular Hot chocolate - 2.20, Regular Hot chocolate - 2.20",8.9,CARD,3287526064735806
06/09/2021 09:17,London Brixton,James Rizzi,Large Hot chocolate - 2.90,2.9,CASH,
06/09/2021 09:18,London Brixton,James Harpole,Large Hot chocolate - 2.90,2.9,CARD,8927131520201150
06/09/2021 09:19,London Brixton,Richard Roper,Regular Hot chocolate - 2.20,2.2,CARD,1020412064084259
06/09/2021 09:20,London Brixton,Gloria Figueroa,"Regular Frappes - Strawberries & Cream - 2.75, Regular Frappes - Strawberries & Cream - 2.75, Large Frappes - Strawberries & Cream - 3.25, Large Espresso - 1.80",10.55,CASH,
06/09/2021 09:21,London Brixton,Mary Short,"Large Hot chocolate - 2.90, Large Iced americano - 2.50",5.4,CARD,4527077886823008
06/09/2021 09:23,London Brixton,Shaun Withem,"Regular Frappes - Strawberries & Cream - 2.75, Large Cappuccino - 2.45",5.2,CARD,2376290158188323
06/09/2021 09:24,London Brixton,Ronald Cantrell,"Large Smoothies - Carrot Kick - 2.50, Large Frappes - Strawberries & Cream - 3.25",5.75,CASH,
06/09/2021 09:25,London Brixton,Fernando Traver,Regular Cappuccino - 2.15,2.15,CARD,5909939984316266
06/09/2021 09:26,London Brixton,Amanda Malachi,"Regular Iced americano - 2.15, Regular Hot chocolate - 2.20",4.35,CARD,8806020168072498
06/09/2021 09:27,London Brixton,Kathryn Baldwin,"Regular Hot chocolate - 2.20, Regular Iced americano - 2.15, Large Smoothies - Glowing Greens - 2.50, Regular Smoothies - Glowing Greens - 2.00, Regular Hot chocolate - 2.20",11.05,CARD,5771985770049857
06/09/2021 09:28,London Brixton,Dennis Carter,"Regular Smoothies - Glowing Greens - 2.00, Large Iced americano - 2.50, Regular Hot chocolate - 2.20, Large Espresso - 1.80",8.5,CASH,
06/09/2021 09:30,London Brixton,Robert Mcghee,"Regular Cappuccino - 2.15, Regular Frappes - Strawberries & Cream - 2.75",4.9,CASH,
06/09/2021 09:31,London Brixton,Terry Klemm,Regular Hot chocolate - 2.20,2.2,CARD,6384820550674527
06/09/2021 09:32,London Brixton,Kristina Hensley,"Regular Speciality Tea - Earl Grey - 1.30, Large Iced americano - 2.50, Regular Smoothies - Carrot Kick - 2.00",5.8,CARD,7888590291582091
06/09/2021 09:33,London Brixton,Ray Eaton,"Large Iced americano - 2.50, Large Smoothies - Glowing Greens - 2.50, Regular Iced americano - 2.15, Regular Hot chocolate - 2.20",9.35,CARD,8297452503385735
06/09/2021 09:34,London Brixton,William Richner,"Large Cappuccino - 2.45, Regular Speciality Tea - Earl Grey - 1.30, Large Iced americano - 2.50, Regular Hot chocolate - 2.20",8.45,CARD,9702310237194016
06/09/2021 09:35,London Brixton,Jason Beasley,Regular Hot chocolate - 2.20,2.2,CARD,2829204771437890
06/09/2021 09:37,London Brixton,Priscilla Sequra,"Regular Iced americano - 2.15, Regular Hot chocolate - 2.20, Large Cappuccino - 2.45, Large Frappes - Strawberries & Cream - 3.25, Regular Smoothies - Glowing Greens - 2.00",12.05,CARD,2377684072736562
06/09/2021 09:38,London Brixton,Gregory Harrison,Regular Iced americano - 2.15,2.15,CARD,8705653591783585
06/09/2021 09:39,London Brixton,Charles Odell,"Large Iced americano - 2.50, Regular Speciality Tea - Earl Grey - 1.30, Regular Iced americano - 2.15, Large Speciality Tea - Earl Grey - 1.60, Regular Iced americano - 2.15",9.7,CARD,7886605056597236
06/09/2021 09:40,London Brixton,Amada Martinez,"Large Espresso - 1.80, Regular Smoothies - Carrot Kick - 2.00, Large Iced americano - 2.50",6.3,CARD,1116621351793216
06/09/2021 09:41,London Brixton,Salvador Ramos,"Regular Cappuccino - 2.15, Regular Iced americano - 2.15, Regular Espresso - 1.50",5.8,CASH,
06/09/2021 09:42,London Brixton,Luis Bickham,"Large Frappes - Strawberries & Cream - 3.25, Large Smoothies - Glowing Greens - 2.50, Regular Cappuccino - 2.15, Large Smoothies - Carrot Kick - 2.50, Regular Speciality Tea - Earl Grey - 1.30, Regular Speciality Tea - Earl Grey - 1.30",13.0,CARD,9336543322360803
06/09/2021 09:44,London Brixton,Leona Bryant,Regular Cappuccino - 2.15,2.15,CARD,4653237941158079
06/09/2021 09:45,London Brixton,Margaret Gribbin,Regular Cappuccino - 2.15,2.15,CARD,1785489197155175
06/09/2021 09:46,London Brixton,Alma Devlin,Large Cappuccino - 2.45,2.45,CASH,
06/09/2021 09:47,London Brixton,Lucille Washington,Large Iced americano - 2.50,2.5,CASH,
06/09/2021 09:48,London Brixton,Peter Mciver,Large Cappuccino - 2.45,2.45,CARD,2592028458224392
06/09/2021 09:49,London Brixton,Diana Hammer,Large Smoothies - Carrot Kick - 2.50,2.5,CARD,5622555395806587
06/09/2021 09:51,London Brixton,Robert Irwin,"Large Cappuccino - 2.45, Large Speciality Tea - Earl Grey - 1.60, Large Hot chocolate - 2.90, Regular Speciality Tea - Earl Grey - 1.30, Large Speciality Tea - Earl Grey - 1.60",9.85,CARD,3057816858329775
06/09/2021 09:52,London Brixton,Larry Harland,Large Speciality Tea - Earl Grey - 1.60,1.6,CARD,8431172631544152
06/09/2021 09:53,London Brixton,Judy Kershner,"Regular Cappuccino - 2.15, Regular Frappes - Strawberries & Cream - 2.75",4.9,CARD,1474818724928904
06/09/2021 09:54,London Brixton,Gladys Schwenk,"Large Hot chocolate - 2.90, Regular Smoothies - Carrot Kick - 2.00, Large Espresso - 1.80, Large Smoothies - Glowing Greens - 2.50, Regular Smoothies - Glowing Greens - 2.00",11.2,CASH,
06/09/2021 09:55,London Brixton,Kelli West,"Regular Iced americano - 2.15, Regular Smoothies - Carrot Kick - 2.00, Large Iced americano - 2.50, Regular Hot chocolate - 2.20",8.85,CARD,3375387814075395
06/09/2021 09:56,London Brixton,Freddie Echevarria,Regular Speciality Tea - Earl Grey - 1.30,1.3,CARD,1721518247320849
06/09/2021 09:58,London Brixton,Cristal Harry,"Large Espresso - 1.80, Regular Hot chocolate - 2.20, Regular Speciality Tea - Earl Grey - 1.30",5.3,CARD,9557684416788977
06/09/2021 09:59,London Brixton,Tom Barnett,"Regular Espresso - 1.50, Regular Smoothies - Carrot Kick - 2.00, Regular Iced americano - 2.15, Large Smoothies - Carrot Kick - 2.50",8.15,CARD,1437570288747096
06/09/2021 10:00,London Brixton,Thomas Sigman,Regular Smoothies - Carrot Kick - 2.00,2.0,CARD,5006250308444879
06/09/2021 10:01,London Brixton,Elizabeth Briggs,"Large Espresso - 1.80, Regular Iced americano - 2.15, Regular Iced americano - 2.15, Regular Speciality Tea - Earl Grey - 1.30, Regular Smoothies - Carrot Kick - 2.00, Large Cappuccino - 2.45",11.85,CASH,
06/09/2021 10:02,London Brixton,Felicitas Kranz,"Large Frappes - Strawberries & Cream - 3.25, Large Speciality Tea - Earl Grey - 1.60, Regular Iced americano - 2.15",7.0,CARD,8995214879767453
06/09/2021 10:03,London Brixton,Lydia Ferguson,Regular Frappes - Strawberries & Cream - 2.75,2.75,CASH,
06/09/2021 10:05,London Brixton,Kevin Mattson,"Regular Smoothies - Glowing Greens - 2.00, Regular Frappes - Strawberries & Cream - 2.75",4.75,CASH,
06/09/2021 10:06,London Brixton,Rusty Rooker,Large Hot chocolate - 2.90,2.9,CARD,6216880274745432
06/09/2021 10:07,London Brixton,Phillip Dye,"Large Iced americano - 2.50, Regular Frappes - Strawberries & Cream - 2.75",5.25,CASH,
06/09/2021 10:08,London Brixton,Vida Lee,"Regular Cappuccino - 2.15, Large Smoothies - Glowing Greens - 2.50, Regular Speciality Tea - Earl Grey - 1.30, Large Hot chocolate - 2.90, Large Speciality Tea - Earl Grey - 1.60",10.45,CARD,6711623679102388
06/09/2021 10:09,London Brixton,Deborah Lopez,"Regular Iced americano - 2.15, Large Smoothies - Glowing Greens - 2.50",4.65,CASH,
06/09/2021 10:10,London Brixton,Eleanor Obannon,Large Smoothies - Glowing Greens - 2.50,2.5,CARD,7634038889807450
06/09/2021 10:12,London Brixton,Thomas Marshall,"Regular Smoothies - Glowing Greens - 2.00, Large Smoothies - Glowing Greens - 2.50",4.5,CASH,
06/09/2021 10:13,London Brixton,Stephen Raj,"Large Espresso - 1.80, Regular Cappuccino - 2.15",3.95,CASH,
06/09/2021 10:14,London Brixton,Janet Brown,"Regular Smoothies - Glowing Greens - 2.00, Large Cappuccino - 2.45, Large Hot chocolate - 2.90, Large Iced americano - 2.50",9.85,CARD,4072669834349767
06/09/2021 10:15,London Brixton,Terry Colgan,"Large Frappes - Strawberries & Cream - 3.25, Large Smoothies - Glowing Greens - 2.50, Regular Frappes - Strawberries & Cream - 2.75, Regular Iced americano - 2.15",10.65,CARD,7909843940704706
06/09/2021 10:16,London Brixton,Michael Fassett,"Large Hot chocolate - 2.90, Regular Smoothies - Glowing Greens - 2.00, Large Smoothies - Carrot Kick - 2.50",7.4,CASH,
06/09/2021 10:17,London Brixton,Dion Rulli,Large Iced americano - 2.50,2.5,CARD,6423853048739725
06/09/2021 10:19,London Brixton,Matthew Rhea,"Large Smoothies - Carrot Kick - 2.50, Regular Hot chocolate - 2.20, Regular Iced americano - 2.15",6.85,CARD,7555715982475132
06/09/2021 10:20,London Brixton,Donald Donalson,"Large Smoothies - Carrot Kick - 2.50, Regular Hot chocolate - 2.20",4.7,CARD,8548217646325903
06/09/2021 10:21,London Brixton,Mary Case,"Large Smoothies - Carrot Kick - 2.50, Large Hot chocolate - 2.90, Large Hot chocolate - 2.90, Regular Hot chocolate - 2.20, Large Speciality Tea - Earl Grey - 1.60",12.1,CASH,
06/09/2021 10:22,London Brixton,Kristeen Rauf,"Large Iced americano - 2.50, Regular Espresso - 1.50, Regular Hot chocolate - 2.20, Large Iced americano - 2.50, Regular Frappes - Strawberries & Cream - 2.75, Regular Espresso - 1.50",12.95,CASH,
06/09/2021 10:23,London Brixton,Brandon Gilpin,"Regular Iced americano - 2.15, Large Frappes - Strawberries & Cream - 3.25",5.4,CARD,3856491163008437
06/09/2021 10:24,London Brixton,Emmanuel Perez,"Large Speciality Tea - Earl Grey - 1.60, Large Iced americano - 2.50",4.1,CARD,9996486276064628
06/09/2021 10:26,London Brixton,Debi Lester,"Large Hot chocolate - 2.90, Large Speciality Tea - Earl Grey - 1.60, Regular Iced americano - 2.15",6.65,CARD,9690084283358383
06/09/2021 10:27,London Brixton,Rita Littman,"Regular Cappuccino - 2.15, Large Speciality Tea - Earl Grey - 1.60",3.75,CARD,7069990055676779
06/09/2021 10:28,London Brixton,Ashley Greenfeld,Regular Cappuccino - 2.15,2.15,CARD,5723192557044473
06/09/2021 10:29,London Brixton,Mildred House,Large Frappes - Strawberries & Cream - 3.25,3.25,CARD,8307955745505390
06/09/2021 10:30,London Brixton,Andrew Nutter,"Large Smoothies - Carrot Kick - 2.50, Large Smoothies - Glowing Greens - 2.50",5.0,CARD,2552003730723971
06/09/2021 10:31,London Brixton,James Smith,"Large Smoothies - Carrot Kick - 2.50, Large Speciality Tea - Earl Grey - 1.60",4.1,CARD,5575709012059585
06/09/2021 10:33,London Brixton,Gilbert Kouba,"Large Speciality Tea - Earl Grey - 1.60, Regular Iced americano - 2.15, Regular Hot chocolate - 2.20, Large Smoothies - Glowing Greens - 2.50, Regular Smoothies - Glowing Greens - 2.00, Large Smoothies - Carrot Kick - 2.50",12.95,CARD,2960891432862072
06/09/2021 10:34,London Brixton,Dick Willis,"Large Smoothies - Carrot Kick - 2.50, Regular Iced americano - 2.15, Regular Speciality Tea - Earl Grey - 1.30, Regular Frappes - Strawberries & Cream - 2.75",8.7,CARD,8683377533254755
06/09/2021 10:35,London Brixton,Perry Onstott,"Regular Cappuccino - 2.15, Large Iced americano - 2.50, Regular Speciality Tea - Earl Grey - 1.30",5.95,CARD,9523832797145116
06/09/2021 10:36,London Brixton,Steven Lopez,Large Cappuccino - 2.45,2.45,CARD,1180865090155585
06/09/2021 10:37,London Brixton,Irene Ramirez,"Regular Iced americano - 2.15, Large Cappuccino - 2.45, Large Cappuccino - 2.45",7.05,CASH,
06/09/2021 10:38,London Brixton,Michelle Osborne,"Large Frappes - Strawberries & Cream - 3.25, Regular Smoothies - Glowing Greens - 2.00, Large Iced americano - 2.50",7.75,CASH,
06/09/2021 10:40,London Brixton,Brian Wilson,"Regular Iced americano - 2.15, Large Smoothies - Carrot Kick - 2.50, Regular Hot chocolate - 2.20, Regular Hot chocolate - 2.20, Large Cappuccino - 2.45, Regular Hot chocolate - 2.20",13.7,CARD,9693020527640249
06/09/2021 10:41,London Brixton,Raymond Magar,"Regular Hot chocolate - 2.20, Regular Frappes - Strawberries & Cream - 2.75, Regular Speciality Tea - Earl Grey - 1.30",6.25,CARD,6798907453816026
06/09/2021 10:42,London Brixton,Amelia Johnson,"Large Espresso - 1.80, Regular Iced americano - 2.15, Regular Speciality Tea - Earl Grey - 1.30",5.25,CASH,
06/09/2021 10:43,London Brixton,Melissa Carlos,Regular Iced americano - 2.15,2.15,CARD,7890979699923762
06/09/2021 10:44,London Brixton,Claudio Crafton,Large Iced americano - 2.50,2.5,CARD,1030480564468803
06/09/2021 10:45,London Brixton,James Williams,"Regular Speciality Tea - Earl Grey - 1.30, Large Frappes - Strawberries & Cream - 3.25, Regular Espresso - 1.50, Regular Speciality Tea - Earl Grey - 1.30, Large Smoothies - Glowing Greens - 2.50, Large Frappes - Strawberries & Cream - 3.25",13.1,CARD,7111642240011729
06/09/2021 10:47,London Brixton,Rodney Witham,"Regular Iced americano - 2.15, Regular Hot chocolate - 2.20",4.35,CASH,
06/09/2021 10:48,London Brixton,Amber Johnson,Regular Espresso - 1.50,1.5,CASH,
06/09/2021 10:49,London Brixton,Spencer Parsons,Regular Frappes - Strawberries & Cream - 2.75,2.75,CARD,7169107501052327
06/09/2021 10:50,London Brixton,Marianne Kelly,"Large Speciality Tea - Earl Grey - 1.60, Large Smoothies - Glowing Greens - 2.50",4.1,CASH,
06/09/2021 10:51,London Brixton,Mary Freeman,"Regular Frappes - Strawberries & Cream - 2.75, Large Smoothies - Glowing Greens - 2.50, Large Cappuccino - 2.45, Large Cappuccino - 2.45, Regular Speciality Tea - Earl Grey - 1.30, Large Speciality Tea - Earl Grey - 1.60",13.05,CARD,7978104070589192
06/09/2021 10:52,London Brixton,Charles Vargas,Regular Smoothies - Carrot Kick - 2.00,2.0,CASH,
06/09/2021 10:54,London Brixton,Jacob Raderstorf,"Large Cappuccino - 2.45, Large Iced americano - 2.50",4.95,CARD,1083364237240182
06/09/2021 10:55,London Brixton,Anthony Salinas,"Regular Frappes - Strawberries & Cream - 2.75, Regular Smoothies - Carrot Kick - 2.00, Large Hot chocolate - 2.90",7.65,CARD,5245775536187302
06/09/2021 10:56,London Brixton,Gary Dalton,Regular Iced americano - 2.15,2.15,CARD,4434480756579575
06/09/2021 10:57,London Brixton,Silvia Tucker,Large Speciality Tea - Earl Grey - 1.60,1.6,CARD,5249329962998938
06/09/2021 10:58,London Brixton,Gregory Stewart,"Regular Speciality Tea - Earl Grey - 1.30, Regular Speciality Tea - Earl Grey - 1.30",2.6,CARD,3547818059372959
06/09/2021 10:59,London Brixton,Stephanie Gibson,"Regular Speciality Tea - Earl Grey - 1.30, Large Smoothies - Glowing Greens - 2.50, Regular Iced americano - 2.15",5.95,CARD,6778955572865366
06/09/2021 11:01,London Brixton,Janet Zuniga,"Large Speciality Tea - Earl Grey - 1.60, Large Cappuccino - 2.45",4.05,CASH,
06/09/2021 11:03,London Brixton,Timothy Lee,"Regular Espresso - 1.50, Regular Speciality Tea - Earl Grey - 1.30, Regular Espresso - 1.50",4.3,CARD,1577790583693362
06/09/2021 11:04,London Brixton,Lourdes Flinders,"Regular Smoothies - Carrot Kick - 2.00, Large Cappuccino - 2.45, Regular Speciality Tea - Earl Grey - 1.30, Large Smoothies - Glowing Greens - 2.50",8.25,CASH,
06/09/2021 11:06,London Brixton,Sara Cote,"Large Hot chocolate - 2.90, Large Cappuccino - 2.45, Regular Cappuccino - 2.15, Regular Hot chocolate - 2.20",9.7,CASH,
06/09/2021 11:08,London Brixton,Jill Hines,"Large Speciality Tea - Earl Grey - 1.60, Large Iced americano - 2.50",4.1,CARD,5744014005187575
06/09/2021 11:10,London Brixton,Richard Melton,"Regular Smoothies - Glowing Greens - 2.00, Large Espresso - 1.80, Large Speciality Tea - Earl Grey - 1.60",5.4,CARD,1919117312359852
06/09/2021 11:12,London Brixton,Stanley Polit,"Large Frappes - Strawberries & Cream - 3.25, Large Cappuccino - 2.45, Large Cappuccino - 2.45, Large Espresso - 1.80",9.95,CARD,5738372320077799
06/09/2021 11:14,London Brixton,Hazel Holloway,"Large Smoothies - Carrot Kick - 2.50, Large Smoothies - Glowing Greens - 2.50",5.0,CARD,4343757910971151
06/09/2021 11:16,London Brixton,Emily Bivens,"Large Smoothies - Glowing Greens - 2.50, Regular Smoothies - Glowing Greens - 2.00, Regular Speciality Tea - Earl Grey - 1.30",5.8,CARD,7921690312614231
06/09/2021 11:17,London Brixton,Vernon Robinson,"Large Smoothies - Glowing Greens - 2.50, Large Speciality Tea - Earl Grey - 1.60",4.1,CASH,
06/09/2021 11:19,London Brixton,Margarett Horst,"Regular Smoothies - Glowing Greens - 2.00, Large Speciality Tea - Earl Grey - 1.60, Large Speciality Tea - Earl Grey - 1.60",5.2,CASH,
06/09/2021 11:21,London Brixton,Ashley Le,"Regular Cappuccino - 2.15, Regular Cappuccino - 2.15, Regular Speciality Tea - Earl Grey - 1.30",5.6,CARD,6882507669600407
06/09/2021 11:23,London Brixton,Joshua Galvan,Large Frappes - Strawberries & Cream - 3.25,3.25,CARD,2630165651232411
06/09/2021 11:25,London Brixton,Valerie Rone,Regular Iced americano - 2.15,2.15,CARD,8266749434486756
06/09/2021 11:27,London Brixton,Amanda Anderson,"Regular Hot chocolate - 2.20, Large Frappes - Strawberries & Cream - 3.25, Regular Espresso - 1.50, Regular Smoothies - Glowing Greens - 2.00",8.95,CASH,
06/09/2021 11:29,London Brixton,Opal Hamrick,"Regular Cappuccino - 2.15, Regular Espresso - 1.50, Large Smoothies - Glowing Greens - 2.50",6.15,CARD,6416002823499275
06/09/2021 11:31,London Brixton,Damon Mcdonald,"Regular Hot chocolate - 2.20, Large Cappuccino - 2.45, Regular Smoothies - Carrot Kick - 2.00",6.65,CASH,
06/09/2021 11:32,London Brixton,Ann Luna,"Regular Frappes - Strawberries & Cream - 2.75, Large Espresso - 1.80, Large Espresso - 1.80, Large Espresso - 1.80",8.15,CARD,4921788793914423
06/09/2021 11:34,London Brixton,William Spencer,"Large Smoothies - Glowing Greens - 2.50, Large Iced americano - 2.50",5.0,CARD,9911504992299548
06/09/2021 11:36,London Brixton,Lonnie Nelson,Regular Frappes - Strawberries & Cream - 2.75,2.75,CARD,1059596407817095
06/09/2021 11:38,London Brixton,Michael Crooks,"Large Iced americano - 2.50, Regular Cappuccino - 2.15, Regular Espresso - 1.50, Large Hot chocolate - 2.90, Large Espresso - 1.80, Regular Espresso - 1.50",12.35,CARD,4191561588088581
06/09/2021 11:40,London Brixton,James Knutson,"Regular Speciality Tea - Earl Grey - 1.30, Large Frappes - Strawberries & Cream - 3.25, Regular Smoothies - Glowing Greens - 2.00",6.55,CARD,6053064408821641
06/09/2021 11:42,London Brixton,Paul Bachman,"Regular Iced americano - 2.15, Large Iced americano - 2.50, Regular Hot chocolate - 2.20",6.85,CASH,
06/09/2021 11:44,London Brixton,Frank Marks,Regular Smoothies - Glowing Greens - 2.00,2.0,CARD,5370352373967425
06/09/2021 11:45,London Brixton,Collette Watson,Regular Espresso - 1.50,1.5,CARD,8412163839100149
06/09/2021 11:47,London Brixton,James Edwards,Large Smoothies - Carrot Kick - 2.50,2.5,CASH,
06/09/2021 11:49,London Brixton,Stanley Carr,"Regular Hot chocolate - 2.20, Large Iced americano - 2.50",4.7,CARD,5583181276091253
06/09/2021 11:51,London Brixton,Joseph Ochs,"Regular Cappuccino - 2.15, Large Cappuccino - 2.45",4.6,CASH,
06/09/2021 11:53,London Brixton,Tina Byrum,"Regular Smoothies - Glowing Greens - 2.00, Regular Cappuccino - 2.15, Regular Espresso - 1.50, Large Speciality Tea - Earl Grey - 1.60",7.25,CARD,5163294739806530
06/09/2021 11:55,London Brixton,Kenneth Bridges,"Regular Espresso - 1.50, Large Frappes - Strawberries & Cream - 3.25",4.75,CARD,8320935926075288
06/09/2021 11:57,London Brixton,Michael Gilman,"Regular Smoothies - Carrot Kick - 2.00, Large Smoothies - Carrot Kick - 2.50, Regular Cappuccino - 2.15, Large Hot chocolate - 2.90",9.55,CARD,1210862031249727
06/09/2021 11:59,London Brixton,Janice Lingafelter,Large Iced americano - 2.50,2.5,CASH,
06/09/2021 12:00,London Brixton,Robyn Ramos,"Regular Iced americano - 2.15, Large Smoothies - Carrot Kick - 2.50, Regular Smoothies - Carrot Kick - 2.00, Regular Iced americano - 2.15",8.8,CARD,7448707814419688
06/09/2021 12:02,London Brixton,Maria Leather,"Regular Espresso - 1.50, Large Smoothies - Carrot Kick - 2.50, Regular Hot chocolate - 2.20, Large Smoothies - Carrot Kick - 2.50",8.7,CARD,3313637942802200
06/09/2021 12:04,London Brixton,Geneva Mccracken,"Large Speciality Tea - Earl Grey - 1.60, Large Smoothies - Glowing Greens - 2.50, Regular Iced americano - 2.15",6.25,CARD,1850906350163428
06/09/2021 12:06,London Brixton,Daniel Galloway,Regular Smoothies - Glowing Greens - 2.00,2.0,CARD,1786805218201271
06/09/2021 12:08,London Brixton,William Davis,"Large Iced americano - 2.50, Regular Hot chocolate - 2.20",4.7,CARD,9495217084173978
06/09/2021 12:10,London Brixton,William Rankin,"Large Smoothies - Glowing Greens - 2.50, Regular Hot chocolate - 2.20",4.7,CASH,
06/09/2021 12:12,London Brixton,Ashley Baker,"Regular Smoothies - Carrot Kick - 2.00, Regular Speciality Tea - Earl Grey - 1.30",3.3,CARD,4268715375676771
06/09/2021 12:14,London Brixton,Daniel Cortez,"Regular Hot chocolate - 2.20, Large Smoothies - Carrot Kick - 2.50, Large Hot chocolate - 2.90",7.6,CARD,1138933628897187
06/09/2021 12:16,London Brixton,Molly Conley,Large Frappes - Strawberries & Cream - 3.25,3.25,CASH,
06/09/2021 12:18,London Brixton,Timothy Moore,"Regular Espresso - 1.50, Regular Hot chocolate - 2.20, Regular Smoothies - Glowing Greens - 2.00, Regular Espresso - 1.50",7.2,CARD,3629241027880511
06/09/2021 12:20,London Brixton,Jose Letarte,Large Hot chocolate - 2.90,2.9,CARD,2853024764541273
06/09/2021 12:22,London Brixton,Jill Saucier,"Regular Speciality Tea - Earl Grey - 1.30, Regular Hot chocolate - 2.20, Large Frappes - Strawberries & Cream - 3.25, Regular Frappes - Strawberries & Cream - 2.75, Large Speciality Tea - Earl Grey - 1.60",11.1,CASH,
06/09/2021 12:24,London Brixton,Kelli Steib,"Regular Smoothies - Glowing Greens - 2.00, Large Hot chocolate - 2.90, Regular Iced americano - 2.15, Regular Smoothies - Carrot Kick - 2.00",9.05,CASH,
06/09/2021 12:26,London Brixton,Daniel Canfield,Large Hot chocolate - 2.90,2.9,CARD,6515543103882074
06/09/2021 12:27,London Brixton,Johnny Shelton,Regular Cappuccino - 2.15,2.15,CASH,
06/09/2021 12:29,London Brixton,Jorge Bruner,"Large Frappes - Strawberries & Cream - 3.25, Regular Frappes - Strawberries & Cream - 2.75",6.0,CARD,8053284290946806
06/09/2021 12:31,London Brixton,Minnie Tran,Regular Frappes - Strawberries & Cream - 2.75,2.75,CARD,5806393010076963
06/09/2021 12:33,London Brixton,Steven Turner,Regular Hot chocolate - 2.20,2.2,CASH,
06/09/2021 12:35,London Brixton,Harold Zuniga,"Large Frappes - Strawberries & Cream - 3.25, Large Hot chocolate - 2.90, Regular Espresso - 1.50",7.65,CARD,5944306577750246
06/09/2021 12:37,London Brixton,Daniel Higgs,"Large Smoothies - Carrot Kick - 2.50, Large Frappes - Strawberries & Cream - 3.25, Regular Iced americano - 2.15, Regular Iced americano - 2.15",10.05,CARD,7040770912169415
06/09/2021 12:39,London Brixton,Peter Hafner,Regular Cappuccino - 2.15,2.15,CARD,9475482468917097
06/09/2021 12:41,London Brixton,Charles Garrett,"Regular Speciality Tea - Earl Grey - 1.30, Regular Smoothies - Glowing Greens - 2.00",3.3,CASH,
06/09/2021 12:43,London Brixton,William Thomas,"Regular Speciality Tea - Earl Grey - 1.30, Regular Cappuccino - 2.15, Regular Espresso - 1.50, Large Cappuccino - 2.45",7.4,CASH,
06/09/2021 12:45,London Brixton,Ronald Kloepper,"Regular Smoothies - Glowing Greens - 2.00, Large Speciality Tea - Earl Grey - 1.60",3.6,CARD,3822293906018501
06/09/2021 12:47,London Brixton,Linda Roche,"Large Hot chocolate - 2.90, Regular Espresso - 1.50, Large Frappes - Strawberries & Cream - 3.25",7.65,CARD,9546243684593136
06/09/2021 12:49,London Brixton,Jamie Santana,Regular Smoothies - Carrot Kick - 2.00,2.0,CARD,6994045283451929
06/09/2021 12:51,London Brixton,Lisa Holstein,Large Iced americano - 2.50,2.5,CARD,7935528759650340
06/09/2021 12:53,London Brixton,Robert Violette,"Large Iced americano - 2.50, Large Frappes - Strawberries & Cream - 3.25",5.75,CARD,7086787939320664
06/09/2021 12:55,London Brixton,Catharine Buckner,Large Cappuccino - 2.45,2.45,CARD,4436079820078386
06/09/2021 12:56,London Brixton,Brian Flatley,Large Speciality Tea - Earl Grey - 1.60,1.6,CARD,7736633886011883
06/09/2021 12:58,London Brixton,Sandra Hill,"Large Smoothies - Glowing Greens - 2.50, Large Cappuccino - 2.45",4.95,CASH,
06/09/2021 13:00,London Brixton,Claudia Evans,"Regular Cappuccino - 2.15, Large Speciality Tea - Earl Grey - 1.60, Regular Cappuccino - 2.15",5.9,CASH,
06/09/2021 13:01,London Brixton,Rose Mcnay,"Regular Smoothies - Carrot Kick - 2.00, Large Cappuccino - 2.45, Regular Smoothies - Glowing Greens - 2.00, Large Frappes - Strawberries & Cream - 3.25",9.7,CASH,
06/09/2021 13:02,London Brixton,Manuel Huth,"Large Hot chocolate - 2.90, Regular Espresso - 1.50, Large Espresso - 1.80, Regular Smoothies - Carrot Kick - 2.00, Regular Hot chocolate - 2.20",10.4,CASH,
06/09/2021 13:03,London Brixton,Esther Foulger,"Regular Hot chocolate - 2.20, Regular Speciality Tea - Earl Grey - 1.30",3.5,CARD,1265380299705715
06/09/2021 13:04,London Brixton,David Vaught,"Regular Smoothies - Carrot Kick - 2.00, Regular Cappuccino - 2.15, Regular Frappes - Strawberries & Cream - 2.75, Regular Iced americano - 2.15",9.05,CARD,7855078589772966
06/09/2021 13:05,London Brixton,Mark Perla,"Large Espresso - 1.80, Large Frappes - Strawberries & Cream - 3.25",5.05,CARD,9097091942702344
06/09/2021 13:06,London Brixton,Carey Bursey,Large Iced americano - 2.50,2.5,CARD,7281148143148022
06/09/2021 13:07,London Brixton,Mary Keller,Large Frappes - Strawberries & Cream - 3.25,3.25,CARD,1783329901680711
06/09/2021 13:08,London Brixton,Irma Anderson,"Regular Smoothies - Carrot Kick - 2.00, Regular Smoothies - Glowing Greens - 2.00, Regular Speciality Tea - Earl Grey - 1.30, Regular Smoothies - Carrot Kick - 2.00, Large Espresso - 1.80",9.1,CASH,
06/09/2021 13:09,London Brixton,Veronica Irish,Regular Frappes - Strawberries & Cream - 2.75,2.75,CARD,2274290112513246
06/09/2021 13:09,London Brixton,Mark Christner,"Large Iced americano - 2.50, Large Hot chocolate - 2.90, Regular Smoothies - Carrot Kick - 2.00",7.4,CARD,6171135811391832
06/09/2021 13:10,London Brixton,Deborah Cirilo,Regular Smoothies - Glowing Greens - 2.00,2.0,CARD,7090965530051557
06/09/2021 13:11,London Brixton,James Henderson,"Regular Frappes - Strawberries & Cream - 2.75, Large Iced americano - 2.50, Large Iced americano - 2.50, Regular Espresso - 1.50",9.25,CARD,1877645186176424
06/09/2021 13:12,London Brixton,Carly Strasser,"Large Frappes - Strawberries & Cream - 3.25, Regular Frappes - Strawberries & Cream - 2.75, Regular Hot chocolate - 2.20, Regular Frappes - Strawberries & Cream - 2.75, Regular Smoothies - Glowing Greens - 2.00",12.95,CARD,4275729905821486
06/09/2021 13:13,London Brixton,Charles Karter,"Large Speciality Tea - Earl Grey - 1.60, Large Smoothies - Glowing Greens - 2.50",4.1,CARD,9108099838198951
06/09/2021 13:14,London Brixton,Alex Reeves,"Large Iced americano - 2.50, Large Frappes - Strawberries & Cream - 3.25, Large Speciality Tea - Earl Grey - 1.60, Large Frappes - Strawberries & Cream - 3.25, Regular Smoothies - Carrot Kick - 2.00",12.6,CARD,1251349039504383
06/09/2021 13:15,London Brixton,Virginia Nero,"Large Cappuccino - 2.45, Large Espresso - 1.80",4.25,CARD,9445503830765391
06/09/2021 13:16,London Brixton,Vivian Haskins,"Regular Hot chocolate - 2.20, Regular Smoothies - Carrot Kick - 2.00, Regular Hot chocolate - 2.20, Large Iced americano - 2.50",8.9,CASH,
06/09/2021 13:17,London Brixton,Ronald Farrar,Regular Hot chocolate - 2.20,2.2,CARD,8958805874313013
06/09/2021 13:18,London Brixton,Myra Dickerson,Regular Espresso - 1.50,1.5,CASH,
06/09/2021 13:19,London Brixton,Joe Stubbs,Large Cappuccino - 2.45,2.45,CARD,3352702687458572
06/09/2021 13:20,London Brixton,Pauline Baker,"Regular Smoothies - Glowing Greens - 2.00, Regular Cappuccino - 2.15, Large Frappes - Strawberries & Cream - 3.25",7.4,CARD,5076124804863430
06/09/2021 13:20,London Brixton,Marisa Murphy,"Large Smoothies - Glowing Greens - 2.50, Regular Smoothies - Glowing Greens - 2.00, Regular Iced americano - 2.15, Large Cappuccino - 2.45",9.1,CARD,6756898695194122
06/09/2021 13:21,London Brixton,Danny Seidt,"Large Speciality Tea - Earl Grey - 1.60, Regular Cappuccino - 2.15",3.75,CARD,4341542711436328
06/09/2021 13:22,London Brixton,Courtney Nelson,"Large Frappes - Strawberries & Cream - 3.25, Large Espresso - 1.80",5.05,CARD,4807567749207035
06/09/2021 13:23,London Brixton,Martha Wight,"Large Speciality Tea - Earl Grey - 1.60, Large Hot chocolate - 2.90, Regular Cappuccino - 2.15, Large Speciality Tea - Earl Grey - 1.60",8.25,CARD,3851972566321848
06/09/2021 13:24,London Brixton,Maxine Smith,Large Speciality Tea - Earl Grey - 1.60,1.6,CARD,9705993857884738
06/09/2021 13:25,London Brixton,Donnell Wilson,"Regular Speciality Tea - Earl Grey - 1.30, Large Cappuccino - 2.45, Regular Frappes - Strawberries & Cream - 2.75, Regular Espresso - 1.50",8.0,CASH,
06/09/2021 13:26,London Brixton,Viola Dubose,"Large Smoothies - Glowing Greens - 2.50, Regular Smoothies - Glowing Greens - 2.00, Large Frappes - Strawberries & Cream - 3.25",7.75,CARD,1422743048710475
06/09/2021 13:27,London Brixton,Jimmy Calderon,Large Iced americano - 2.50,2.5,CARD,5320314106549829
06/09/2021 13:28,London Brixton,John Bolin,"Regular Iced americano - 2.15, Regular Iced americano - 2.15",4.3,CARD,6277871274284752
06/09/2021 13:29,London Brixton,Olive Lindsay,"Regular Frappes - Strawberries & Cream - 2.75, Large Speciality Tea - Earl Grey - 1.60",4.35,CASH,
06/09/2021 13:30,London Brixton,Lilian Wilborn,"Regular Smoothies - Glowing Greens - 2.00, Regular Iced americano - 2.15",4.15,CASH,
06/09/2021 13:31,London Brixton,William Martinez,Regular Frappes - Strawberries & Cream - 2.75,2.75,CARD,4644016563938411
06/09/2021 13:31,London Brixton,Bobby Brady,"Large Smoothies - Carrot Kick - 2.50, Large Cappuccino - 2.45, Large Hot chocolate - 2.90, Regular Smoothies - Glowing Greens - 2.00",9.85,CARD,3766835468509180
06/09/2021 13:32,London Brixton,Jason Clark,Regular Espresso - 1.50,1.5,CARD,5769855991346050
06/09/2021 13:33,London Brixton,James Hartmann,"Regular Smoothies - Carrot Kick - 2.00, Regular Cappuccino - 2.15, Regular Espresso - 1.50, Large Smoothies - Glowing Greens - 2.50, Regular Smoothies - Glowing Greens - 2.00",10.15,CARD,1650686019518127
06/09/2021 13:34,London Brixton,Claire Southern,"Large Smoothies - Glowing Greens - 2.50, Large Iced americano - 2.50, Regular Espresso - 1.50, Large Espresso - 1.80, Large Iced americano - 2.50, Large Iced americano - 2.50",13.3,CARD,2678147099827760
06/09/2021 13:35,London Brixton,Tom Morein,"Regular Hot chocolate - 2.20, Large Smoothies - Glowing Greens - 2.50, Large Speciality Tea - Earl Grey - 1.60",6.3,CASH,
06/09/2021 13:36,London Brixton,William Martinez,"Regular Smoothies - Carrot Kick - 2.00, Large Espresso - 1.80, Large Frappes - Strawberries & Cream - 3.25",7.05,CARD,2900396831358575
06/09/2021 13:37,London Brixton,Marian Thompson,"Large Speciality Tea - Earl Grey - 1.60, Regular Smoothies - Carrot Kick - 2.00, Regular Speciality Tea - Earl Grey - 1.30",4.9,CARD,2722204186032948
06/09/2021 13:38,London Brixton,William Douglas,Regular Hot chocolate - 2.20,2.2,CARD,5096675887867413
06/09/2021 13:39,London Brixton,Sharon Green,"Large Smoothies - Glowing Greens - 2.50, Regular Cappuccino - 2.15, Regular Espresso - 1.50",6.15,CARD,4445560714544851
06/09/2021 13:40,London Brixton,Ronny Hickman,"Regular Speciality Tea - Earl Grey - 1.30, Large Cappuccino - 2.45",3.75,CARD,3504563381377786
06/09/2021 13:41,London Brixton,Michael Dresser,"Regular Frappes - Strawberries & Cream - 2.75, Large Smoothies - Carrot Kick - 2.50, Regular Smoothies - Carrot Kick - 2.00",7.25,CARD,5668183579469633
06/09/2021 13:42,London Brixton,Jeanne Maki,"Large Speciality Tea - Earl Grey - 1.60, Regular Smoothies - Glowing Greens - 2.00, Large Smoothies - Carrot Kick - 2.50, Large Smoothies - Carrot Kick - 2.50, Regular Smoothies - Glowing Greens - 2.00",10.6,CARD,2259004181247304
06/09/2021 13:42,London Brixton,William Friedman,Regular Espresso - 1.50,1.5,CASH,
06/09/2021 13:43,London Brixton,Stephanie Pool,"Large Frappes - Strawberries & Cream - 3.25, Regular Frappes - Strawberries & Cream - 2.75, Large Hot chocolate - 2.90, Large Hot chocolate - 2.90",11.8,CARD,9452195695907006
06/09/2021 13:44,London Brixton,Ryan Ranta,"Large Smoothies - Glowing Greens - 2.50, Regular Cappuccino - 2.15, Large Smoothies - Glowing Greens - 2.50, Large Cappuccino - 2.45, Large Speciality Tea - Earl Grey - 1.60, Regular Iced americano - 2.15",13.35,CARD,4439696062667980
06/09/2021 13:45,London Brixton,Luisa Richmond,"Regular Espresso - 1.50, Large Iced americano - 2.50, Regular Speciality Tea - Earl Grey - 1.30",5.3,CARD,4215990572019404
06/09/2021 13:46,London Brixton,Chad Bristol,Regular Smoothies - Carrot Kick - 2.00,2.0,CARD,5357653411974179
06/09/2021 13:47,London Brixton,Carl Burger,"Regular Frappes - Strawberries & Cream - 2.75, Large Hot chocolate - 2.90, Regular Espresso - 1.50, Regular Smoothies - Glowing Greens - 2.00",9.15,CARD,3078995777259325
06/09/2021 13:48,London Brixton,Beth Osullivan,"Large Iced americano - 2.50, Regular Smoothies - Carrot Kick - 2.00, Regular Hot chocolate - 2.20, Large Frappes - Strawberries & Cream - 3.25, Large Speciality Tea - Earl Grey - 1.60",11.55,CARD,2218504918388899
06/09/2021 13:49,London Brixton,Kim Alford,"Large Speciality Tea - Earl Grey - 1.60, Regular Speciality Tea - Earl Grey - 1.30, Regular Smoothies - Carrot Kick - 2.00, Regular Iced americano - 2.15",7.05,CARD,5541893414592570
06/09/2021 13:50,London Brixton,Joseph Lapointe,"Regular Frappes - Strawberries & Cream - 2.75, Large Smoothies - Glowing Greens - 2.50, Large Smoothies - Carrot Kick - 2.50, Regular Hot chocolate - 2.20, Regular Frappes - Strawberries & Cream - 2.75",12.7,CARD,2731084041767826
06/09/2021 13:51,London Brixton,Antwan Mahr,Large Smoothies - Carrot Kick - 2.50,2.5,CARD,4720767769169044
06/09/2021 13:52,London Brixton,Thomas Oneal,"Regular Frappes - Strawberries & Cream - 2.75, Regular Smoothies - Glowing Greens - 2.00, Regular Hot chocolate - 2.20, Regular Frappes - Strawberries & Cream - 2.75",9.7,CARD,8705114066718435
06/09/2021 13:53,London Brixton,Catherine Testerman,"Regular Hot chocolate - 2.20, Regular Hot chocolate - 2.20",4.4,CASH,
06/09/2021 13:53,London Brixton,Wilma Wilson,Large Speciality Tea - Earl Grey - 1.60,1.6,CARD,2831883256159039
06/09/2021 13:54,London Brixton,Olivia Oden,"Large Smoothies - Carrot Kick - 2.50, Regular Smoothies - Carrot Kick - 2.00, Large Speciality Tea - Earl Grey - 1.60",6.1,CASH,
06/09/2021 13:55,London Brixton,Michael Mcelrath,"Large Frappes - Strawberries & Cream - 3.25, Large Iced americano - 2.50",5.75,CARD,8644134092758603
06/09/2021 13:56,London Brixton,Kenneth Seward,"Large Speciality Tea - Earl Grey - 1.60, Large Smoothies - Glowing Greens - 2.50",4.1,CASH,
06/09/2021 13:57,London Brixton,Carl Lindquist,"Large Smoothies - Glowing Greens - 2.50, Large Cappuccino - 2.45, Large Speciality Tea - Earl Grey - 1.60, Regular Cappuccino - 2.15, Regular Hot chocolate - 2.20, Large Smoothies - Carrot Kick - 2.50",13.4,CARD,5836930469749723
06/09/2021 13:58,London Brixton,Maria Crumley,"Large Frappes - Strawberries & Cream - 3.25, Regular Smoothies - Carrot Kick - 2.00, Regular Speciality Tea - Earl Grey - 1.30, Regular Smoothies - Carrot Kick - 2.00",8.55,CASH,
06/09/2021 13:59,London Brixton,Charles Osborne,"Regular Speciality Tea - Earl Grey - 1.30, Large Smoothies - Glowing Greens - 2.50, Regular Smoothies - Carrot Kick - 2.00, Regular Smoothies - Glowing Greens - 2.00",7.8,CARD,6966397214341617
06/09/2021 14:00,London Brixton,Spencer Serna,Large Speciality Tea - Earl Grey - 1.60,1.6,CARD,4961212682540225
06/09/2021 14:01,London Brixton,Lydia Moulding,"Large Espresso - 1.80, Regular Espresso - 1.50",3.3,CARD,9516310623122047
06/09/2021 14:02,London Brixton,Phyllis Vogelpohl,"Regular Espresso - 1.50, Regular Smoothies - Carrot Kick - 2.00, Large Hot chocolate - 2.90, Large Frappes - Strawberries & Cream - 3.25",9.65,CARD,9571164203494630
06/09/2021 14:03,London Brixton,James Weyant,Large Iced americano - 2.50,2.5,CARD,6312543589528270
06/09/2021 14:04,London Brixton,Gloria Carrier,"Regular Smoothies - Glowing Greens - 2.00, Large Iced americano - 2.50, Regular Smoothies - Carrot Kick - 2.00",6.5,CASH,
06/09/2021 14:05,London Brixton,Alisha Adams,Regular Speciality Tea - Earl Grey - 1.30,1.3,CASH,
06/09/2021 14:06,London Brixton,Ruby Contos,Large Espresso - 1.80,1.8,CARD,4358405643385140
06/09/2021 14:07,London Brixton,Jaunita Riley,"Large Hot chocolate - 2.90, Large Smoothies - Glowing Greens - 2.50, Regular Smoothies - Glowing Greens - 2.00",7.4,CARD,4558616573567993
06/09/2021 14:08,London Brixton,Richard Mischler,"Large Hot chocolate - 2.90, Large Smoothies - Glowing Greens - 2.50, Regular Espresso - 1.50, Regular Espresso - 1.50, Regular Cappuccino - 2.15",10.55,CARD,9539007127870220
06/09/2021 14:09,London Brixton,Samuel Grier,"Large Cappuccino - 2.45, Regular Smoothies - Glowing Greens - 2.00, Regular Espresso - 1.50, Regular Espresso - 1.50, Regular Hot chocolate - 2.20",9.65,CARD,3417727916744974
06/09/2021 14:10,London Brixton,Jesse Decinti,Regular Frappes - Strawberries & Cream - 2.75,2.75,CARD,7599797151810063
06/09/2021 14:11,London Brixton,Angela Timmons,"Regular Espresso - 1.50, Regular Smoothies - Carrot Kick - 2.00, Large Cappuccino - 2.45, Regular Smoothies - Glowing Greens - 2.00",7.95,CASH,
06/09/2021 14:12,London Brixton,Michael Thompson,"Large Smoothies - Glowing Greens - 2.50, Regular Smoothies - Glowing Greens - 2.00",4.5,CARD,9826168372767934
06/09/2021 14:13,London Brixton,Robert Richardson,"Large Frappes - Strawberries & Cream - 3.25, Regular Espresso - 1.50, Large Speciality Tea - Earl Grey - 1.60",6.35,CARD,2257652693802057
06/09/2021 14:14,London Brixton,Hallie Donovan,Regular Smoothies - Carrot Kick - 2.00,2.0,CARD,2426765742709062
06/09/2021 14:15,London Brixton,Jon Lamontagne,"Large Smoothies - Glowing Greens - 2.50, Regular Smoothies - Glowing Greens - 2.00",4.5,CARD,5681053936276130
06/09/2021 14:16,London Brixton,Maureen Schneider,Large Cappuccino - 2.45,2.45,CARD,8876602546617238
06/09/2021 14:17,London Brixton,Richard Saucedo,"Large Iced americano - 2.50, Large Hot chocolate - 2.90",5.4,CARD,2810699452906829
06/09/2021 14:18,London Brixton,Maximina Brooks,"Large Speciality Tea - Earl Grey - 1.60, Large Cappuccino - 2.45, Regular Speciality Tea - Earl Grey - 1.30, Regular Smoothies - Glowing Greens - 2.00",7.35,CARD,1518572336696741
06/09/2021 14:19,London Brixton,Russell Necaise,"Large Speciality Tea - Earl Grey - 1.60, Large Frappes - Strawberries & Cream - 3.25, Large Hot chocolate - 2.90, Large Smoothies - Glowing Greens - 2.50",10.25,CASH,
06/09/2021 14:20,London Brixton,Jeff Chen,"Large Smoothies - Glowing Greens - 2.50, Large Hot chocolate - 2.90, Large Iced americano - 2.50",7.9,CASH,
06/09/2021 14:21,London Brixton,Valerie Miles,Large Smoothies - Carrot Kick - 2.50,2.5,CARD,8525335801759407
06/09/2021 14:22,London Brixton,Dorothy Corrado,"Regular Frappes - Strawberries & Cream - 2.75, Regular Hot chocolate - 2.20, Regular Smoothies - Glowing Greens - 2.00",6.95,CASH,
06/09/2021 14:23,London Brixton,Corey Vanstee,Large Hot chocolate - 2.90,2.9,CARD,6849718419528861
06/09/2021 14:23,London Brixton,Carrie Wilkins,Large Smoothies - Glowing Greens - 2.50,2.5,CARD,8549405606246036
06/09/2021 14:24,London Brixton,Charlotte Dales,Large Espresso - 1.80,1.8,CARD,3510492427735695
06/09/2021 14:25,London Brixton,Steve Phillis,"Regular Smoothies - Glowing Greens - 2.00, Large Espresso - 1.80, Large Smoothies - Glowing Greens - 2.50, Large Smoothies - Glowing Greens - 2.50, Regular Speciality Tea - Earl Grey - 1.30, Regular Smoothies - Glowing Greens - 2.00",12.1,CASH,
06/09/2021 14:26,London Brixton,Eleanor Shelton,"Regular Espresso - 1.50, Large Smoothies - Carrot Kick - 2.50",4.0,CARD,7364005500722638
06/09/2021 14:27,London Brixton,William Garrett,Regular Speciality Tea - Earl Grey - 1.30,1.3,CARD,6705506519046425
06/09/2021 14:28,London Brixton,Delores Sapienza,Regular Speciality Tea - Earl Grey - 1.30,1.3,CASH,
06/09/2021 14:29,London Brixton,James Lin,Large Espresso - 1.80,1.8,CARD,5438862675195898
06/09/2021 14:30,London Brixton,Steven Burke,Regular Frappes - Strawberries & Cream - 2.75,2.75,CASH,
06/09/2021 14:31,London Brixton,Mark Hocutt,"Large Smoothies - Carrot Kick - 2.50, Large Cappuccino - 2.45, Regular Cappuccino - 2.15, Regular Smoothies - Carrot Kick - 2.00",9.1,CARD,8095908910881018
06/09/2021 14:32,London Brixton,Willie Perham,"Large Smoothies - Glowing Greens - 2.50, Regular Speciality Tea - Earl Grey - 1.30, Large Frappes - Strawberries & Cream - 3.25, Large Iced americano - 2.50",9.55,CARD,3942021095791571
06/09/2021 14:33,London Brixton,Mark Ardis,"Large Frappes - Strawberries & Cream - 3.25, Regular Frappes - Strawberries & Cream - 2.75, Regular Smoothies - Glowing Greens - 2.00, Regular Smoothies - Glowing Greens - 2.00, Regular Espresso - 1.50, Regular Smoothies - Carrot Kick - 2.00",13.5,CARD,2393685682016943
06/09/2021 14:34,London Brixton,James Patton,"Regular Iced americano - 2.15, Large Iced americano - 2.50",4.65,CASH,
06/09/2021 14:35,London Brixton,Earline Dandridge,"Regular Frappes - Strawberries & Cream - 2.75, Regular Speciality Tea - Earl Grey - 1.30",4.05,CARD,2619954305000498
06/09/2021 14:36,London Brixton,Sara Troy,"Regular Hot chocolate - 2.20, Regular Espresso - 1.50, Large Smoothies - Glowing Greens - 2.50, Large Espresso - 1.80",8.0,CARD,9529075969873198
06/09/2021 14:37,London Brixton,Denise Gabriel,"Large Smoothies - Glowing Greens - 2.50, Large Speciality Tea - Earl Grey - 1.60",4.1,CARD,9271327199365499
06/09/2021 14:38,London Brixton,Anthony Oden,"Regular Iced americano - 2.15, Regular Smoothies - Carrot Kick - 2.00",4.15,CARD,5377776444194277
06/09/2021 14:39,London Brixton,Kristin Edwards,Regular Smoothies - Glowing Greens - 2.00,2.0,CARD,9528063559480945
06/09/2021 14:40,London Brixton,Alice Henderson,"Regular Espresso - 1.50, Regular Frappes - Strawberries & Cream - 2.75, Large Cappuccino - 2.45",6.7,CASH,
06/09/2021 14:41,London Brixton,Michael Graves,"Large Hot chocolate - 2.90, Large Cappuccino - 2.45, Large Cappuccino - 2.45",7.8,CARD,8600715386811271
06/09/2021 14:42,London Brixton,Phyllis Ivy,"Large Speciality Tea - Earl Grey - 1.60, Regular Hot chocolate - 2.20",3.8,CARD,1630981172192549
06/09/2021 14:43,London Brixton,Ralph Francois,Large Iced americano - 2.50,2.5,CARD,5869099497099435
06/09/2021 14:44,London Brixton,Elizabeth Demaio,Regular Smoothies - Carrot Kick - 2.00,2.0,CASH,
06/09/2021 14:45,London Brixton,Donald Mcquirk,"Regular Iced americano - 2.15, Large Espresso - 1.80",3.95,CARD,1172778444544679
06/09/2021 14:46,London Brixton,Fernando Knight,"Large Iced americano - 2.50, Regular Speciality Tea - Earl Grey - 1.30",3.8,CARD,4124994261869184
06/09/2021 14:47,London Brixton,Robert Perez,"Regular Speciality Tea - Earl Grey - 1.30, Regular Smoothies - Glowing Greens - 2.00, Regular Iced americano - 2.15, Regular Espresso - 1.50",6.95,CARD,4241491657059251
06/09/2021 14:48,London Brixton,Judith Sanchez,"Large Espresso - 1.80, Regular Iced americano - 2.15",3.95,CARD,5388748149388715
06/09/2021 14:49,London Brixton,Richard Wooldridge,"Large Speciality Tea - Earl Grey - 1.60, Large Speciality Tea - Earl Grey - 1.60, Regular Espresso - 1.50, Regular Cappuccino - 2.15",6.85,CARD,6101979494680746
06/09/2021 14:50,London Brixton,Jennifer Nastasi,"Regular Iced americano - 2.15, Large Frappes - Strawberries & Cream - 3.25",5.4,CARD,8660299322149184
06/09/2021 14:51,London Brixton,Brian Chavez,"Large Iced americano - 2.50, Large Smoothies - Glowing Greens - 2.50",5.0,CARD,7943043780289495
06/09/2021 14:52,London Brixton,Javier Lewis,Large Smoothies - Carrot Kick - 2.50,2.5,CARD,6067599504607897
06/09/2021 14:53,London Brixton,Aimee Wilson,Regular Hot chocolate - 2.20,2.2,CARD,6893570264943770
06/09/2021 14:54,London Brixton,Milton Burton,"Regular Cappuccino - 2.15, Large Hot chocolate - 2.90",5.05,CASH,
06/09/2021 14:55,London Brixton,Charles Kerstetter,"Large Frappes - Strawberries & Cream - 3.25, Regular Iced americano - 2.15",5.4,CARD,1859385768866065
06/09/2021 14:56,London Brixton,Lisa Turner,"Regular Espresso - 1.50, Large Hot chocolate - 2.90",4.4,CARD,3490852381495070
06/09/2021 14:57,London Brixton,James Crosby,"Large Speciality Tea - Earl Grey - 1.60, Regular Espresso - 1.50, Large Hot chocolate - 2.90, Large Hot chocolate - 2.90",8.9,CARD,6281983701751427
06/09/2021 14:58,London Brixton,Mary Mckenzie,"Large Iced americano - 2.50, Large Iced americano - 2.50",5.0,CARD,9059874604323750
06/09/2021 14:59,London Brixton,Colin Hufton,"Large Smoothies - Carrot Kick - 2.50, Regular Iced americano - 2.15",4.65,CARD,3347961735919627
06/09/2021 15:00,London Brixton,Jamie Wise,"Large Cappuccino - 2.45, Regular Speciality Tea - Earl Grey - 1.30, Regular Iced americano - 2.15",5.9,CARD,7020864048638099
06/09/2021 15:02,London Brixton,Calvin Klare,"Large Cappuccino - 2.45, Regular Frappes - Strawberries & Cream - 2.75, Regular Frappes - Strawberries & Cream - 2.75, Regular Smoothies - Carrot Kick - 2.00, Regular Smoothies - Glowing Greens - 2.00",11.95,CASH,
06/09/2021 15:03,London Brixton,Vanessa Tapia,"Regular Smoothies - Carrot Kick - 2.00, Large Espresso - 1.80, Regular Espresso - 1.50, Regular Hot chocolate - 2.20",7.5,CARD,1925012978423473
06/09/2021 15:05,London Brixton,Betty Hernandez,"Large Frappes - Strawberries & Cream - 3.25, Regular Frappes - Strawberries & Cream - 2.75, Regular Hot chocolate - 2.20",8.2,CARD,8095855621809344
06/09/2021 15:07,London Brixton,Ray Mccormack,"Large Espresso - 1.80, Regular Smoothies - Carrot Kick - 2.00",3.8,CARD,7425588314708446
06/09/2021 15:08,London Brixton,Bonita Carman,"Regular Smoothies - Glowing Greens - 2.00, Large Speciality Tea - Earl Grey - 1.60",3.6,CARD,6942420114830000
06/09/2021 15:10,London Brixton,Melissa Vidal,"Large Hot chocolate - 2.90, Large Speciality Tea - Earl Grey - 1.60, Large Frappes - Strawberries & Cream - 3.25",7.75,CASH,
06/09/2021 15:12,London Brixton,Sarah Pitcherello,"Large Iced americano - 2.50, Regular Iced americano - 2.15, Large Smoothies - Glowing Greens - 2.50, Large Espresso - 1.80",8.95,CARD,3727562957813281
06/09/2021 15:14,London Brixton,Larry Williams,Large Hot chocolate - 2.90,2.9,CARD,8688878799670652
06/09/2021 15:15,London Brixton,Susan Duclos,"Regular Hot chocolate - 2.20, Large Speciality Tea - Earl Grey - 1.60, Regular Smoothies - Glowing Greens - 2.00, Regular Iced americano - 2.15",7.95,CASH,
06/09/2021 15:17,London Brixton,Nora Saunders,"Regular Speciality Tea - Earl Grey - 1.30, Regular Smoothies - Carrot Kick - 2.00, Regular Smoothies - Carrot Kick - 2.00",5.3,CASH,
06/09/2021 15:19,London Brixton,Minerva Monterroso,"Large Espresso - 1.80, Large Cappuccino - 2.45",4.25,CASH,
06/09/2021 15:20,London Brixton,David Wilson,Large Hot chocolate - 2.90,2.9,CASH,
06/09/2021 15:22,London Brixton,Geraldine Pickerel,"Regular Iced americano - 2.15, Regular Smoothies - Carrot Kick - 2.00",4.15,CARD,9601127965533115
06/09/2021 15:24,London Brixton,Christopher Harper,"Large Speciality Tea - Earl Grey - 1.60, Regular Cappuccino - 2.15, Large Iced americano - 2.50",6.25,CARD,6524709238323859
06/09/2021 15:25,London Brixton,Alyce Cissell,"Regular Smoothies - Glowing Greens - 2.00, Large Speciality Tea - Earl Grey - 1.60, Regular Iced americano - 2.15, Large Espresso - 1.80, Large Smoothies - Glowing Greens - 2.50",10.05,CARD,6795617839708146
06/09/2021 15:27,London Brixton,Amanda Powers,"Large Speciality Tea - Earl Grey - 1.60, Large Frappes - Strawberries & Cream - 3.25",4.85,CARD,1474936608932147
06/09/2021 15:29,London Brixton,Charlene Blum,"Large Speciality Tea - Earl Grey - 1.60, Large Espresso - 1.80",3.4,CASH,
06/09/2021 15:31,London Brixton,Katie Dedrick,"Large Hot chocolate - 2.90, Large Speciality Tea - Earl Grey - 1.60",4.5,CARD,9483839864989318
06/09/2021 15:32,London Brixton,Carla Anderson,"Regular Speciality Tea - Earl Grey - 1.30, Regular Espresso - 1.50, Regular Speciality Tea - Earl Grey - 1.30",4.1,CARD,3614145847979827
06/09/2021 15:34,London Brixton,Todd Reeves,"Large Iced americano - 2.50, Regular Cappuccino - 2.15, Regular Espresso - 1.50, Large Iced americano - 2.50, Regular Cappuccino - 2.15",10.8,CARD,5667276904272370
06/09/2021 15:36,London Brixton,James Holladay,Large Frappes - Strawberries & Cream - 3.25,3.25,CARD,5381937701982592
06/09/2021 15:37,London Brixton,Francine Manalo,"Regular Frappes - Strawberries & Cream - 2.75, Regular Hot chocolate - 2.20",4.95,CARD,5609776176861578
06/09/2021 15:39,London Brixton,Zelma Robinson,"Regular Speciality Tea - Earl Grey - 1.30, Regular Frappes - Strawberries & Cream - 2.75, Large Smoothies - Glowing Greens - 2.50, Large Hot chocolate - 2.90, Large Iced americano - 2.50",11.95,CARD,7174764078823372
06/09/2021 15:41,London Brixton,Alice Port,Large Speciality Tea - Earl Grey - 1.60,1.6,CARD,9473868405454354
06/09/2021 15:42,London Brixton,Mirna Fitzgerald,Large Speciality Tea - Earl Grey - 1.60,1.6,CARD,7574975921416887
06/09/2021 15:44,London Brixton,Mary Grigsby,"Regular Cappuccino - 2.15, Regular Frappes - Strawberries & Cream - 2.75, Large Speciality Tea - Earl Grey - 1.60",6.5,CARD,9587137746241279
06/09/2021 15:46,London Brixton,Kelly Garza,"Regular Frappes - Strawberries & Cream - 2.75, Large Hot chocolate - 2.90, Regular Frappes - Strawberries & Cream - 2.75",8.4,CARD,3888774176470765
06/09/2021 15:48,London Brixton,Gary Payne,"Regular Cappuccino - 2.15, Large Speciality Tea - Earl Grey - 1.60, Large Frappes - Strawberries & Cream - 3.25, Large Speciality Tea - Earl Grey - 1.60",8.6,CARD,7498641405899308
06/09/2021 15:49,London Brixton,Raymond Goldman,Regular Hot chocolate - 2.20,2.2,CARD,5698174664099437
06/09/2021 15:51,London Brixton,Phyllis Heiman,Large Espresso - 1.80,1.8,CASH,
06/09/2021 15:53,London Brixton,Marylou Petersen,"Regular Frappes - Strawberries & Cream - 2.75, Large Cappuccino - 2.45, Regular Hot chocolate - 2.20",7.4,CASH,
06/09/2021 15:54,London Brixton,Stephen Christmas,"Large Smoothies - Carrot Kick - 2.50, Regular Hot chocolate - 2.20",4.7,CASH,
06/09/2021 15:56,London Brixton,Julia Cook,"Large Espresso - 1.80, Large Iced americano - 2.50, Large Cappuccino - 2.45, Regular Iced americano - 2.15, Regular Espresso - 1.50",10.4,CARD,3634299961236938
06/09/2021 15:58,London Brixton,Kirk Visher,"Regular Speciality Tea - Earl Grey - 1.30, Regular Cappuccino - 2.15",3.45,CARD,5789116094928813
06/09/2021 15:59,London Brixton,Sally Guzman,Large Frappes - Strawberries & Cream - 3.25,3.25,CARD,4607632439375061
06/09/2021 16:01,London Brixton,Dustin Legg,Large Frappes - Strawberries & Cream - 3.25,3.25,CASH,
06/09/2021 16:04,London Brixton,William Kinney,"Large Hot chocolate - 2.90, Large Hot chocolate - 2.90",5.8,CARD,3540034934583070
06/09/2021 16:07,London Brixton,Sophie Gess,"Regular Speciality Tea - Earl Grey - 1.30, Regular Cappuccino - 2.15, Regular Espresso - 1.50, Regular Smoothies - Glowing Greens - 2.00, Regular Smoothies - Glowing Greens - 2.00, Regular Smoothies - Glowing Greens - 2.00",10.95,CARD,5605860499369588
06/09/2021 16:11,London Brixton,David Koch,Regular Speciality Tea - Earl Grey - 1.30,1.3,CARD,2852785753362474
06/09/2021 16:14,London Brixton,Susan Miller,Large Cappuccino - 2.45,2.45,CARD,7327139661597665
06/09/2021 16:17,London Brixton,Melanie Becerra,"Large Iced americano - 2.50, Regular Cappuccino - 2.15",4.65,CARD,3570106920605040
06/09/2021 16:20,London Brixton,Susan Garcia,"Large Cappuccino - 2.45, Large Cappuccino - 2.45, Regular Espresso - 1.50, Large Speciality Tea - Earl Grey - 1.60, Regular Iced americano - 2.15",10.15,CASH,
06/09/2021 16:23,London Brixton,Sherry Thompson,"Regular Speciality Tea - Earl Grey - 1.30, Regular Hot chocolate - 2.20, Large Smoothies - Glowing Greens - 2.50, Regular Smoothies - Carrot Kick - 2.00, Large Iced americano - 2.50, Large Espresso - 1.80",12.3,CARD,2469132948426672
06/09/2021 16:26,London Brixton,Toni Giles,"Large Cappuccino - 2.45, Regular Speciality Tea - Earl Grey - 1.30",3.75,CARD,6193881394571010
06/09/2021 16:30,London Brixton,Michael Thomas,"Large Frappes - Strawberries & Cream - 3.25, Large Cappuccino - 2.45, Regular Iced americano - 2.15, Large Frappes - Strawberries & Cream - 3.25",11.1,CASH,
06/09/2021 16:33,London Brixton,Velvet Wright,Large Smoothies - Glowing Greens - 2.50,2.5,CARD,8866898099330334
06/09/2021 16:36,London Brixton,Virginia Cherry,"Regular Speciality Tea - Earl Grey - 1.30, Regular Iced americano - 2.15",3.45,CARD,9998625409981685
06/09/2021 16:39,London Brixton,Betty Paxton,"Large Frappes - Strawberries & Cream - 3.25, Regular Smoothies - Glowing Greens - 2.00, Regular Frappes - Strawberries & Cream - 2.75, Large Speciality Tea - Earl Grey - 1.60",9.6,CARD,9312971958672516
06/09/2021 16:42,London Brixton,Derrick Cook,"Regular Espresso - 1.50, Regular Speciality Tea - Earl Grey - 1.30",2.8,CARD,9115861311786761
06/09/2021 16:45,London Brixton,James Larson,"Large Hot chocolate - 2.90, Regular Smoothies - Carrot Kick - 2.00",4.9,CASH,
06/09/2021 16:48,London Brixton,James Williams,"Large Speciality Tea - Earl Grey - 1.60, Large Hot chocolate - 2.90, Large Espresso - 1.80, Large Speciality Tea - Earl Grey - 1.60",7.9,CASH,
06/09/2021 16:52,London Brixton,Margareta Willis,Regular Iced americano - 2.15,2.15,CARD,2766460964203503
06/09/2021 16:55,London Brixton,Kathy Nelson,Regular Speciality Tea - Earl Grey - 1.30,1.3,CARD,1651940244037420
06/09/2021 16:58,London Brixton,Tina Mabe,Regular Smoothies - Glowing Greens - 2.00,2.0,CARD,3580431433621917
06/09/2021 17:01,London Brixton,Michael Spain,Large Smoothies - Glowing Greens - 2.50,2.5,CARD,8532259031749649
06/09/2021 17:03,London Brixton,Michael Raether,"Large Speciality Tea - Earl Grey - 1.60, Regular Speciality Tea - Earl Grey - 1.30, Large Espresso - 1.80, Regular Iced americano - 2.15, Large Frappes - Strawberries & Cream - 3.25",10.1,CASH,
06/09/2021 17:06,London Brixton,Edna Goodwin,"Regular Iced americano - 2.15, Large Hot chocolate - 2.90, Regular Frappes - Strawberries & Cream - 2.75, Large Speciality Tea - Earl Grey - 1.60, Regular Speciality Tea - Earl Grey - 1.30, Regular Hot chocolate - 2.20",12.9,CARD,1101357444863289
06/09/2021 17:08,London Brixton,Oscar Verdi,"Large Smoothies - Glowing Greens - 2.50, Regular Speciality Tea - Earl Grey - 1.30",3.8,CARD,7753161525229622
06/09/2021 17:11,London Brixton,Zachary Roach,Regular Iced americano - 2.15,2.15,CARD,3629747343881291
06/09/2021 17:13,London Brixton,Marcus Almonte,"Large Iced americano - 2.50, Large Espresso - 1.80, Regular Espresso - 1.50, Regular Smoothies - Carrot Kick - 2.00",7.8,CASH,
06/09/2021 17:15,London Brixton,Benjamin Baker,"Large Iced americano - 2.50, Large Iced americano - 2.50",5.0,CARD,9255950832126613
06/09/2021 17:18,London Brixton,Shirley Heisserer,Regular Smoothies - Carrot Kick - 2.00,2.0,CARD,3109075597977964
06/09/2021 17:20,London Brixton,Jesse Carter,"Regular Espresso - 1.50, Regular Smoothies - Glowing Greens - 2.00",3.5,CASH,
06/09/2021 17:23,London Brixton,June Parry,"Regular Smoothies - Glowing Greens - 2.00, Large Speciality Tea - Earl Grey - 1.60",3.6,CARD,6483250750025999
06/09/2021 17:25,London Brixton,Lisa Molinaro,"Large Speciality Tea - Earl Grey - 1.60, Regular Iced americano - 2.15, Large Speciality Tea - Earl Grey - 1.60",5.35,CARD,8030247055119176
06/09/2021 17:27,London Brixton,Fannie Rodriguez,Regular Cappuccino - 2.15,2.15,CARD,8998936374624766
06/09/2021 17:30,London Brixton,Curtis Mcclenon,"Regular Espresso - 1.50, Regular Cappuccino - 2.15, Regular Speciality Tea - Earl Grey - 1.30, Regular Speciality Tea - Earl Grey - 1.30",6.25,CARD,2699599604884787
06/09/2021 17:32,London Brixton,Charlie Graff,"Large Speciality Tea - Earl Grey - 1.60, Regular Frappes - Strawberries & Cream - 2.75, Large Smoothies - Glowing Greens - 2.50",6.85,CARD,7603200768756909
06/09/2021 17:35,London Brixton,Ramona Krahn,Large Hot chocolate - 2.90,2.9,CARD,4631456928136602
06/09/2021 17:37,London Brixton,Robert Stutzman,Large Smoothies - Carrot Kick - 2.50,2.5,CARD,6884861842249579
06/09/2021 17:39,London Brixton,Vicente Mccoy,"Large Speciality Tea - Earl Grey - 1.60, Large Frappes - Strawberries & Cream - 3.25, Regular Frappes - Strawberries & Cream - 2.75, Large Frappes - Strawberries & Cream - 3.25, Regular Iced americano - 2.15",13.0,CARD,6569237190510836
06/09/2021 17:42,London Brixton,Dennis Osullivan,"Large Iced americano - 2.50, Large Frappes - Strawberries & Cream - 3.25, Large Hot chocolate - 2.90, Large Smoothies - Glowing Greens - 2.50",11.15,CARD,8649970461219486
06/09/2021 17:44,London Brixton,Jamison Grant,"Regular Espresso - 1.50, Large Frappes - Strawberries & Cream - 3.25",4.75,CARD,8416893124972160
06/09/2021 17:47,London Brixton,Chester Clemons,"Regular Speciality Tea - Earl Grey - 1.30, Large Hot chocolate - 2.90, Regular Cappuccino - 2.15, Regular Smoothies - Glowing Greens - 2.00",8.35,CASH,
06/09/2021 17:49,London Brixton,Irene Whalen,"Regular Smoothies - Carrot Kick - 2.00, Large Smoothies - Carrot Kick - 2.50",4.5,CASH,
06/09/2021 17:51,London Brixton,Leon Dicks,"Regular Hot chocolate - 2.20, Regular Iced americano - 2.15",4.35,CASH,
06/09/2021 17:54,London Brixton,Anna Himes,"Large Speciality Tea - Earl Grey - 1.60, Regular Frappes - Strawberries & Cream - 2.75",4.35,CARD,8079598109115516
06/09/2021 17:56,London Brixton,Kenneth Agnes,"Regular Espresso - 1.50, Large Espresso - 1.80, Regular Cappuccino - 2.15, Regular Iced americano - 2.15, Large Iced americano - 2.50",10.1,CARD,2416266396079396
06/09/2021 17:59,London Brixton,Melissa Harris,"Large Iced americano - 2.50, Regular Cappuccino - 2.15",4.65,CASH,
06/09/2021 18:01,London Brixton,Randy Kenner,"Regular Hot chocolate - 2.20, Regular Cappuccino - 2.15, Large Cappuccino - 2.45, Regular Cappuccino - 2.15",8.95,CARD,6646342691419040
06/09/2021 18:03,London Brixton,Charles Balmos,"Large Iced americano - 2.50, Regular Iced americano - 2.15, Regular Speciality Tea - Earl Grey - 1.30",5.95,CARD,5192196733853125
06/09/2021 18:05,London Brixton,Stephen Day,"Regular Frappes - Strawberries & Cream - 2.75, Regular Smoothies - Carrot Kick - 2.00",4.75,CARD,6110470496842611
06/09/2021 18:07,London Brixton,Christine Otter,Large Iced americano - 2.50,2.5,CARD,2320016492283531
06/09/2021 18:10,London Brixton,Billie Main,"Large Frappes - Strawberries & Cream - 3.25, Large Frappes - Strawberries & Cream - 3.25, Regular Iced americano - 2.15",8.65,CARD,3608561798312074
06/09/2021 18:12,London Brixton,Bettye Lee,"Regular Cappuccino - 2.15, Large Espresso - 1.80, Regular Smoothies - Glowing Greens - 2.00, Regular Iced americano - 2.15",8.1,CASH,
06/09/2021 18:14,London Brixton,Shawn Sutton,"Regular Speciality Tea - Earl Grey - 1.30, Regular Smoothies - Carrot Kick - 2.00, Regular Smoothies - Glowing Greens - 2.00, Large Frappes - Strawberries & Cream - 3.25, Large Espresso - 1.80, Regular Smoothies - Glowing Greens - 2.00",12.35,CASH,
06/09/2021 18:16,London Brixton,Stephen Brown,"Regular Iced americano - 2.15, Regular Smoothies - Glowing Greens - 2.00",4.15,CARD,5582752654285686
06/09/2021 18:18,London Brixton,Jamie Shumake,Regular Hot chocolate - 2.20,2.2,CARD,2351318457902408
06/09/2021 18:20,London Brixton,Frederick Simmons,"Large Speciality Tea - Earl Grey - 1.60, Regular Hot chocolate - 2.20, Regular Smoothies - Glowing Greens - 2.00, Large Cappuccino - 2.45",8.25,CARD,5504961653648475
06/09/2021 18:22,London Brixton,Sarah Spencer,"Regular Hot chocolate - 2.20, Regular Iced americano - 2.15, Regular Espresso - 1.50, Regular Smoothies - Carrot Kick - 2.00",7.85,CARD,4484532331484905
06/09/2021 18:24,London Brixton,Justin Markey,Regular Hot chocolate - 2.20,2.2,CASH,
06/09/2021 18:27,London Brixton,Franklin Carey,"Large Iced americano - 2.50, Large Espresso - 1.80, Large Smoothies - Carrot Kick - 2.50, Regular Smoothies - Glowing Greens - 2.00",8.8,CASH,
06/09/2021 18:29,London Brixton,Douglas Hall,"Regular Smoothies - Glowing Greens - 2.00, Regular Iced americano - 2.15, Regular Espresso - 1.50, Regular Hot chocolate - 2.20, Regular Iced americano - 2.15",10.0,CASH,
06/09/2021 18:31,London Brixton,Karen Richardson,"Regular Espresso - 1.50, Large Smoothies - Carrot Kick - 2.50, Regular Hot chocolate - 2.20, Large Smoothies - Carrot Kick - 2.50",8.7,CARD,3677120252419159
06/09/2021 18:33,London Brixton,Alfreda Fox,Regular Iced americano - 2.15,2.15,CARD,7552820214918576
06/09/2021 18:35,London Brixton,Cynthia Garza,"Large Cappuccino - 2.45, Regular Hot chocolate - 2.20",4.65,CARD,8282395322104929
06/09/2021 18:37,London Brixton,Anna Salinas,"Regular Espresso - 1.50, Large Smoothies - Carrot Kick - 2.50",4.0,CASH,
06/09/2021 18:39,London Brixton,Nancy Guidry,"Large Speciality Tea - Earl Grey - 1.60, Large Frappes - Strawberries & Cream - 3.25, Regular Speciality Tea - Earl Grey - 1.30",6.15,CARD,6382653433013300
06/09/2021 18:42,London Brixton,Joseph Steward,"Regular Smoothies - Glowing Greens - 2.00, Regular Espresso - 1.50, Regular Smoothies - Carrot Kick - 2.00, Regular Frappes - Strawberries & Cream - 2.75",8.25,CARD,3756643313326944
06/09/2021 18:44,London Brixton,Sean Cooke,Large Speciality Tea - Earl Grey - 1.60,1.6,CARD,8980662670364208
06/09/2021 18:46,London Brixton,Michael Tarrant,"Regular Smoothies - Carrot Kick - 2.00, Regular Speciality Tea - Earl Grey - 1.30, Large Espresso - 1.80, Regular Smoothies - Glowing Greens - 2.00",7.1,CARD,4776172221343839
06/09/2021 18:48,London Brixton,Paul Keen,"Regular Espresso - 1.50, Large Hot chocolate - 2.90",4.4,CARD,9879758398888582
06/09/2021 18:50,London Brixton,Phillip Heverly,"Regular Iced americano - 2.15, Regular Hot chocolate - 2.20",4.35,CARD,7953132291463522
06/09/2021 18:52,London Brixton,Duncan Poblete,"Regular Speciality Tea - Earl Grey - 1.30, Large Cappuccino - 2.45, Regular Cappuccino - 2.15",5.9,CARD,7457139876639780
06/09/2021 18:54,London Brixton,Sarah Stepro,"Regular Frappes - Strawberries & Cream - 2.75, Regular Frappes - Strawberries & Cream - 2.75, Large Iced americano - 2.50, Regular Frappes - Strawberries & Cream - 2.75, Regular Espresso - 1.50",12.25,CARD,9195931706813891
06/09/2021 18:56,London Brixton,Vivian Mccoy,"Large Smoothies - Carrot Kick - 2.50, Large Smoothies - Glowing Greens - 2.50, Regular Frappes - Strawberries & Cream - 2.75, Regular Espresso - 1.50, Large Smoothies - Carrot Kick - 2.50, Regular Cappuccino - 2.15",13.9,CARD,6604108092971488
06/09/2021 18:59,London Brixton,David Renfro,"Regular Smoothies - Carrot Kick - 2.00, Regular Speciality Tea - Earl Grey - 1.30, Regular Smoothies - Glowing Greens - 2.00, Large Speciality Tea - Earl Grey - 1.60",6.9,CARD,4242908111826298
06/09/2021 19:01,London Brixton,Ray Lee,Regular Smoothies - Glowing Greens - 2.00,2.0,CARD,9108000419373518
06/09/2021 19:02,London Brixton,Kimberly Stelling,"Regular Cappuccino - 2.15, Large Smoothies - Carrot Kick - 2.50, Regular Cappuccino - 2.15, Large Smoothies - Glowing Greens - 2.50, Regular Hot chocolate - 2.20",11.5,CARD,4210650099821526
06/09/2021 19:03,London Brixton,Annette Steere,"Large Espresso - 1.80, Regular Cappuccino - 2.15, Regular Smoothies - Carrot Kick - 2.00, Large Speciality Tea - Earl Grey - 1.60, Large Smoothies - Carrot Kick - 2.50",10.05,CASH,
06/09/2021 19:05,London Brixton,Leonard Shiigi,"Regular Cappuccino - 2.15, Regular Cappuccino - 2.15, Large Iced americano - 2.50",6.8,CARD,3022668638515627
06/09/2021 19:06,London Brixton,Jana Charleston,"Regular Smoothies - Carrot Kick - 2.00, Regular Speciality Tea - Earl Grey - 1.30, Regular Espresso - 1.50",4.8,CARD,8629939233922045
06/09/2021 19:07,London Brixton,Catherine Doctor,"Regular Cappuccino - 2.15, Large Frappes - Strawberries & Cream - 3.25",5.4,CARD,8818413447116876
06/09/2021 19:09,London Brixton,Mark Bolin,"Large Frappes - Strawberries & Cream - 3.25, Regular Espresso - 1.50, Large Smoothies - Glowing Greens - 2.50",7.25,CARD,6956784155933112
06/09/2021 19:10,London Brixton,Sandra Wright,"Large Speciality Tea - Earl Grey - 1.60, Large Iced americano - 2.50, Regular Hot chocolate - 2.20",6.3,CARD,6635162640499617
06/09/2021 19:12,London Brixton,James Webb,"Large Espresso - 1.80, Regular Hot chocolate - 2.20",4.0,CARD,5854476539521476
06/09/2021 19:13,London Brixton,Janet Baldridge,"Large Frappes - Strawberries & Cream - 3.25, Large Speciality Tea - Earl Grey - 1.60, Regular Speciality Tea - Earl Grey - 1.30, Regular Speciality Tea - Earl Grey - 1.30, Regular Iced americano - 2.15, Regular Frappes - Strawberries & Cream - 2.75",12.35,CASH,
06/09/2021 19:14,London Brixton,Robert Breiter,"Regular Smoothies - Carrot Kick - 2.00, Large Smoothies - Glowing Greens - 2.50",4.5,CARD,3020606384322170
06/09/2021 19:16,London Brixton,Billye Jones,Large Cappuccino - 2.45,2.45,CARD,4496157207071516
06/09/2021 19:17,London Brixton,Gerry Boothe,"Large Speciality Tea - Earl Grey - 1.60, Regular Iced americano - 2.15, Large Hot chocolate - 2.90",6.65,CARD,8907314843583914
06/09/2021 19:18,London Brixton,Richard Niece,"Large Speciality Tea - Earl Grey - 1.60, Regular Speciality Tea - Earl Grey - 1.30, Large Iced americano - 2.50, Regular Cappuccino - 2.15, Regular Iced americano - 2.15",9.7,CASH,
06/09/2021 19:20,London Brixton,Gisela Smith,"Regular Smoothies - Glowing Greens - 2.00, Large Espresso - 1.80",3.8,CASH,
06/09/2021 19:21,London Brixton,Beverly Nichols,"Large Speciality Tea - Earl Grey - 1.60, Regular Cappuccino - 2.15, Large Iced americano - 2.50",6.25,CARD,7495804225785967
06/09/2021 19:22,London Brixton,Gilberto Prosser,"Large Smoothies - Carrot Kick - 2.50, Regular Hot chocolate - 2.20",4.7,CASH,
06/09/2021 19:24,London Brixton,Damien Kolb,"Regular Smoothies - Carrot Kick - 2.00, Large Smoothies - Glowing Greens - 2.50, Regular Cappuccino - 2.15, Regular Iced americano - 2.15, Regular Iced americano - 2.15",10.95,CARD,8153285568064106
06/09/2021 19:25,London Brixton,Tina Reid,Regular Cappuccino - 2.15,2.15,CARD,6779085760736606
06/09/2021 19:26,London Brixton,William Appling,"Regular Frappes - Strawberries & Cream - 2.75, Large Frappes - Strawberries & Cream - 3.25, Regular Frappes - Strawberries & Cream - 2.75, Regular Iced americano - 2.15, Regular Iced americano - 2.15",13.05,CARD,5277100691909930
06/09/2021 19:28,London Brixton,Merry Osborne,Regular Iced americano - 2.15,2.15,CARD,3753940504120410
06/09/2021 19:29,London Brixton,Johnathan Whitley,Regular Frappes - Strawberries & Cream - 2.75,2.75,CASH,
06/09/2021 19:30,London Brixton,Bertha Barber,"Large Iced americano - 2.50, Regular Iced americano - 2.15, Large Iced americano - 2.50",7.15,CARD,6894317864196497
06/09/2021 19:32,London Brixton,Karen Bennett,"Regular Smoothies - Glowing Greens - 2.00, Large Iced americano - 2.50, Large Smoothies - Carrot Kick - 2.50, Regular Speciality Tea - Earl Grey - 1.30, Regular Smoothies - Glowing Greens - 2.00, Regular Espresso - 1.50",11.8,CARD,2390616176213684
06/09/2021 19:33,London Brixton,Hester Rains,"Large Iced americano - 2.50, Large Speciality Tea - Earl Grey - 1.60, Regular Speciality Tea - Earl Grey - 1.30, Large Smoothies - Glowing Greens - 2.50, Regular Speciality Tea - Earl Grey - 1.30",9.2,CARD,1419448660433518
06/09/2021 19:34,London Brixton,Katrina Thomas,"Regular Smoothies - Carrot Kick - 2.00, Regular Iced americano - 2.15, Regular Smoothies - Glowing Greens - 2.00, Large Cappuccino - 2.45, Large Smoothies - Glowing Greens - 2.50, Regular Smoothies - Carrot Kick - 2.00",13.1,CARD,8689330565495073
06/09/2021 19:36,London Brixton,Nicholas Whitesell,"Regular Espresso - 1.50, Large Espresso - 1.80, Large Smoothies - Carrot Kick - 2.50",5.8,CARD,4635928016100718
06/09/2021 19:37,London Brixton,Allen Murphy,"Regular Speciality Tea - Earl Grey - 1.30, Regular Cappuccino - 2.15, Regular Smoothies - Carrot Kick - 2.00, Regular Speciality Tea - Earl Grey - 1.30",6.75,CASH,
06/09/2021 19:39,London Brixton,James Gilbert,Regular Hot chocolate - 2.20,2.2,CARD,8423909353526267
06/09/2021 19:40,London Brixton,John Whitney,"Regular Smoothies - Carrot Kick - 2.00, Large Speciality Tea - Earl Grey - 1.60, Regular Smoothies - Carrot Kick - 2.00, Large Smoothies - Carrot Kick - 2.50, Regular Espresso - 1.50",9.6,CARD,4233390710886300
06/09/2021 19:41,London Brixton,Alan Gonzalez,"Regular Frappes - Strawberries & Cream - 2.75, Regular Frappes - Strawberries & Cream - 2.75, Large Hot chocolate - 2.90, Large Hot chocolate - 2.90, Large Smoothies - Glowing Greens - 2.50",13.8,CARD,1846038672088922
06/09/2021 19:43,London Brixton,Juan Hoover,"Regular Speciality Tea - Earl Grey - 1.30, Large Iced americano - 2.50",3.8,CASH,
06/09/2021 19:44,London Brixton,Dorothy Anderson,"Large Speciality Tea - Earl Grey - 1.60, Regular Hot chocolate - 2.20, Regular Hot chocolate - 2.20, Regular Speciality Tea - Earl Grey - 1.30, Large Iced americano - 2.50, Regular Hot chocolate - 2.20",12.0,CARD,6641457983686333
06/09/2021 19:45,London Brixton,Joseph Caudle,"Regular Hot chocolate - 2.20, Large Espresso - 1.80, Large Speciality Tea - Earl Grey - 1.60",5.6,CARD,2275567702091612
06/09/2021 19:47,London Brixton,Kathleen Darland,"Large Cappuccino - 2.45, Regular Frappes - Strawberries & Cream - 2.75",5.2,CARD,7631675717633882
06/09/2021 19:48,London Brixton,Kenna Franklin,"Regular Speciality Tea - Earl Grey - 1.30, Large Cappuccino - 2.45, Regular Espresso - 1.50, Regular Smoothies - Carrot Kick - 2.00, Regular Speciality Tea - Earl Grey - 1.30",8.55,CARD,2930864654692152
06/09/2021 19:49,London Brixton,Tina Gillick,"Regular Speciality Tea - Earl Grey - 1.30, Regular Hot chocolate - 2.20, Large Cappuccino - 2.45, Regular Iced americano - 2.15, Large Cappuccino - 2.45",10.55,CARD,9538516447284016
06/09/2021 19:51,London Brixton,Harry Johnson,"Large Speciality Tea - Earl Grey - 1.60, Large Iced americano - 2.50",4.1,CASH,
06/09/2021 19:52,London Brixton,Doris Lynch,Regular Smoothies - Carrot Kick - 2.00,2.0,CASH,
06/09/2021 19:53,London Brixton,Jacob Zubiate,Large Speciality Tea - Earl Grey - 1.60,1.6,CARD,7336928808487000
06/09/2021 19:55,London Brixton,Joseph Dunson,"Regular Smoothies - Carrot Kick - 2.00, Regular Iced americano - 2.15, Regular Frappes - Strawberries & Cream - 2.75",6.9,CARD,5956152028579525
06/09/2021 19:56,London Brixton,Wilmer Cassady,"Regular Speciality Tea - Earl Grey - 1.30, Regular Speciality Tea - Earl Grey - 1.30, Large Smoothies - Carrot Kick - 2.50",5.1,CARD,4169445101683199
06/09/2021 19:57,London Brixton,Joshua Berens,"Regular Frappes - Strawberries & Cream - 2.75, Large Smoothies - Glowing Greens - 2.50, Regular Hot chocolate - 2.20, Large Hot chocolate - 2.90",10.35,CARD,7806899496416304
06/09/2021 19:59,London Brixton,Theresa Stricker,"Regular Frappes - Strawberries & Cream - 2.75, Large Iced americano - 2.50, Large Speciality Tea - Earl Grey - 1.60",6.85,CASH,
06/09/2021 20:00,London Brixton,Susan Moon,Regular Frappes - Strawberries & Cream - 2.75,2.75,CASH,
06/09/2021 20:03,London Brixton,Michael Phillips,"Regular Smoothies - Carrot Kick - 2.00, Regular Smoothies - Glowing Greens - 2.00",4.0,CASH,
06/09/2021 20:05,London Brixton,Valerie Fullmer,"Regular Iced americano - 2.15, Large Hot chocolate - 2.90, Regular Speciality Tea - Earl Grey - 1.30, Regular Smoothies - Glowing Greens - 2.00, Regular Frappes - Strawberries & Cream - 2.75",11.1,CARD,9079452968183712
06/09/2021 20:07,London Brixton,Luz Parker,"Large Cappuccino - 2.45, Large Speciality Tea - Earl Grey - 1.60, Regular Iced americano - 2.15",6.2,CARD,5617010407923477
06/09/2021 20:10,London Brixton,Eugene Long,"Regular Espresso - 1.50, Regular Hot chocolate - 2.20, Regular Speciality Tea - Earl Grey - 1.30, Large Iced americano - 2.50",7.5,CARD,7244923812258580
06/09/2021 20:12,London Brixton,Michael Waithe,Large Frappes - Strawberries & Cream - 3.25,3.25,CARD,8208693144015699
06/09/2021 20:15,London Brixton,Ralph Green,"Large Frappes - Strawberries & Cream - 3.25, Large Espresso - 1.80, Large Hot chocolate - 2.90, Regular Smoothies - Glowing Greens - 2.00, Regular Frappes - Strawberries & Cream - 2.75",12.7,CASH,
06/09/2021 20:17,London Brixton,Trinidad Glowacki,"Large Hot chocolate - 2.90, Regular Smoothies - Carrot Kick - 2.00, Large Smoothies - Carrot Kick - 2.50, Large Iced americano - 2.50",9.9,CARD,6495623543489170
06/09/2021 20:19,London Brixton,Anna Flagg,Large Iced americano - 2.50,2.5,CARD,9578348111125470
06/09/2021 20:22,London Brixton,Alberto Lambert,"Large Hot chocolate - 2.90, Large Hot chocolate - 2.90, Large Smoothies - Glowing Greens - 2.50",8.3,CASH,
06/09/2021 20:24,London Brixton,Ida Hollenbeck,Large Iced americano - 2.50,2.5,CARD,3807618617050489
06/09/2021 20:27,London Brixton,Kimberly Booker,"Regular Smoothies - Carrot Kick - 2.00, Large Smoothies - Carrot Kick - 2.50, Large Smoothies - Glowing Greens - 2.50, Large Cappuccino - 2.45, Regular Iced americano - 2.15",11.6,CARD,6010956305196444
06/09/2021 20:29,London Brixton,Joshua Fitzgerald,"Regular Smoothies - Glowing Greens - 2.00, Regular Smoothies - Carrot Kick - 2.00, Regular Cappuccino - 2.15",6.15,CARD,9755474625007626
06/09/2021 20:31,London Brixton,Brandon Golden,Regular Cappuccino - 2.15,2.15,CASH,
06/09/2021 20:34,London Brixton,Simon Leatherwood,Large Smoothies - Glowing Greens - 2.50,2.5,CASH,
06/09/2021 20:36,London Brixton,Richard Auger,"Large Speciality Tea - Earl Grey - 1.60, Regular Speciality Tea - Earl Grey - 1.30, Large Hot chocolate - 2.90, Regular Hot chocolate - 2.20",8.0,CARD,4798848626415231
06/09/2021 20:39,London Brixton,Ruth Mcgill,"Large Smoothies - Carrot Kick - 2.50, Large Smoothies - Glowing Greens - 2.50, Large Espresso - 1.80, Large Espresso - 1.80",8.6,CARD,2275466141083871
06/09/2021 20:41,London Brixton,Shirley Winchenbach,Regular Speciality Tea - Earl Grey - 1.30,1.3,CARD,6217054953514477
06/09/2021 20:43,London Brixton,Mona Torres,Large Hot chocolate - 2.90,2.9,CASH,
06/09/2021 20:46,London Brixton,Brandon Gibson,"Regular Iced americano - 2.15, Regular Speciality Tea - Earl Grey - 1.30, Regular Iced americano - 2.15, Regular Hot chocolate - 2.20, Large Hot chocolate - 2.90, Large Iced americano - 2.50",13.2,CASH,
06/09/2021 20:48,London Brixton,Maynard Cullum,"Large Speciality Tea - Earl Grey - 1.60, Regular Cappuccino - 2.15, Large Smoothies - Glowing Greens - 2.50, Regular Hot chocolate - 2.20, Large Smoothies - Glowing Greens - 2.50, Large Smoothies - Glowing Greens - 2.50",13.45,CARD,5467487094507620
06/09/2021 20:51,London Brixton,Donald Hight,Regular Smoothies - Glowing Greens - 2.00,2.0,CARD,5269515518105148
06/09/2021 20:53,London Brixton,Denise Burns,Large Cappuccino - 2.45,2.45,CARD,5683926009510319
06/09/2021 20:55,London Brixton,Stephen Scott,"Regular Hot chocolate - 2.20, Regular Smoothies - Carrot Kick - 2.00, Large Hot chocolate - 2.90, Regular Smoothies - Glowing Greens - 2.00",9.1,CASH,
06/09/2021 20:58,London Brixton,Mary Thomas,"Regular Frappes - Strawberries & Cream - 2.75, Regular Smoothies - Carrot Kick - 2.00",4.75,CARD,2009712861014614
