03/09/2021 09:00,London Piccadilly,Raymond Lalinde,"Regular Flavoured latte - Hazelnut - 2.55, Regular Smoothies - Carrot Kick - 2.00",4.55,CARD,8623338941000738
03/09/2021 09:04,London Piccadilly,Patrick Lee,"Regular Flavoured iced latte - Vanilla - 2.75, Regular Iced latte - 2.35, Regular Flavoured iced latte - Vanilla - 2.75",7.85,CASH,
03/09/2021 09:08,London Piccadilly,Leslie Hickey,"Large Speciality Tea - Peppermint - 1.60, Large Flavoured hot chocolate - Vanilla - 2.90",4.5,CARD,7544749113396971
03/09/2021 09:12,London Piccadilly,George Pewitt,Large Flavoured hot chocolate - Vanilla - 2.90,2.9,CARD,1934429569312319
03/09/2021 09:17,London Piccadilly,Jimmy Caron,"Regular Cortado - 2.05, Large Flavoured latte - Hazelnut - 2.85, Large Flavoured latte - Hazelnut - 2.85",7.75,CASH,
03/09/2021 09:21,London Piccadilly,Jean Recuparo,"Large Cortado - 2.35, Regular Flavoured latte - Hazelnut - 2.55, Large Speciality Tea - Peppermint - 1.60",6.5,CARD,5305331640588429
03/09/2021 09:25,London Piccadilly,Shawna Gatlin,Regular Flavoured iced latte - Caramel - 2.75,2.75,CARD,8324707234297128
03/09/2021 09:29,London Piccadilly,Melissa Gay,Regular Flavoured hot chocolate - Vanilla - 2.60,2.6,CASH,
03/09/2021 09:34,London Piccadilly,Mark Miller,"Large Smoothies - Carrot Kick - 2.50, Large Smoothies - Carrot Kick - 2.50, Large Flavoured iced latte - Caramel - 3.25, Regular Speciality Tea - Peppermint - 1.30",9.55,CASH,
03/09/2021 09:38,London Piccadilly,Lorraine Carter,"Regular Flavoured latte - Hazelnut - 2.55, Regular Speciality Tea - Peppermint - 1.30, Regular Flavoured hot chocolate - Vanilla - 2.60",6.45,CARD,5222668409463817
03/09/2021 09:42,London Piccadilly,Richard Soule,"Large Smoothies - Carrot Kick - 2.50, Regular Iced latte - 2.35, Regular Flavoured iced latte - Caramel - 2.75, Regular Flavoured latte - Hazelnut - 2.55, Regular Flavoured iced latte - Caramel - 2.75",12.9,CARD,7738375785482312
03/09/2021 09:47,London Piccadilly,Roy Luiz,"Regular Flavoured hot chocolate - Vanilla - 2.60, Large Iced latte - 2.85, Regular Iced latte - 2.35, Large Smoothies - Carrot Kick - 2.50, Regular Speciality Tea - Peppermint - 1.30, Regular Flavoured iced latte - Caramel - 2.75",14.35,CASH,
03/09/2021 09:51,London Piccadilly,Alma Phillip,"Regular Flavoured iced latte - Caramel - 2.75, Large Flavoured iced latte - Caramel - 3.25",6.0,CASH,
03/09/2021 09:55,London Piccadilly,Eric Sears,"Large Flavoured iced latte - Vanilla - 3.25, Regular Flavoured iced latte - Vanilla - 2.75, Large Smoothies - Carrot Kick - 2.50",8.5,CASH,
03/09/2021 09:59,London Piccadilly,Jeremiah Lowry,"Regular Speciality Tea - Peppermint - 1.30, Large Cortado - 2.35, Regular Flavoured iced latte - Caramel - 2.75, Large Flavoured latte - Hazelnut - 2.85, Regular Iced latte - 2.35, Large Cortado - 2.35",13.95,CARD,6271130021481397
03/09/2021 10:04,London Piccadilly,Ashley Miyao,"Large Flavoured latte - Hazelnut - 2.85, Regular Speciality Tea - Peppermint - 1.30, Large Flavoured iced latte - Caramel - 3.25, Large Flavoured latte - Hazelnut - 2.85",10.25,CARD,7467559278771394
03/09/2021 10:05,London Piccadilly,Suanne Slater,"Large Flavoured latte - Hazelnut - 2.85, Regular Flavoured iced latte - Caramel - 2.75, Large Flavoured latte - Hazelnut - 2.85, Large Flavoured iced latte - Caramel - 3.25",11.7,CARD,4503460569784560
03/09/2021 10:06,London Piccadilly,Shawn Abraham,Regular Flavoured iced latte - Vanilla - 2.75,2.75,CARD,3422163805644453
03/09/2021 10:07,London Piccadilly,Amanda Loree,Large Flavoured iced latte - Vanilla - 3.25,3.25,CARD,5323904573116938
03/09/2021 10:08,London Piccadilly,Robin Orth,"Large Speciality Tea - Peppermint - 1.60, Large Smoothies - Carrot Kick - 2.50, Regular Flavoured iced latte - Caramel - 2.75, Large Flavoured hot chocolate - Vanilla - 2.90",9.75,CARD,9474645246871585
03/09/2021 10:09,London Piccadilly,Harold Vandiver,"Regular Cortado - 2.05, Large Iced latte - 2.85",4.9,CASH,
03/09/2021 10:11,London Piccadilly,Sharon Morales,Regular Flavoured hot chocolate - Vanilla - 2.60,2.6,CARD,9676134741927762
03/09/2021 10:12,London Piccadilly,Elizabeth Olaughlin,Large Iced latte - 2.85,2.85,CARD,1691025912587070
03/09/2021 10:13,London Piccadilly,Robin Marzett,"Regular Smoothies - Carrot Kick - 2.00, Large Smoothies - Carrot Kick - 2.50, Regular Flavoured hot chocolate - Vanilla - 2.60, Large Flavoured hot chocolate - Vanilla - 2.90",10.0,CARD,6262055678455019
03/09/2021 10:14,London Piccadilly,Felipe Stroud,"Regular Cortado - 2.05, Regular Flavoured hot chocolate - Vanilla - 2.60",4.65,CARD,8666154064623006
03/09/2021 10:15,London Piccadilly,Francis Brady,"Regular Flavoured iced latte - Vanilla - 2.75, Large Flavoured iced latte - Vanilla - 3.25",6.0,CARD,2096284430030254
03/09/2021 10:16,London Piccadilly,Sarah Ferguson,"Regular Flavoured hot chocolate - Vanilla - 2.60, Large Flavoured iced latte - Vanilla - 3.25, Regular Cortado - 2.05, Regular Cortado - 2.05, Large Smoothies - Carrot Kick - 2.50",12.45,CASH,
03/09/2021 10:17,London Piccadilly,Donna Leclerc,"Large Flavoured iced latte - Vanilla - 3.25, Regular Flavoured iced latte - Vanilla - 2.75",6.0,CASH,
03/09/2021 10:18,London Piccadilly,Charles Root,"Regular Flavoured hot chocolate - Vanilla - 2.60, Large Speciality Tea - Peppermint - 1.60, Large Flavoured hot chocolate - Vanilla - 2.90",7.1,CARD,3827922786219607
03/09/2021 10:20,London Piccadilly,Glenn Wagner,"Regular Flavoured latte - Hazelnut - 2.55, Large Flavoured iced latte - Caramel - 3.25, Large Flavoured hot chocolate - Vanilla - 2.90",8.7,CASH,
03/09/2021 10:21,London Piccadilly,Gay Bogart,"Large Smoothies - Carrot Kick - 2.50, Large Flavoured iced latte - Vanilla - 3.25, Large Cortado - 2.35, Regular Speciality Tea - Peppermint - 1.30, Regular Iced latte - 2.35",11.75,CARD,3770333310653400
03/09/2021 10:22,London Piccadilly,Frederick Lewis,"Regular Flavoured iced latte - Caramel - 2.75, Large Flavoured iced latte - Caramel - 3.25, Regular Flavoured hot chocolate - Vanilla - 2.60",8.6,CASH,
03/09/2021 10:23,London Piccadilly,Amy Fisher,"Regular Flavoured hot chocolate - Vanilla - 2.60, Regular Iced latte - 2.35",4.95,CARD,9500352462829854
03/09/2021 10:24,London Piccadilly,Humberto White,"Regular Flavoured iced latte - Caramel - 2.75, Regular Smoothies - Carrot Kick - 2.00, Regular Iced latte - 2.35, Large Flavoured iced latte - Caramel - 3.25",10.35,CARD,3734618517579017
03/09/2021 10:25,London Piccadilly,Ofelia Kersey,"Large Speciality Tea - Peppermint - 1.60, Regular Flavoured hot chocolate - Vanilla - 2.60, Regular Smoothies - Carrot Kick - 2.00",6.2,CARD,1984026720839753
03/09/2021 10:26,London Piccadilly,Grace Baker,Large Flavoured iced latte - Caramel - 3.25,3.25,CARD,4986098172177060
03/09/2021 10:27,London Piccadilly,Jamie Kirkland,"Large Cortado - 2.35, Regular Smoothies - Carrot Kick - 2.00",4.35,CARD,1714736589639273
03/09/2021 10:29,London Piccadilly,Joseph Hart,"Regular Cortado - 2.05, Large Iced latte - 2.85, Large Flavoured iced latte - Vanilla - 3.25",8.15,CARD,9859131275937868
03/09/2021 10:30,London Piccadilly,Melanie Ament,"Regular Smoothies - Carrot Kick - 2.00, Regular Flavoured latte - Hazelnut - 2.55, Regular Flavoured latte - Hazelnut - 2.55, Regular Flavoured iced latte - Caramel - 2.75",9.85,CARD,8295451099848769
03/09/2021 10:31,London Piccadilly,Robert Nolan,"Regular Flavoured latte - Hazelnut - 2.55, Regular Iced latte - 2.35",4.9,CASH,
03/09/2021 10:32,London Piccadilly,Nicole Cohen,"Regular Iced latte - 2.35, Large Flavoured iced latte - Vanilla - 3.25",5.6,CARD,1548365818207548
03/09/2021 10:33,London Piccadilly,Sonia Levy,"Regular Flavoured latte - Hazelnut - 2.55, Regular Flavoured iced latte - Vanilla - 2.75, Regular Flavoured hot chocolate - Vanilla - 2.60, Regular Cortado - 2.05",9.95,CARD,6850871978856270
03/09/2021 10:34,London Piccadilly,Darius Sumner,"Large Speciality Tea - Peppermint - 1.60, Large Flavoured latte - Hazelnut - 2.85, Large Flavoured iced latte - Vanilla - 3.25, Regular Speciality Tea - Peppermint - 1.30",9.0,CARD,8508221940820751
03/09/2021 10:35,London Piccadilly,Mary Johnson,Large Flavoured iced latte - Caramel - 3.25,3.25,CASH,
03/09/2021 10:36,London Piccadilly,Dwayne Flanagan,"Large Flavoured latte - Hazelnut - 2.85, Regular Flavoured latte - Hazelnut - 2.55, Regular Flavoured iced latte - Vanilla - 2.75, Large Flavoured hot chocolate - Vanilla - 2.90, Regular Flavoured iced latte - Vanilla - 2.75",13.8,CARD,4133504888264773
03/09/2021 10:38,London Piccadilly,Donnie Shafer,"Large Flavoured iced latte - Vanilla - 3.25, Large Cortado - 2.35, Regular Flavoured latte - Hazelnut - 2.55, Large Iced latte - 2.85",11.0,CARD,9464956175422164
03/09/2021 10:39,London Piccadilly,Sammy Bailey,Large Cortado - 2.35,2.35,CARD,8211745757954778
03/09/2021 10:40,London Piccadilly,Florence Rennels,"Large Speciality Tea - Peppermint - 1.60, Regular Flavoured iced latte - Vanilla - 2.75, Regular Smoothies - Carrot Kick - 2.00, Large Iced latte - 2.85, Large Flavoured iced latte - Caramel - 3.25, Large Cortado - 2.35",14.8,CARD,6331780790385007
03/09/2021 10:41,London Piccadilly,Krystal Smith,"Regular Flavoured iced latte - Vanilla - 2.75, Large Flavoured iced latte - Caramel - 3.25, Regular Iced latte - 2.35",8.35,CASH,
03/09/2021 10:42,London Piccadilly,Cynthia Verdugo,"Regular Smoothies - Carrot Kick - 2.00, Large Flavoured latte - Hazelnut - 2.85",4.85,CARD,7224166225049166
03/09/2021 10:43,London Piccadilly,Justin Hoeft,"Regular Flavoured iced latte - Caramel - 2.75, Regular Flavoured iced latte - Caramel - 2.75",5.5,CARD,7726415670342406
03/09/2021 10:44,London Piccadilly,Sonya Oneal,"Regular Flavoured hot chocolate - Vanilla - 2.60, Regular Speciality Tea - Peppermint - 1.30, Large Flavoured hot chocolate - Vanilla - 2.90, Regular Iced latte - 2.35",9.15,CARD,9612289995432337
03/09/2021 10:46,London Piccadilly,Jason Hopper,"Regular Cortado - 2.05, Large Flavoured iced latte - Caramel - 3.25",5.3,CASH,
03/09/2021 10:47,London Piccadilly,Jennifer Warrior,Regular Flavoured hot chocolate - Vanilla - 2.60,2.6,CARD,1083956895506834
03/09/2021 10:48,London Piccadilly,Joy Williams,"Regular Iced latte - 2.35, Regular Iced latte - 2.35, Regular Flavoured latte - Hazelnut - 2.55, Regular Cortado - 2.05",9.3,CARD,8841427834195234
03/09/2021 10:49,London Piccadilly,Willie Watkins,"Large Cortado - 2.35, Large Flavoured iced latte - Vanilla - 3.25, Regular Iced latte - 2.35, Regular Speciality Tea - Peppermint - 1.30, Large Flavoured hot chocolate - Vanilla - 2.90",12.15,CASH,
03/09/2021 10:50,London Piccadilly,Eric Arredondo,"Large Cortado - 2.35, Regular Flavoured latte - Hazelnut - 2.55, Large Smoothies - Carrot Kick - 2.50",7.4,CASH,
03/09/2021 10:51,London Piccadilly,David Fitch,"Large Flavoured hot chocolate - Vanilla - 2.90, Regular Flavoured iced latte - Vanilla - 2.75",5.65,CARD,3068869198073317
03/09/2021 10:52,London Piccadilly,Carolyn Mccluskey,"Regular Flavoured iced latte - Vanilla - 2.75, Large Speciality Tea - Peppermint - 1.60, Large Flavoured latte - Hazelnut - 2.85",7.2,CARD,7811221560471396
03/09/2021 10:53,London Piccadilly,James Washington,Large Iced latte - 2.85,2.85,CASH,
03/09/2021 10:55,London Piccadilly,Vicki Duran,"Regular Flavoured iced latte - Caramel - 2.75, Large Smoothies - Carrot Kick - 2.50, Regular Flavoured hot chocolate - Vanilla - 2.60",7.85,CARD,4519351246173631
03/09/2021 10:56,London Piccadilly,Lucas Hansen,"Large Flavoured iced latte - Caramel - 3.25, Regular Flavoured iced latte - Caramel - 2.75, Large Cortado - 2.35, Large Flavoured iced latte - Caramel - 3.25, Large Flavoured hot chocolate - Vanilla - 2.90",14.5,CARD,6354134489999596
03/09/2021 10:57,London Piccadilly,Anna George,"Regular Flavoured iced latte - Vanilla - 2.75, Large Flavoured iced latte - Vanilla - 3.25, Regular Flavoured hot chocolate - Vanilla - 2.60, Large Cortado - 2.35, Large Flavoured iced latte - Caramel - 3.25",14.2,CASH,
03/09/2021 10:58,London Piccadilly,Brooke Brown,"Large Speciality Tea - Peppermint - 1.60, Large Iced latte - 2.85, Large Iced latte - 2.85, Large Flavoured hot chocolate - Vanilla - 2.90, Regular Iced latte - 2.35",12.55,CASH,
03/09/2021 10:59,London Piccadilly,Tom Dandurand,Regular Flavoured iced latte - Caramel - 2.75,2.75,CASH,
03/09/2021 11:00,London Piccadilly,Candace Bates,"Regular Iced latte - 2.35, Regular Cortado - 2.05, Large Flavoured iced latte - Caramel - 3.25, Large Flavoured latte - Hazelnut - 2.85, Large Flavoured hot chocolate - Vanilla - 2.90",13.4,CASH,
03/09/2021 11:12,London Piccadilly,Erma Kam,"Regular Cortado - 2.05, Regular Speciality Tea - Peppermint - 1.30",3.35,CARD,3700582795543577
03/09/2021 11:24,London Piccadilly,Fredrick Reese,Large Speciality Tea - Peppermint - 1.60,1.6,CARD,2322826342348154
03/09/2021 11:36,London Piccadilly,Douglas Beauchamp,Regular Cortado - 2.05,2.05,CARD,7088067928942069
03/09/2021 11:48,London Piccadilly,Miriam Holloway,"Large Iced latte - 2.85, Regular Flavoured latte - Hazelnut - 2.55, Large Flavoured hot chocolate - Vanilla - 2.90",8.3,CASH,
03/09/2021 12:00,London Piccadilly,Larry Olin,"Regular Flavoured iced latte - Caramel - 2.75, Large Flavoured iced latte - Caramel - 3.25",6.0,CARD,3047385937597218
03/09/2021 12:07,London Piccadilly,Jessenia Dumbleton,"Regular Flavoured latte - Hazelnut - 2.55, Regular Flavoured latte - Hazelnut - 2.55, Large Flavoured iced latte - Vanilla - 3.25, Large Flavoured hot chocolate - Vanilla - 2.90",11.25,CASH,
03/09/2021 12:13,London Piccadilly,Tanna Bullock,"Large Flavoured iced latte - Caramel - 3.25, Large Flavoured latte - Hazelnut - 2.85, Large Flavoured hot chocolate - Vanilla - 2.90, Regular Speciality Tea - Peppermint - 1.30, Large Cortado - 2.35",12.65,CASH,
03/09/2021 12:20,London Piccadilly,Angelica Reitz,"Large Flavoured iced latte - Vanilla - 3.25, Large Flavoured hot chocolate - Vanilla - 2.90, Large Iced latte - 2.85",9.0,CASH,
03/09/2021 12:27,London Piccadilly,Charles Mcknight,"Large Flavoured iced latte - Caramel - 3.25, Regular Iced latte - 2.35, Regular Flavoured latte - Hazelnut - 2.55, Regular Smoothies - Carrot Kick - 2.00, Regular Iced latte - 2.35, Regular Cortado - 2.05",14.55,CARD,7478535843690753
03/09/2021 12:33,London Piccadilly,Thomas Humiston,Regular Flavoured iced latte - Vanilla - 2.75,2.75,CASH,
03/09/2021 12:40,London Piccadilly,Steve Francis,"Large Iced latte - 2.85, Large Smoothies - Carrot Kick - 2.50, Large Speciality Tea - Peppermint - 1.60",6.95,CASH,
03/09/2021 12:47,London Piccadilly,Eleanor Hatcher,"Large Flavoured iced latte - Vanilla - 3.25, Regular Flavoured iced latte - Vanilla - 2.75, Large Flavoured hot chocolate - Vanilla - 2.90",8.9,CASH,
03/09/2021 12:53,London Piccadilly,Antone Sweitzer,"Regular Speciality Tea - Peppermint - 1.30, Large Flavoured iced latte - Caramel - 3.25",4.55,CARD,1144793176398470
03/09/2021 13:00,London Piccadilly,Robert Jones,Regular Speciality Tea - Peppermint - 1.30,1.3,CASH,
03/09/2021 13:03,London Piccadilly,Joe Kronenberg,"Regular Flavoured iced latte - Vanilla - 2.75, Large Flavoured iced latte - Vanilla - 3.25",6.0,CARD,8557462448782353
03/09/2021 13:06,London Piccadilly,Michael Parker,"Regular Speciality Tea - Peppermint - 1.30, Large Smoothies - Carrot Kick - 2.50",3.8,CARD,5348413347111842
03/09/2021 13:08,London Piccadilly,Christopher Foster,"Large Flavoured iced latte - Vanilla - 3.25, Regular Flavoured hot chocolate - Vanilla - 2.60, Large Cortado - 2.35",8.2,CARD,5966274113448007
03/09/2021 13:11,London Piccadilly,Charles Ohl,"Regular Flavoured latte - Hazelnut - 2.55, Regular Flavoured iced latte - Caramel - 2.75, Large Speciality Tea - Peppermint - 1.60, Large Speciality Tea - Peppermint - 1.60",8.5,CARD,6852463199456885
03/09/2021 13:14,London Piccadilly,Larita Marchand,"Large Flavoured iced latte - Caramel - 3.25, Regular Iced latte - 2.35, Regular Flavoured latte - Hazelnut - 2.55, Large Cortado - 2.35",10.5,CASH,
03/09/2021 13:16,London Piccadilly,Berenice Smith,"Regular Flavoured latte - Hazelnut - 2.55, Large Flavoured iced latte - Caramel - 3.25",5.8,CARD,4370615287761468
03/09/2021 13:19,London Piccadilly,John Vanduser,"Large Cortado - 2.35, Regular Smoothies - Carrot Kick - 2.00",4.35,CASH,
03/09/2021 13:22,London Piccadilly,Lisa Bradford,"Regular Iced latte - 2.35, Regular Cortado - 2.05",4.4,CARD,5584784331033387
03/09/2021 13:25,London Piccadilly,James Buzzelli,"Regular Flavoured hot chocolate - Vanilla - 2.60, Regular Iced latte - 2.35, Regular Iced latte - 2.35",7.3,CARD,9655287631560154
03/09/2021 13:27,London Piccadilly,Johnny Hillman,Regular Flavoured latte - Hazelnut - 2.55,2.55,CARD,5485697013155971
03/09/2021 13:30,London Piccadilly,Lovetta Snowden,Regular Flavoured iced latte - Vanilla - 2.75,2.75,CARD,9756450954022965
03/09/2021 13:33,London Piccadilly,Tim Watts,"Large Flavoured hot chocolate - Vanilla - 2.90, Regular Flavoured iced latte - Caramel - 2.75",5.65,CASH,
03/09/2021 13:35,London Piccadilly,Geoffrey Martinetto,"Regular Flavoured iced latte - Vanilla - 2.75, Regular Flavoured latte - Hazelnut - 2.55",5.3,CASH,
03/09/2021 13:38,London Piccadilly,Neva Boyd,"Regular Flavoured iced latte - Caramel - 2.75, Regular Flavoured latte - Hazelnut - 2.55, Large Speciality Tea - Peppermint - 1.60, Regular Iced latte - 2.35",9.25,CASH,
03/09/2021 13:41,London Piccadilly,James Burton,Large Flavoured iced latte - Vanilla - 3.25,3.25,CARD,7465197245182159
03/09/2021 13:44,London Piccadilly,Julie Loe,"Large Flavoured iced latte - Caramel - 3.25, Regular Flavoured latte - Hazelnut - 2.55",5.8,CARD,5888654298231252
03/09/2021 13:46,London Piccadilly,Alina Mcafee,"Regular Flavoured iced latte - Caramel - 2.75, Regular Speciality Tea - Peppermint - 1.30, Large Smoothies - Carrot Kick - 2.50",6.55,CARD,5488486014360910
03/09/2021 13:49,London Piccadilly,Lindsey Mckinney,"Large Iced latte - 2.85, Large Cortado - 2.35",5.2,CARD,9752470887970185
03/09/2021 13:52,London Piccadilly,Ben Deloney,Regular Flavoured latte - Hazelnut - 2.55,2.55,CARD,1531883147033789
03/09/2021 13:54,London Piccadilly,Dana Walther,"Large Flavoured latte - Hazelnut - 2.85, Large Smoothies - Carrot Kick - 2.50, Large Flavoured iced latte - Vanilla - 3.25",8.6,CARD,5194359232709673
03/09/2021 13:57,London Piccadilly,Ethel Corriveau,"Regular Flavoured hot chocolate - Vanilla - 2.60, Large Flavoured iced latte - Caramel - 3.25",5.85,CASH,
03/09/2021 14:00,London Piccadilly,Mark Cormier,"Regular Flavoured hot chocolate - Vanilla - 2.60, Large Flavoured latte - Hazelnut - 2.85",5.45,CASH,
03/09/2021 14:02,London Piccadilly,Samantha Conner,"Regular Flavoured iced latte - Vanilla - 2.75, Large Flavoured iced latte - Caramel - 3.25",6.0,CARD,2739768197860599
03/09/2021 14:03,London Piccadilly,Cynthia Stewart,"Large Flavoured hot chocolate - Vanilla - 2.90, Regular Flavoured iced latte - Caramel - 2.75, Large Flavoured iced latte - Caramel - 3.25",8.9,CASH,
03/09/2021 14:05,London Piccadilly,Gregory Franco,"Large Flavoured iced latte - Vanilla - 3.25, Large Speciality Tea - Peppermint - 1.60",4.85,CARD,1937856371178565
03/09/2021 14:06,London Piccadilly,Cherie Beck,"Regular Speciality Tea - Peppermint - 1.30, Large Flavoured latte - Hazelnut - 2.85",4.15,CASH,
03/09/2021 14:08,London Piccadilly,Leroy Rodriguez,"Regular Flavoured hot chocolate - Vanilla - 2.60, Regular Flavoured iced latte - Caramel - 2.75, Regular Cortado - 2.05, Regular Flavoured iced latte - Caramel - 2.75, Regular Flavoured hot chocolate - Vanilla - 2.60, Large Speciality Tea - Peppermint - 1.60",14.35,CARD,8535118303720700
03/09/2021 14:10,London Piccadilly,Isabel Orr,"Regular Flavoured iced latte - Caramel - 2.75, Large Flavoured latte - Hazelnut - 2.85",5.6,CARD,4531081549448401
03/09/2021 14:11,London Piccadilly,Edward Bateman,Regular Flavoured iced latte - Caramel - 2.75,2.75,CASH,
03/09/2021 14:13,London Piccadilly,Jesus Hogan,"Regular Flavoured hot chocolate - Vanilla - 2.60, Large Cortado - 2.35, Large Flavoured hot chocolate - Vanilla - 2.90, Regular Flavoured iced latte - Vanilla - 2.75, Large Speciality Tea - Peppermint - 1.60",12.2,CASH,
03/09/2021 14:14,London Piccadilly,Sharie Dawson,"Regular Flavoured latte - Hazelnut - 2.55, Large Flavoured iced latte - Vanilla - 3.25, Regular Flavoured hot chocolate - Vanilla - 2.60",8.4,CASH,
03/09/2021 14:16,London Piccadilly,Orlando Hendrick,"Large Iced latte - 2.85, Regular Flavoured hot chocolate - Vanilla - 2.60",5.45,CARD,1401434837267219
03/09/2021 14:18,London Piccadilly,Cathy Colton,"Large Cortado - 2.35, Large Cortado - 2.35",4.7,CARD,4100697050954996
03/09/2021 14:19,London Piccadilly,Kathy Silva,"Large Flavoured iced latte - Vanilla - 3.25, Regular Flavoured hot chocolate - Vanilla - 2.60, Large Cortado - 2.35, Large Flavoured hot chocolate - Vanilla - 2.90",11.1,CARD,1133574388229014
03/09/2021 14:21,London Piccadilly,Jacqueline Sarate,"Large Flavoured hot chocolate - Vanilla - 2.90, Regular Iced latte - 2.35",5.25,CARD,4689231180925557
03/09/2021 14:23,London Piccadilly,Kyle Wilkins,"Large Flavoured latte - Hazelnut - 2.85, Large Flavoured hot chocolate - Vanilla - 2.90",5.75,CARD,7613487464973804
03/09/2021 14:24,London Piccadilly,Phillip Peel,"Large Smoothies - Carrot Kick - 2.50, Large Cortado - 2.35, Regular Flavoured iced latte - Caramel - 2.75, Large Speciality Tea - Peppermint - 1.60",9.2,CASH,
03/09/2021 14:26,London Piccadilly,Tad Mauldin,"Large Flavoured iced latte - Caramel - 3.25, Regular Smoothies - Carrot Kick - 2.00, Large Flavoured latte - Hazelnut - 2.85, Large Flavoured latte - Hazelnut - 2.85, Large Flavoured iced latte - Caramel - 3.25",14.2,CARD,8391055530687619
03/09/2021 14:27,London Piccadilly,Michelle Robbins,"Large Iced latte - 2.85, Large Speciality Tea - Peppermint - 1.60, Regular Iced latte - 2.35, Large Flavoured iced latte - Vanilla - 3.25",10.05,CASH,
03/09/2021 14:29,London Piccadilly,Sally Butterfield,"Regular Flavoured iced latte - Vanilla - 2.75, Regular Flavoured iced latte - Vanilla - 2.75, Regular Flavoured iced latte - Vanilla - 2.75, Large Speciality Tea - Peppermint - 1.60, Regular Cortado - 2.05, Regular Flavoured iced latte - Caramel - 2.75",14.65,CASH,
03/09/2021 14:31,London Piccadilly,Barbara Caldwell,"Regular Smoothies - Carrot Kick - 2.00, Regular Flavoured iced latte - Caramel - 2.75, Regular Flavoured hot chocolate - Vanilla - 2.60, Regular Cortado - 2.05",9.4,CASH,
03/09/2021 14:32,London Piccadilly,Stacy Magar,"Large Speciality Tea - Peppermint - 1.60, Regular Iced latte - 2.35, Large Speciality Tea - Peppermint - 1.60",5.55,CARD,9794515992083248
03/09/2021 14:34,London Piccadilly,Patricia Rivera,"Large Flavoured iced latte - Caramel - 3.25, Large Speciality Tea - Peppermint - 1.60, Regular Flavoured latte - Hazelnut - 2.55, Regular Flavoured iced latte - Vanilla - 2.75, Regular Flavoured latte - Hazelnut - 2.55",12.7,CARD,4823882084951101
03/09/2021 14:35,London Piccadilly,Elbert Oconnor,Regular Iced latte - 2.35,2.35,CASH,
03/09/2021 14:37,London Piccadilly,Ona Smyer,"Regular Flavoured hot chocolate - Vanilla - 2.60, Large Flavoured iced latte - Vanilla - 3.25, Large Flavoured latte - Hazelnut - 2.85",8.7,CARD,5842707938230145
03/09/2021 14:39,London Piccadilly,Evelyn Romano,"Large Flavoured latte - Hazelnut - 2.85, Regular Flavoured hot chocolate - Vanilla - 2.60, Regular Cortado - 2.05, Regular Smoothies - Carrot Kick - 2.00, Regular Flavoured iced latte - Vanilla - 2.75",12.25,CARD,1957795346223572
03/09/2021 14:40,London Piccadilly,Christine Wiggins,"Regular Smoothies - Carrot Kick - 2.00, Regular Flavoured hot chocolate - Vanilla - 2.60, Regular Flavoured latte - Hazelnut - 2.55",7.15,CARD,3430027269868596
03/09/2021 14:42,London Piccadilly,Frances Sharp,Regular Cortado - 2.05,2.05,CARD,3459916301025769
03/09/2021 14:44,London Piccadilly,Clarice Hering,"Regular Flavoured hot chocolate - Vanilla - 2.60, Regular Flavoured iced latte - Vanilla - 2.75",5.35,CARD,8107508560877574
03/09/2021 14:45,London Piccadilly,Jared Pike,"Large Iced latte - 2.85, Large Flavoured latte - Hazelnut - 2.85, Large Flavoured latte - Hazelnut - 2.85, Regular Iced latte - 2.35",10.9,CASH,
03/09/2021 14:47,London Piccadilly,Amanda Forbis,"Large Flavoured iced latte - Vanilla - 3.25, Large Smoothies - Carrot Kick - 2.50, Regular Cortado - 2.05, Regular Speciality Tea - Peppermint - 1.30, Large Smoothies - Carrot Kick - 2.50",11.6,CARD,1097542169583774
03/09/2021 14:48,London Piccadilly,Heather Romero,"Regular Smoothies - Carrot Kick - 2.00, Large Flavoured hot chocolate - Vanilla - 2.90",4.9,CASH,
03/09/2021 14:50,London Piccadilly,Geraldine Graf,"Large Speciality Tea - Peppermint - 1.60, Regular Speciality Tea - Peppermint - 1.30, Regular Flavoured latte - Hazelnut - 2.55, Regular Flavoured latte - Hazelnut - 2.55",8.0,CARD,4984761193911734
03/09/2021 14:52,London Piccadilly,Sarah Schooley,Large Flavoured iced latte - Caramel - 3.25,3.25,CARD,1391286685687774
03/09/2021 14:53,London Piccadilly,Jacquelyn Holben,"Large Smoothies - Carrot Kick - 2.50, Large Flavoured latte - Hazelnut - 2.85, Large Flavoured iced latte - Vanilla - 3.25",8.6,CARD,2651593115267665
03/09/2021 14:55,London Piccadilly,Laverne Porter,"Regular Flavoured latte - Hazelnut - 2.55, Regular Flavoured hot chocolate - Vanilla - 2.60, Large Smoothies - Carrot Kick - 2.50",7.65,CARD,1971730902075791
03/09/2021 14:57,London Piccadilly,Wanda Moore,"Regular Cortado - 2.05, Large Flavoured iced latte - Vanilla - 3.25, Regular Flavoured latte - Hazelnut - 2.55, Large Speciality Tea - Peppermint - 1.60, Regular Flavoured hot chocolate - Vanilla - 2.60",12.05,CARD,4475201834022065
03/09/2021 14:58,London Piccadilly,Geneva Bishop,"Regular Speciality Tea - Peppermint - 1.30, Regular Flavoured latte - Hazelnut - 2.55",3.85,CARD,1556757397212489
03/09/2021 15:00,London Piccadilly,Karl Herrera,"Large Flavoured iced latte - Caramel - 3.25, Large Speciality Tea - Peppermint - 1.60, Regular Cortado - 2.05, Large Flavoured hot chocolate - Vanilla - 2.90",9.8,CARD,5679440702216807
03/09/2021 15:03,London Piccadilly,Page Kenney,"Regular Iced latte - 2.35, Large Flavoured latte - Hazelnut - 2.85, Regular Flavoured iced latte - Vanilla - 2.75",7.95,CARD,6666420222475473
03/09/2021 15:07,London Piccadilly,Darlene Gilles,Regular Iced latte - 2.35,2.35,CARD,5457321033491782
03/09/2021 15:10,London Piccadilly,Nettie Wesley,"Large Flavoured latte - Hazelnut - 2.85, Regular Flavoured latte - Hazelnut - 2.55, Large Flavoured iced latte - Caramel - 3.25",8.65,CARD,1842246542347529
03/09/2021 15:14,London Piccadilly,William Neubauer,"Regular Speciality Tea - Peppermint - 1.30, Regular Flavoured latte - Hazelnut - 2.55, Large Flavoured latte - Hazelnut - 2.85",6.7,CARD,4093104593384461
03/09/2021 15:17,London Piccadilly,Carole Gonzales,"Regular Cortado - 2.05, Large Flavoured iced latte - Vanilla - 3.25, Regular Flavoured iced latte - Caramel - 2.75, Regular Flavoured iced latte - Caramel - 2.75",10.8,CARD,5050739146832670
03/09/2021 15:21,London Piccadilly,Gerald Johnson,"Large Smoothies - Carrot Kick - 2.50, Regular Speciality Tea - Peppermint - 1.30, Regular Flavoured iced latte - Vanilla - 2.75, Large Flavoured iced latte - Vanilla - 3.25",9.8,CARD,1781416301603577
03/09/2021 15:24,London Piccadilly,Pia Young,"Large Flavoured iced latte - Caramel - 3.25, Regular Speciality Tea - Peppermint - 1.30",4.55,CARD,9697264558035546
03/09/2021 15:28,London Piccadilly,Julie Pierce,"Large Iced latte - 2.85, Regular Cortado - 2.05",4.9,CARD,7036709254773763
03/09/2021 15:31,London Piccadilly,Jerry Unrein,"Large Flavoured hot chocolate - Vanilla - 2.90, Large Iced latte - 2.85, Regular Flavoured hot chocolate - Vanilla - 2.60",8.35,CARD,8897555988154690
03/09/2021 15:35,London Piccadilly,Pamela Agee,"Large Speciality Tea - Peppermint - 1.60, Large Iced latte - 2.85, Large Speciality Tea - Peppermint - 1.60",6.05,CARD,1485130868490804
03/09/2021 15:38,London Piccadilly,Nicole Barlow,Regular Smoothies - Carrot Kick - 2.00,2.0,CASH,
03/09/2021 15:42,London Piccadilly,Mary Solano,"Large Cortado - 2.35, Large Flavoured iced latte - Vanilla - 3.25, Large Smoothies - Carrot Kick - 2.50",8.1,CARD,9907478046726902
03/09/2021 15:45,London Piccadilly,Tammy Lemke,"Regular Iced latte - 2.35, Large Flavoured iced latte - Caramel - 3.25, Large Flavoured latte - Hazelnut - 2.85, Large Speciality Tea - Peppermint - 1.60, Large Flavoured latte - Hazelnut - 2.85, Large Flavoured iced latte - Vanilla - 3.25",16.15,CASH,
03/09/2021 15:49,London Piccadilly,Patricia Snyder,"Regular Flavoured iced latte - Caramel - 2.75, Regular Flavoured latte - Hazelnut - 2.55, Regular Flavoured hot chocolate - Vanilla - 2.60, Large Speciality Tea - Peppermint - 1.60",9.5,CASH,
03/09/2021 15:52,London Piccadilly,Glenn Hok,"Large Smoothies - Carrot Kick - 2.50, Large Flavoured latte - Hazelnut - 2.85",5.35,CARD,9381331603008049
03/09/2021 15:56,London Piccadilly,Sandra Sanchez,"Regular Flavoured iced latte - Vanilla - 2.75, Regular Flavoured iced latte - Caramel - 2.75, Large Cortado - 2.35, Regular Flavoured latte - Hazelnut - 2.55, Large Cortado - 2.35",12.75,CARD,1663465522048322
03/09/2021 16:00,London Piccadilly,Donald Garcia,Regular Speciality Tea - Peppermint - 1.30,1.3,CASH,
03/09/2021 16:02,London Piccadilly,Darren Epperly,"Large Flavoured latte - Hazelnut - 2.85, Large Flavoured iced latte - Vanilla - 3.25",6.1,CARD,6679814156593948
03/09/2021 16:04,London Piccadilly,Kelly Fullmer,"Large Iced latte - 2.85, Large Flavoured iced latte - Caramel - 3.25, Large Flavoured iced latte - Caramel - 3.25",9.35,CARD,4936415200609735
03/09/2021 16:06,London Piccadilly,John Rich,Regular Flavoured latte - Hazelnut - 2.55,2.55,CARD,5471193804643230
03/09/2021 16:08,London Piccadilly,Nelson Vallarta,Large Flavoured iced latte - Caramel - 3.25,3.25,CARD,6979286892139581
03/09/2021 16:10,London Piccadilly,Sean Hayter,"Large Flavoured latte - Hazelnut - 2.85, Large Iced latte - 2.85, Large Flavoured latte - Hazelnut - 2.85",8.55,CARD,9718855892744131
03/09/2021 16:12,London Piccadilly,Robert Smith,"Regular Flavoured hot chocolate - Vanilla - 2.60, Regular Smoothies - Carrot Kick - 2.00, Large Flavoured latte - Hazelnut - 2.85, Regular Flavoured iced latte - Caramel - 2.75, Large Flavoured iced latte - Vanilla - 3.25",13.45,CARD,1821739221848706
03/09/2021 16:14,London Piccadilly,Kevin Gallo,Large Iced latte - 2.85,2.85,CARD,9321404540447939
03/09/2021 16:16,London Piccadilly,Alvin Freeman,Regular Flavoured iced latte - Caramel - 2.75,2.75,CARD,9890258456490055
03/09/2021 16:18,London Piccadilly,John Harris,"Regular Flavoured hot chocolate - Vanilla - 2.60, Regular Flavoured hot chocolate - Vanilla - 2.60",5.2,CARD,8215256236197928
03/09/2021 16:20,London Piccadilly,Ryan Behne,"Large Flavoured iced latte - Caramel - 3.25, Large Flavoured iced latte - Vanilla - 3.25, Regular Smoothies - Carrot Kick - 2.00, Large Speciality Tea - Peppermint - 1.60, Large Flavoured iced latte - Vanilla - 3.25",13.35,CASH,
03/09/2021 16:22,London Piccadilly,Martin Hammonds,"Large Iced latte - 2.85, Regular Flavoured hot chocolate - Vanilla - 2.60, Regular Cortado - 2.05",7.5,CARD,8156378340942005
03/09/2021 16:24,London Piccadilly,Mathew Musich,"Regular Flavoured iced latte - Vanilla - 2.75, Large Flavoured latte - Hazelnut - 2.85, Regular Flavoured iced latte - Caramel - 2.75, Regular Flavoured iced latte - Vanilla - 2.75, Large Flavoured latte - Hazelnut - 2.85",13.95,CARD,2040798718988922
03/09/2021 16:26,London Piccadilly,Dorothy Mickelson,"Regular Flavoured latte - Hazelnut - 2.55, Regular Iced latte - 2.35, Regular Smoothies - Carrot Kick - 2.00",6.9,CARD,9990870022170310
03/09/2021 16:28,London Piccadilly,Eduardo Smith,"Regular Flavoured iced latte - Vanilla - 2.75, Large Speciality Tea - Peppermint - 1.60, Regular Flavoured iced latte - Vanilla - 2.75",7.1,CARD,5330142411480321
03/09/2021 16:30,London Piccadilly,Clark Greenwell,"Large Flavoured iced latte - Vanilla - 3.25, Large Flavoured latte - Hazelnut - 2.85, Regular Cortado - 2.05, Large Flavoured latte - Hazelnut - 2.85, Large Flavoured hot chocolate - Vanilla - 2.90, Regular Cortado - 2.05",15.95,CARD,7342373459625164
03/09/2021 16:32,London Piccadilly,David Gonzalez,Large Flavoured iced latte - Vanilla - 3.25,3.25,CARD,5645869107146254
03/09/2021 16:34,London Piccadilly,Mathew Magallanes,"Large Speciality Tea - Peppermint - 1.60, Large Iced latte - 2.85, Regular Flavoured iced latte - Vanilla - 2.75, Large Flavoured iced latte - Vanilla - 3.25, Regular Flavoured iced latte - Caramel - 2.75",13.2,CASH,
03/09/2021 16:36,London Piccadilly,Andrea Swanson,"Large Flavoured iced latte - Vanilla - 3.25, Large Iced latte - 2.85",6.1,CASH,
03/09/2021 16:38,London Piccadilly,Paula Shinabarger,"Regular Flavoured iced latte - Vanilla - 2.75, Regular Flavoured iced latte - Vanilla - 2.75",5.5,CARD,8226868018412624
03/09/2021 16:40,London Piccadilly,Ryan Perez,Regular Flavoured iced latte - Caramel - 2.75,2.75,CARD,6411877403486743
03/09/2021 16:42,London Piccadilly,Deborah Asquith,Large Cortado - 2.35,2.35,CARD,2075195035066276
03/09/2021 16:44,London Piccadilly,Robert Piccoli,Large Flavoured latte - Hazelnut - 2.85,2.85,CARD,8339560185852226
03/09/2021 16:46,London Piccadilly,Richard Nasuti,"Large Flavoured iced latte - Vanilla - 3.25, Regular Flavoured latte - Hazelnut - 2.55",5.8,CASH,
03/09/2021 16:48,London Piccadilly,Maria Debroux,"Regular Flavoured iced latte - Vanilla - 2.75, Large Smoothies - Carrot Kick - 2.50, Large Flavoured latte - Hazelnut - 2.85",8.1,CARD,6575904930864969
03/09/2021 16:50,London Piccadilly,Carlos Thomas,"Large Speciality Tea - Peppermint - 1.60, Regular Cortado - 2.05, Large Flavoured hot chocolate - Vanilla - 2.90",6.55,CARD,1524072420788295
03/09/2021 16:52,London Piccadilly,Kelly Britton,"Large Flavoured iced latte - Vanilla - 3.25, Regular Flavoured hot chocolate - Vanilla - 2.60, Large Flavoured latte - Hazelnut - 2.85",8.7,CARD,5101776792948247
03/09/2021 16:54,London Piccadilly,Johnny Flores,"Large Cortado - 2.35, Regular Flavoured iced latte - Vanilla - 2.75, Regular Cortado - 2.05",7.15,CASH,
03/09/2021 16:56,London Piccadilly,Minnie Caldwell,"Large Flavoured iced latte - Vanilla - 3.25, Large Smoothies - Carrot Kick - 2.50, Large Flavoured latte - Hazelnut - 2.85",8.6,CASH,
03/09/2021 16:58,London Piccadilly,Sidney Spencer,"Large Flavoured hot chocolate - Vanilla - 2.90, Regular Flavoured latte - Hazelnut - 2.55, Regular Smoothies - Carrot Kick - 2.00",7.45,CASH,
