03/09/2021 09:00,London Camden,Darla Whitten,"Large Luxury hot chocolate - 2.70, Regular Flavoured hot chocolate - Vanilla - 2.60, Large Speciality Tea - Peppermint - 1.60, Regular Flavoured latte - Vanilla - 2.55, Regular Flavoured hot chocolate - Hazelnut - 2.60, Regular Hot chocolate - 2.20",14.25,CARD,5114673531023940
03/09/2021 09:02,London Camden,Doris Maley,"Large Flavoured hot chocolate - Hazelnut - 2.90, Large Luxury hot chocolate - 2.70, Regular Iced latte - 2.35",7.95,CARD,8614573510106905
03/09/2021 09:05,London Camden,Trevor Thomas,Regular Luxury hot chocolate - 2.40,2.4,CARD,1820614100899111
03/09/2021 09:08,London Camden,Theresa Daschofsky,"Large Luxury hot chocolate - 2.70, Large Chai latte - 2.60, Regular Flavoured hot chocolate - Hazelnut - 2.60, Regular Flavoured hot chocolate - Hazelnut - 2.60, Large Hot chocolate - 2.90",13.4,CARD,2073647078781264
03/09/2021 09:10,London Camden,Sheena Ellis,"Large Speciality Tea - Peppermint - 1.60, Large Hot chocolate - 2.90, Large Flavoured hot chocolate - Hazelnut - 2.90, Large Flavoured hot chocolate - Vanilla - 2.90, Large Speciality Tea - Peppermint - 1.60",11.9,CARD,1754518029189142
03/09/2021 09:13,London Camden,Jennifer Jones,"Regular Flavoured hot chocolate - Vanilla - 2.60, Large Luxury hot chocolate - 2.70, Regular Speciality Tea - Peppermint - 1.30, Regular Speciality Tea - Peppermint - 1.30, Large Chai latte - 2.60, Regular Flavoured hot chocolate - Hazelnut - 2.60",13.1,CARD,6737214731929360
03/09/2021 09:16,London Camden,Mary Pagano,"Large Hot chocolate - 2.90, Large Chai latte - 2.60, Large Flavoured hot chocolate - Vanilla - 2.90, Regular Speciality Tea - Peppermint - 1.30, Regular Hot chocolate - 2.20",11.9,CARD,3765190394715276
03/09/2021 09:19,London Camden,Virginia Broussard,"Large Flavoured hot chocolate - Hazelnut - 2.90, Regular Flavoured hot chocolate - Hazelnut - 2.60",5.5,CASH,
03/09/2021 09:21,London Camden,Ashley Smith,"Regular Flavoured hot chocolate - Vanilla - 2.60, Large Flavoured hot chocolate - Vanilla - 2.90, Regular Flavoured latte - Vanilla - 2.55, Large Flavoured hot chocolate - Hazelnut - 2.90",10.95,CARD,9217401416069670
03/09/2021 09:24,London Camden,Joseph Haskin,Regular Flavoured latte - Vanilla - 2.55,2.55,CASH,
03/09/2021 09:27,London Camden,Mario Mccue,"Regular Chai latte - 2.30, Large Flavoured hot chocolate - Vanilla - 2.90",5.2,CARD,7699174223130148
03/09/2021 09:29,London Camden,Anthony Wallach,"Large Speciality Tea - Peppermint - 1.60, Regular Flavoured hot chocolate - Hazelnut - 2.60",4.2,CARD,9163142339766264
03/09/2021 09:32,London Camden,Edward Becnel,"Regular Hot chocolate - 2.20, Large Flavoured hot chocolate - Vanilla - 2.90",5.1,CARD,4912876952677981
03/09/2021 09:35,London Camden,Timothy Buchanan,"Large Iced latte - 2.85, Large Luxury hot chocolate - 2.70",5.55,CASH,
03/09/2021 09:38,London Camden,Fernando Young,"Large Speciality Tea - Peppermint - 1.60, Regular Flavoured hot chocolate - Hazelnut - 2.60",4.2,CARD,6487221975444562
03/09/2021 09:40,London Camden,Walter Franco,Large Iced latte - 2.85,2.85,CARD,8822349386636418
03/09/2021 09:43,London Camden,Sharon Daliva,Large Speciality Tea - Peppermint - 1.60,1.6,CARD,2098908573830960
03/09/2021 09:46,London Camden,Lila Benjamin,"Large Flavoured hot chocolate - Hazelnut - 2.90, Large Flavoured hot chocolate - Vanilla - 2.90, Large Luxury hot chocolate - 2.70, Large Chai latte - 2.60, Regular Speciality Tea - Peppermint - 1.30, Large Flavoured hot chocolate - Hazelnut - 2.90",15.3,CARD,9548309364537953
03/09/2021 09:48,London Camden,Hilary Charles,"Regular Chai latte - 2.30, Regular Flavoured hot chocolate - Vanilla - 2.60, Large Speciality Tea - Peppermint - 1.60, Regular Chai latte - 2.30",8.8,CASH,
03/09/2021 09:51,London Camden,Allen Smith,"Regular Chai latte - 2.30, Regular Chai latte - 2.30, Regular Speciality Tea - Peppermint - 1.30, Regular Chai latte - 2.30",8.2,CARD,1025652246607427
03/09/2021 09:54,London Camden,Ross Gailey,"Regular Luxury hot chocolate - 2.40, Large Iced latte - 2.85",5.25,CARD,2781650684828596
03/09/2021 09:57,London Camden,Thomas Fraher,Large Luxury hot chocolate - 2.70,2.7,CARD,2973872803224779
03/09/2021 09:59,London Camden,Sandie Gilbert,Regular Luxury hot chocolate - 2.40,2.4,CASH,
03/09/2021 10:02,London Camden,Courtney Enochs,Large Flavoured hot chocolate - Vanilla - 2.90,2.9,CASH,
03/09/2021 10:04,London Camden,Pamela Baca,"Large Speciality Tea - Peppermint - 1.60, Regular Hot chocolate - 2.20, Regular Flavoured latte - Vanilla - 2.55, Regular Iced latte - 2.35",8.7,CARD,4433344446323466
03/09/2021 10:06,London Camden,Pauline Montenegro,"Regular Hot chocolate - 2.20, Regular Flavoured hot chocolate - Hazelnut - 2.60, Regular Hot chocolate - 2.20",7.0,CASH,
03/09/2021 10:09,London Camden,Magali Cutler,"Large Hot chocolate - 2.90, Regular Flavoured hot chocolate - Hazelnut - 2.60, Regular Hot chocolate - 2.20, Large Iced latte - 2.85",10.55,CASH,
03/09/2021 10:11,London Camden,Darlene Hawkins,"Large Hot chocolate - 2.90, Large Iced latte - 2.85, Large Flavoured latte - Vanilla - 2.85",8.6,CASH,
03/09/2021 10:13,London Camden,Richard Roach,"Large Iced latte - 2.85, Regular Iced latte - 2.35, Large Flavoured latte - Vanilla - 2.85",8.05,CARD,6646367064464535
03/09/2021 10:15,London Camden,Catherine Nunamaker,"Regular Flavoured hot chocolate - Vanilla - 2.60, Regular Flavoured latte - Vanilla - 2.55, Large Chai latte - 2.60, Regular Flavoured hot chocolate - Vanilla - 2.60, Regular Speciality Tea - Peppermint - 1.30, Regular Flavoured hot chocolate - Vanilla - 2.60",14.25,CASH,
03/09/2021 10:18,London Camden,Alvin Brink,"Large Flavoured hot chocolate - Vanilla - 2.90, Regular Flavoured latte - Vanilla - 2.55",5.45,CASH,
03/09/2021 10:20,London Camden,Sandra Garcia,"Regular Flavoured hot chocolate - Hazelnut - 2.60, Regular Flavoured hot chocolate - Vanilla - 2.60, Regular Flavoured latte - Vanilla - 2.55, Large Speciality Tea - Peppermint - 1.60, Regular Flavoured hot chocolate - Hazelnut - 2.60",11.95,CARD,4395692314663405
03/09/2021 10:22,London Camden,Earnest Thompson,"Regular Iced latte - 2.35, Regular Iced latte - 2.35, Regular Flavoured hot chocolate - Hazelnut - 2.60",7.3,CARD,7961614537770812
03/09/2021 10:24,London Camden,Michael Watkins,"Regular Iced latte - 2.35, Large Chai latte - 2.60, Regular Flavoured hot chocolate - Vanilla - 2.60",7.55,CARD,7002175748812971
03/09/2021 10:26,London Camden,Irene Black,"Large Luxury hot chocolate - 2.70, Large Flavoured hot chocolate - Vanilla - 2.90, Regular Chai latte - 2.30, Regular Iced latte - 2.35, Large Flavoured latte - Vanilla - 2.85, Large Flavoured latte - Vanilla - 2.85",15.95,CASH,
03/09/2021 10:29,London Camden,Teresa Naz,"Large Flavoured latte - Vanilla - 2.85, Regular Iced latte - 2.35",5.2,CASH,
03/09/2021 10:31,London Camden,Del Upton,"Large Flavoured hot chocolate - Hazelnut - 2.90, Large Flavoured hot chocolate - Hazelnut - 2.90, Large Luxury hot chocolate - 2.70, Regular Chai latte - 2.30, Regular Speciality Tea - Peppermint - 1.30",12.1,CARD,4769784080825731
03/09/2021 10:33,London Camden,Vincent Oneil,"Large Flavoured hot chocolate - Hazelnut - 2.90, Regular Flavoured hot chocolate - Hazelnut - 2.60, Large Speciality Tea - Peppermint - 1.60, Large Iced latte - 2.85",9.95,CARD,4400817439343414
03/09/2021 10:35,London Camden,Renee Wallace,"Regular Luxury hot chocolate - 2.40, Large Luxury hot chocolate - 2.70, Regular Flavoured hot chocolate - Vanilla - 2.60, Large Luxury hot chocolate - 2.70",10.4,CASH,
03/09/2021 10:37,London Camden,Sanjuanita Wolf,"Large Flavoured hot chocolate - Vanilla - 2.90, Regular Speciality Tea - Peppermint - 1.30, Regular Iced latte - 2.35",6.55,CARD,1609456724157037
03/09/2021 10:40,London Camden,Sondra Quinlivan,Large Flavoured hot chocolate - Hazelnut - 2.90,2.9,CARD,6916458506088279
03/09/2021 10:42,London Camden,Bradford Tidwell,"Large Speciality Tea - Peppermint - 1.60, Regular Speciality Tea - Peppermint - 1.30",2.9,CASH,
03/09/2021 10:44,London Camden,Beverly Jackson,Large Flavoured hot chocolate - Vanilla - 2.90,2.9,CARD,7741190972325652
03/09/2021 10:46,London Camden,Norman Martin,"Large Iced latte - 2.85, Large Chai latte - 2.60",5.45,CARD,6527216092928732
03/09/2021 10:49,London Camden,Joseph Wright,"Regular Chai latte - 2.30, Regular Luxury hot chocolate - 2.40, Large Speciality Tea - Peppermint - 1.60",6.3,CASH,
03/09/2021 10:51,London Camden,William Batte,"Regular Hot chocolate - 2.20, Regular Iced latte - 2.35, Regular Speciality Tea - Peppermint - 1.30, Regular Flavoured hot chocolate - Hazelnut - 2.60, Large Speciality Tea - Peppermint - 1.60",10.05,CARD,4101490918617759
03/09/2021 10:53,London Camden,Jason Latson,"Large Flavoured latte - Vanilla - 2.85, Regular Chai latte - 2.30, Regular Flavoured hot chocolate - Vanilla - 2.60, Regular Flavoured hot chocolate - Hazelnut - 2.60",10.35,CARD,1367860251463245
03/09/2021 10:55,London Camden,Steven Morgan,Large Flavoured latte - Vanilla - 2.85,2.85,CARD,5390951580454575
03/09/2021 10:57,London Camden,Gregory Gilmore,"Regular Hot chocolate - 2.20, Regular Flavoured hot chocolate - Vanilla - 2.60, Large Chai latte - 2.60, Regular Flavoured hot chocolate - Hazelnut - 2.60",10.0,CARD,3968987272092059
03/09/2021 11:00,London Camden,Patrick Gould,Large Flavoured hot chocolate - Hazelnut - 2.90,2.9,CARD,6693898165064478
03/09/2021 11:02,London Camden,Mario Johns,Large Flavoured latte - Vanilla - 2.85,2.85,CARD,2523531300065632
03/09/2021 11:05,London Camden,Brenda Hoffmann,"Regular Flavoured hot chocolate - Hazelnut - 2.60, Regular Hot chocolate - 2.20",4.8,CASH,
03/09/2021 11:07,London Camden,Moises Sanches,"Regular Luxury hot chocolate - 2.40, Large Iced latte - 2.85, Large Speciality Tea - Peppermint - 1.60, Regular Hot chocolate - 2.20, Large Speciality Tea - Peppermint - 1.60",10.65,CARD,5509462438687640
03/09/2021 11:10,London Camden,Aaron Fowler,"Large Hot chocolate - 2.90, Large Flavoured latte - Vanilla - 2.85, Regular Hot chocolate - 2.20, Large Luxury hot chocolate - 2.70, Large Hot chocolate - 2.90, Regular Luxury hot chocolate - 2.40",15.95,CARD,7073252460770667
03/09/2021 11:12,London Camden,Sylvia Lease,"Regular Chai latte - 2.30, Regular Hot chocolate - 2.20, Regular Flavoured latte - Vanilla - 2.55",7.05,CARD,5951566592489325
03/09/2021 11:15,London Camden,William Dowling,"Regular Flavoured hot chocolate - Hazelnut - 2.60, Large Iced latte - 2.85",5.45,CASH,
03/09/2021 11:17,London Camden,Gladys Lorenz,Large Speciality Tea - Peppermint - 1.60,1.6,CASH,
03/09/2021 11:20,London Camden,Mark Seto,Large Luxury hot chocolate - 2.70,2.7,CARD,9954382190592927
03/09/2021 11:22,London Camden,Nancy Perez,"Large Speciality Tea - Peppermint - 1.60, Regular Flavoured hot chocolate - Vanilla - 2.60, Large Flavoured hot chocolate - Vanilla - 2.90, Large Flavoured latte - Vanilla - 2.85",9.95,CASH,
03/09/2021 11:25,London Camden,Bambi Jamerson,"Large Hot chocolate - 2.90, Regular Chai latte - 2.30, Large Flavoured hot chocolate - Hazelnut - 2.90, Regular Speciality Tea - Peppermint - 1.30",9.4,CARD,8177583146403966
03/09/2021 11:27,London Camden,Melvin King,"Large Speciality Tea - Peppermint - 1.60, Regular Iced latte - 2.35",3.95,CARD,2034937767039900
03/09/2021 11:30,London Camden,Leroy Veltman,"Large Chai latte - 2.60, Regular Flavoured hot chocolate - Vanilla - 2.60, Large Hot chocolate - 2.90, Large Iced latte - 2.85",10.95,CASH,
03/09/2021 11:32,London Camden,Lucille Williams,"Large Iced latte - 2.85, Large Speciality Tea - Peppermint - 1.60, Large Speciality Tea - Peppermint - 1.60, Regular Hot chocolate - 2.20",8.25,CASH,
03/09/2021 11:35,London Camden,Sarah Ferris,"Regular Flavoured latte - Vanilla - 2.55, Regular Flavoured latte - Vanilla - 2.55, Regular Flavoured latte - Vanilla - 2.55, Regular Flavoured hot chocolate - Hazelnut - 2.60, Large Flavoured hot chocolate - Vanilla - 2.90",13.15,CASH,
03/09/2021 11:37,London Camden,Joy Gentile,"Regular Luxury hot chocolate - 2.40, Regular Chai latte - 2.30, Regular Flavoured hot chocolate - Vanilla - 2.60, Regular Hot chocolate - 2.20",9.5,CARD,5747858655720307
03/09/2021 11:40,London Camden,Richard Turk,"Regular Flavoured hot chocolate - Hazelnut - 2.60, Regular Speciality Tea - Peppermint - 1.30, Regular Flavoured hot chocolate - Hazelnut - 2.60, Regular Flavoured hot chocolate - Vanilla - 2.60, Regular Hot chocolate - 2.20",11.3,CASH,
03/09/2021 11:42,London Camden,Shirely Meyer,"Regular Luxury hot chocolate - 2.40, Regular Flavoured hot chocolate - Vanilla - 2.60",5.0,CASH,
03/09/2021 11:45,London Camden,Hugh Williams,"Large Flavoured latte - Vanilla - 2.85, Large Iced latte - 2.85, Large Luxury hot chocolate - 2.70, Regular Flavoured hot chocolate - Vanilla - 2.60",11.0,CARD,1934682315904242
03/09/2021 11:47,London Camden,Susan Arnold,Large Luxury hot chocolate - 2.70,2.7,CARD,2487006399591070
03/09/2021 11:50,London Camden,James Dubois,"Large Chai latte - 2.60, Regular Luxury hot chocolate - 2.40",5.0,CARD,7600981689715914
03/09/2021 11:52,London Camden,Pedro Branch,"Large Iced latte - 2.85, Large Iced latte - 2.85, Large Flavoured hot chocolate - Vanilla - 2.90, Regular Flavoured latte - Vanilla - 2.55, Regular Flavoured hot chocolate - Vanilla - 2.60, Regular Flavoured hot chocolate - Hazelnut - 2.60",16.35,CARD,6652715818255876
03/09/2021 11:55,London Camden,Rodney Larkin,"Regular Luxury hot chocolate - 2.40, Regular Iced latte - 2.35, Large Flavoured latte - Vanilla - 2.85",7.6,CARD,5640839191651020
03/09/2021 11:57,London Camden,Philip Peterson,"Large Speciality Tea - Peppermint - 1.60, Large Luxury hot chocolate - 2.70",4.3,CARD,2708300017728681
03/09/2021 12:00,London Camden,Laura Nguyen,Regular Chai latte - 2.30,2.3,CARD,2295357768103903
03/09/2021 12:02,London Camden,Tomasa Helm,Regular Flavoured hot chocolate - Hazelnut - 2.60,2.6,CARD,6786059746524857
03/09/2021 12:03,London Camden,Bonnie Vorpahl,"Large Flavoured hot chocolate - Vanilla - 2.90, Large Flavoured hot chocolate - Vanilla - 2.90, Large Speciality Tea - Peppermint - 1.60, Regular Flavoured hot chocolate - Vanilla - 2.60",10.0,CARD,6187996015148099
03/09/2021 12:05,London Camden,Anne Eyler,"Large Speciality Tea - Peppermint - 1.60, Large Speciality Tea - Peppermint - 1.60",3.2,CARD,8880767339509688
03/09/2021 12:07,London Camden,Mark Hudson,"Regular Chai latte - 2.30, Regular Chai latte - 2.30, Regular Iced latte - 2.35, Large Flavoured latte - Vanilla - 2.85, Large Flavoured hot chocolate - Hazelnut - 2.90",12.7,CASH,
03/09/2021 12:09,London Camden,Rhonda Garcia,"Large Flavoured hot chocolate - Vanilla - 2.90, Large Luxury hot chocolate - 2.70",5.6,CARD,7723532750014782
03/09/2021 12:11,London Camden,Iris Lee,"Regular Hot chocolate - 2.20, Large Chai latte - 2.60, Large Flavoured latte - Vanilla - 2.85, Large Flavoured hot chocolate - Hazelnut - 2.90",10.55,CARD,6287356961331051
03/09/2021 12:13,London Camden,Florence Cherry,"Regular Chai latte - 2.30, Regular Speciality Tea - Peppermint - 1.30, Regular Flavoured latte - Vanilla - 2.55, Large Flavoured latte - Vanilla - 2.85",9.0,CASH,
03/09/2021 12:15,London Camden,Parker Eliason,"Large Luxury hot chocolate - 2.70, Regular Flavoured hot chocolate - Vanilla - 2.60, Regular Chai latte - 2.30",7.6,CASH,
03/09/2021 12:17,London Camden,Virginia Brouillette,"Regular Iced latte - 2.35, Regular Flavoured latte - Vanilla - 2.55",4.9,CARD,5678990532339270
03/09/2021 12:19,London Camden,Lesley Bumgarner,"Regular Speciality Tea - Peppermint - 1.30, Regular Flavoured hot chocolate - Vanilla - 2.60, Regular Iced latte - 2.35, Regular Iced latte - 2.35",8.6,CARD,4365829783622166
03/09/2021 12:21,London Camden,Linda Veve,"Regular Luxury hot chocolate - 2.40, Regular Flavoured hot chocolate - Vanilla - 2.60",5.0,CARD,2932363794368259
03/09/2021 12:23,London Camden,Brandon Hayes,Large Flavoured latte - Vanilla - 2.85,2.85,CARD,7888484870500658
03/09/2021 12:25,London Camden,Andrew Arnold,"Regular Hot chocolate - 2.20, Large Hot chocolate - 2.90, Large Chai latte - 2.60",7.7,CARD,8942195929748896
03/09/2021 12:27,London Camden,Megan Ware,Regular Hot chocolate - 2.20,2.2,CASH,
03/09/2021 12:29,London Camden,Laurence Roberts,Regular Hot chocolate - 2.20,2.2,CARD,7964390217477754
03/09/2021 12:31,London Camden,David Phillips,"Regular Iced latte - 2.35, Regular Chai latte - 2.30",4.65,CARD,8055356121420732
03/09/2021 12:32,London Camden,Edward Carter,"Regular Flavoured hot chocolate - Hazelnut - 2.60, Large Speciality Tea - Peppermint - 1.60, Large Luxury hot chocolate - 2.70, Regular Iced latte - 2.35",9.25,CARD,8350866590462810
03/09/2021 12:34,London Camden,Jessica Otter,"Regular Flavoured hot chocolate - Vanilla - 2.60, Regular Luxury hot chocolate - 2.40, Regular Flavoured hot chocolate - Hazelnut - 2.60",7.6,CASH,
03/09/2021 12:36,London Camden,Gilbert Carter,"Regular Speciality Tea - Peppermint - 1.30, Regular Speciality Tea - Peppermint - 1.30, Regular Luxury hot chocolate - 2.40, Large Hot chocolate - 2.90, Regular Speciality Tea - Peppermint - 1.30",9.2,CARD,4983224126464730
03/09/2021 12:38,London Camden,Sandra Whiting,Large Chai latte - 2.60,2.6,CARD,8234201622379924
03/09/2021 12:40,London Camden,Jordan Hardesty,"Regular Hot chocolate - 2.20, Large Speciality Tea - Peppermint - 1.60, Regular Speciality Tea - Peppermint - 1.30, Large Flavoured hot chocolate - Vanilla - 2.90",8.0,CARD,3704867166325733
03/09/2021 12:42,London Camden,Kenneth Horne,"Large Chai latte - 2.60, Regular Chai latte - 2.30, Large Iced latte - 2.85, Regular Speciality Tea - Peppermint - 1.30",9.05,CARD,2289929652916438
03/09/2021 12:44,London Camden,Sharon Havens,Large Speciality Tea - Peppermint - 1.60,1.6,CASH,
03/09/2021 12:46,London Camden,John Gage,"Large Hot chocolate - 2.90, Regular Speciality Tea - Peppermint - 1.30",4.2,CASH,
03/09/2021 12:48,London Camden,Mary Hooper,"Regular Speciality Tea - Peppermint - 1.30, Large Flavoured hot chocolate - Vanilla - 2.90, Large Iced latte - 2.85",7.05,CARD,9002846390701796
03/09/2021 12:50,London Camden,Valerie Norrington,"Large Flavoured hot chocolate - Vanilla - 2.90, Regular Iced latte - 2.35, Regular Iced latte - 2.35, Large Speciality Tea - Peppermint - 1.60, Large Flavoured hot chocolate - Vanilla - 2.90, Regular Hot chocolate - 2.20",14.3,CASH,
03/09/2021 12:52,London Camden,Esmeralda Mills,"Regular Chai latte - 2.30, Regular Hot chocolate - 2.20, Regular Flavoured hot chocolate - Vanilla - 2.60, Regular Iced latte - 2.35, Regular Flavoured hot chocolate - Vanilla - 2.60",12.05,CASH,
03/09/2021 12:54,London Camden,Karla Gutierrez,"Regular Luxury hot chocolate - 2.40, Regular Hot chocolate - 2.20, Large Iced latte - 2.85",7.45,CARD,7453817938571571
03/09/2021 12:56,London Camden,Hans Johnson,"Large Flavoured hot chocolate - Vanilla - 2.90, Large Flavoured latte - Vanilla - 2.85, Large Flavoured latte - Vanilla - 2.85",8.6,CARD,1881726662881601
03/09/2021 12:58,London Camden,Pamela Matava,"Regular Flavoured latte - Vanilla - 2.55, Regular Flavoured hot chocolate - Vanilla - 2.60",5.15,CARD,8836150566340363
03/09/2021 13:00,London Camden,Larry Ramirez,Regular Flavoured hot chocolate - Vanilla - 2.60,2.6,CARD,2876761942256881
03/09/2021 13:00,London Camden,George Tucker,"Large Hot chocolate - 2.90, Regular Speciality Tea - Peppermint - 1.30",4.2,CARD,7200141791378039
03/09/2021 13:01,London Camden,Kerri Eason,Large Speciality Tea - Peppermint - 1.60,1.6,CARD,5578677650913953
03/09/2021 13:02,London Camden,Kathleen White,"Regular Speciality Tea - Peppermint - 1.30, Large Flavoured hot chocolate - Vanilla - 2.90, Regular Hot chocolate - 2.20",6.4,CARD,9354272836962269
03/09/2021 13:03,London Camden,William Trainor,Large Luxury hot chocolate - 2.70,2.7,CASH,
03/09/2021 13:04,London Camden,Marta Matthai,"Regular Hot chocolate - 2.20, Large Speciality Tea - Peppermint - 1.60, Regular Speciality Tea - Peppermint - 1.30",5.1,CARD,4070988689438831
03/09/2021 13:05,London Camden,David Driscoll,Regular Speciality Tea - Peppermint - 1.30,1.3,CASH,
03/09/2021 13:06,London Camden,Latoya Barnum,"Regular Speciality Tea - Peppermint - 1.30, Large Flavoured latte - Vanilla - 2.85, Large Flavoured hot chocolate - Vanilla - 2.90, Large Flavoured latte - Vanilla - 2.85",9.9,CARD,8756353346296195
03/09/2021 13:07,London Camden,Alex Duncan,"Regular Chai latte - 2.30, Large Flavoured latte - Vanilla - 2.85, Regular Speciality Tea - Peppermint - 1.30",6.45,CARD,9843405179220251
03/09/2021 13:08,London Camden,Jennifer Brooks,"Large Chai latte - 2.60, Large Flavoured latte - Vanilla - 2.85",5.45,CASH,
03/09/2021 13:08,London Camden,Henry May,"Large Iced latte - 2.85, Regular Flavoured hot chocolate - Hazelnut - 2.60, Regular Flavoured hot chocolate - Hazelnut - 2.60, Regular Flavoured hot chocolate - Vanilla - 2.60, Regular Chai latte - 2.30",12.95,CARD,2409160833433426
03/09/2021 13:09,London Camden,Andrea Kato,Regular Flavoured latte - Vanilla - 2.55,2.55,CASH,
03/09/2021 13:10,London Camden,Andrew Betz,"Regular Flavoured hot chocolate - Hazelnut - 2.60, Regular Flavoured latte - Vanilla - 2.55",5.15,CARD,3339199340640699
03/09/2021 13:11,London Camden,Albert Davis,Regular Hot chocolate - 2.20,2.2,CASH,
03/09/2021 13:12,London Camden,Donald Boardman,"Regular Speciality Tea - Peppermint - 1.30, Regular Flavoured latte - Vanilla - 2.55, Large Flavoured hot chocolate - Vanilla - 2.90, Regular Flavoured hot chocolate - Hazelnut - 2.60",9.35,CASH,
03/09/2021 13:13,London Camden,Dean Steiger,"Large Chai latte - 2.60, Large Chai latte - 2.60, Regular Chai latte - 2.30",7.5,CARD,7309817509599889
03/09/2021 13:14,London Camden,Sharon Guernsey,"Regular Flavoured latte - Vanilla - 2.55, Regular Speciality Tea - Peppermint - 1.30, Regular Speciality Tea - Peppermint - 1.30, Regular Chai latte - 2.30",7.45,CARD,7056190596429586
03/09/2021 13:15,London Camden,Rigoberto Knight,"Large Flavoured latte - Vanilla - 2.85, Large Iced latte - 2.85, Large Flavoured hot chocolate - Vanilla - 2.90, Large Hot chocolate - 2.90",11.5,CARD,1896521670769994
03/09/2021 13:15,London Camden,Sylvia Lewis,"Regular Flavoured latte - Vanilla - 2.55, Large Chai latte - 2.60",5.15,CARD,2474829655029262
03/09/2021 13:16,London Camden,Donald Davin,"Regular Luxury hot chocolate - 2.40, Large Speciality Tea - Peppermint - 1.60",4.0,CARD,2686890286861996
03/09/2021 13:17,London Camden,Tina Ratcliff,"Large Flavoured hot chocolate - Vanilla - 2.90, Regular Flavoured hot chocolate - Hazelnut - 2.60, Regular Flavoured latte - Vanilla - 2.55",8.05,CASH,
03/09/2021 13:18,London Camden,Samuel Vanvliet,"Large Luxury hot chocolate - 2.70, Large Hot chocolate - 2.90, Large Flavoured latte - Vanilla - 2.85, Regular Flavoured hot chocolate - Vanilla - 2.60, Large Luxury hot chocolate - 2.70",13.75,CARD,7193868544324799
03/09/2021 13:19,London Camden,Ward Roussel,"Large Flavoured hot chocolate - Vanilla - 2.90, Regular Hot chocolate - 2.20",5.1,CARD,1252051624748962
03/09/2021 13:20,London Camden,John Bekins,"Large Flavoured latte - Vanilla - 2.85, Large Chai latte - 2.60, Large Iced latte - 2.85, Regular Speciality Tea - Peppermint - 1.30, Large Hot chocolate - 2.90, Large Flavoured hot chocolate - Hazelnut - 2.90",15.4,CARD,8621506917723980
03/09/2021 13:21,London Camden,Essie Harpster,"Regular Flavoured latte - Vanilla - 2.55, Large Flavoured hot chocolate - Vanilla - 2.90, Regular Hot chocolate - 2.20",7.65,CARD,2571141079537722
03/09/2021 13:22,London Camden,Lisa Jones,Regular Hot chocolate - 2.20,2.2,CASH,
03/09/2021 13:23,London Camden,Rebecca Harrison,"Large Hot chocolate - 2.90, Regular Speciality Tea - Peppermint - 1.30, Regular Chai latte - 2.30",6.5,CARD,9811538114429567
03/09/2021 13:23,London Camden,Debora Heinandez,"Regular Flavoured hot chocolate - Hazelnut - 2.60, Large Hot chocolate - 2.90",5.5,CARD,4434281284484517
03/09/2021 13:24,London Camden,Florence Love,"Large Hot chocolate - 2.90, Regular Luxury hot chocolate - 2.40",5.3,CARD,2300498526240151
03/09/2021 13:25,London Camden,Joyce Sol,"Regular Flavoured hot chocolate - Vanilla - 2.60, Large Hot chocolate - 2.90",5.5,CARD,6736253516204065
03/09/2021 13:26,London Camden,Linda Robinson,"Regular Flavoured hot chocolate - Vanilla - 2.60, Regular Luxury hot chocolate - 2.40",5.0,CARD,6466727229356949
03/09/2021 13:27,London Camden,Jules Hughes,Large Flavoured hot chocolate - Vanilla - 2.90,2.9,CARD,3543817060380318
03/09/2021 13:28,London Camden,Marian Anderson,Large Chai latte - 2.60,2.6,CARD,6062670682535186
03/09/2021 13:29,London Camden,James Watson,"Large Flavoured hot chocolate - Hazelnut - 2.90, Regular Flavoured latte - Vanilla - 2.55, Large Iced latte - 2.85",8.3,CARD,6249857014520337
03/09/2021 13:30,London Camden,Theresa Martinez,"Regular Flavoured hot chocolate - Vanilla - 2.60, Regular Chai latte - 2.30, Large Flavoured latte - Vanilla - 2.85, Large Speciality Tea - Peppermint - 1.60, Regular Flavoured hot chocolate - Vanilla - 2.60",11.95,CARD,5029991573102098
03/09/2021 13:30,London Camden,Rebecca Marsh,Large Flavoured hot chocolate - Vanilla - 2.90,2.9,CARD,3701405228333312
03/09/2021 13:31,London Camden,Robert Noble,"Large Flavoured hot chocolate - Hazelnut - 2.90, Regular Hot chocolate - 2.20",5.1,CASH,
03/09/2021 13:32,London Camden,Arthur Sargent,"Large Chai latte - 2.60, Regular Flavoured hot chocolate - Vanilla - 2.60, Regular Flavoured hot chocolate - Hazelnut - 2.60",7.8,CARD,8599213664818484
03/09/2021 13:33,London Camden,James Smith,"Large Flavoured hot chocolate - Vanilla - 2.90, Large Flavoured hot chocolate - Vanilla - 2.90, Large Flavoured hot chocolate - Hazelnut - 2.90, Large Luxury hot chocolate - 2.70",11.4,CARD,2111635334095283
03/09/2021 13:34,London Camden,Leslie Peters,"Large Chai latte - 2.60, Large Flavoured hot chocolate - Vanilla - 2.90",5.5,CARD,5294431705482698
03/09/2021 13:35,London Camden,Jason Kutscher,"Regular Speciality Tea - Peppermint - 1.30, Regular Flavoured hot chocolate - Vanilla - 2.60, Large Speciality Tea - Peppermint - 1.60, Regular Iced latte - 2.35, Large Flavoured hot chocolate - Vanilla - 2.90, Large Flavoured hot chocolate - Vanilla - 2.90",13.65,CARD,8244813886940452
03/09/2021 13:36,London Camden,Delores Patterson,"Regular Luxury hot chocolate - 2.40, Regular Flavoured hot chocolate - Hazelnut - 2.60, Regular Iced latte - 2.35, Large Hot chocolate - 2.90, Large Speciality Tea - Peppermint - 1.60",11.85,CARD,7392364734482730
03/09/2021 13:37,London Camden,Brenda Sullivan,"Large Speciality Tea - Peppermint - 1.60, Regular Hot chocolate - 2.20, Regular Iced latte - 2.35, Regular Iced latte - 2.35",8.5,CARD,2019371214003035
03/09/2021 13:38,London Camden,Steve Prather,"Regular Chai latte - 2.30, Large Hot chocolate - 2.90, Regular Flavoured hot chocolate - Vanilla - 2.60, Regular Flavoured latte - Vanilla - 2.55",10.35,CASH,
03/09/2021 13:38,London Camden,Lewis Miranda,"Large Flavoured latte - Vanilla - 2.85, Large Hot chocolate - 2.90, Regular Chai latte - 2.30, Regular Flavoured latte - Vanilla - 2.55",10.6,CARD,9209198699364429
03/09/2021 13:39,London Camden,Clarence Mccain,"Regular Iced latte - 2.35, Regular Speciality Tea - Peppermint - 1.30, Large Iced latte - 2.85, Large Iced latte - 2.85, Regular Flavoured latte - Vanilla - 2.55, Large Flavoured hot chocolate - Hazelnut - 2.90",14.8,CARD,5049072716492433
03/09/2021 13:40,London Camden,Raymond Payton,"Regular Luxury hot chocolate - 2.40, Regular Speciality Tea - Peppermint - 1.30, Large Iced latte - 2.85, Large Speciality Tea - Peppermint - 1.60",8.15,CARD,9510227691111505
03/09/2021 13:41,London Camden,Dolores Pittman,Regular Iced latte - 2.35,2.35,CASH,
03/09/2021 13:42,London Camden,Angela Brei,Large Flavoured latte - Vanilla - 2.85,2.85,CARD,3796538935476476
03/09/2021 13:43,London Camden,Valencia Ray,"Regular Speciality Tea - Peppermint - 1.30, Large Flavoured hot chocolate - Vanilla - 2.90, Regular Flavoured hot chocolate - Vanilla - 2.60",6.8,CARD,4224513156811720
03/09/2021 13:44,London Camden,Kristen May,"Regular Luxury hot chocolate - 2.40, Regular Flavoured latte - Vanilla - 2.55, Regular Chai latte - 2.30, Large Speciality Tea - Peppermint - 1.60, Regular Iced latte - 2.35",11.2,CASH,
03/09/2021 13:45,London Camden,Ernest Uribe,Large Flavoured latte - Vanilla - 2.85,2.85,CARD,9818721268678359
03/09/2021 13:45,London Camden,Michael Brennan,"Regular Flavoured hot chocolate - Vanilla - 2.60, Large Flavoured hot chocolate - Hazelnut - 2.90, Large Chai latte - 2.60",8.1,CARD,8718957058756145
03/09/2021 13:46,London Camden,Lynn Wright,"Large Flavoured latte - Vanilla - 2.85, Regular Flavoured hot chocolate - Vanilla - 2.60",5.45,CARD,8226150360193783
03/09/2021 13:47,London Camden,Aurelia Carter,Regular Flavoured hot chocolate - Vanilla - 2.60,2.6,CASH,
03/09/2021 13:48,London Camden,Essie Hernandez,"Large Luxury hot chocolate - 2.70, Large Hot chocolate - 2.90, Large Chai latte - 2.60",8.2,CARD,6942071759983782
03/09/2021 13:49,London Camden,Sarah Washington,"Regular Speciality Tea - Peppermint - 1.30, Large Flavoured hot chocolate - Hazelnut - 2.90",4.2,CARD,1883537138874962
03/09/2021 13:50,London Camden,Santos Griffis,Large Flavoured hot chocolate - Hazelnut - 2.90,2.9,CASH,
03/09/2021 13:51,London Camden,Mae Flack,"Regular Hot chocolate - 2.20, Large Hot chocolate - 2.90, Large Flavoured latte - Vanilla - 2.85",7.95,CASH,
03/09/2021 13:52,London Camden,Marion Forbis,"Large Hot chocolate - 2.90, Regular Iced latte - 2.35, Regular Speciality Tea - Peppermint - 1.30, Large Speciality Tea - Peppermint - 1.60, Large Luxury hot chocolate - 2.70",10.85,CASH,
03/09/2021 13:53,London Camden,Lynette Paul,"Large Flavoured hot chocolate - Hazelnut - 2.90, Regular Flavoured hot chocolate - Hazelnut - 2.60, Regular Hot chocolate - 2.20",7.7,CARD,3397215077567792
03/09/2021 13:53,London Camden,Rita Dinapoli,Large Hot chocolate - 2.90,2.9,CASH,
03/09/2021 13:54,London Camden,Jason Beck,"Regular Flavoured hot chocolate - Vanilla - 2.60, Regular Flavoured hot chocolate - Hazelnut - 2.60, Large Chai latte - 2.60",7.8,CARD,8335487399723670
03/09/2021 13:55,London Camden,Carol Faber,"Large Iced latte - 2.85, Large Iced latte - 2.85, Large Hot chocolate - 2.90, Large Speciality Tea - Peppermint - 1.60",10.2,CARD,9579606821596214
03/09/2021 13:56,London Camden,Tashia Landers,"Large Speciality Tea - Peppermint - 1.60, Regular Flavoured latte - Vanilla - 2.55",4.15,CASH,
03/09/2021 13:57,London Camden,Veronica Green,"Regular Speciality Tea - Peppermint - 1.30, Large Hot chocolate - 2.90, Regular Luxury hot chocolate - 2.40, Large Luxury hot chocolate - 2.70",9.3,CASH,
03/09/2021 13:58,London Camden,Nancy Edwards,"Regular Flavoured hot chocolate - Vanilla - 2.60, Regular Flavoured latte - Vanilla - 2.55, Regular Speciality Tea - Peppermint - 1.30",6.45,CARD,9248173239287249
03/09/2021 13:59,London Camden,Meridith Miles,"Regular Flavoured hot chocolate - Hazelnut - 2.60, Large Iced latte - 2.85, Large Speciality Tea - Peppermint - 1.60, Regular Hot chocolate - 2.20, Large Flavoured hot chocolate - Vanilla - 2.90, Regular Speciality Tea - Peppermint - 1.30",13.45,CARD,1368309075568778
03/09/2021 14:00,London Camden,Patricia Garcia,Large Flavoured hot chocolate - Vanilla - 2.90,2.9,CARD,7109820172454019
03/09/2021 14:00,London Camden,Helen Christensen,"Large Chai latte - 2.60, Large Speciality Tea - Peppermint - 1.60",4.2,CARD,1302019900424333
03/09/2021 14:01,London Camden,Clay Templeton,Large Speciality Tea - Peppermint - 1.60,1.6,CASH,
03/09/2021 14:02,London Camden,Sue Upton,"Large Speciality Tea - Peppermint - 1.60, Regular Flavoured hot chocolate - Hazelnut - 2.60, Large Hot chocolate - 2.90",7.1,CASH,
03/09/2021 14:03,London Camden,Theodore Mitchell,"Large Flavoured hot chocolate - Hazelnut - 2.90, Regular Luxury hot chocolate - 2.40, Regular Flavoured hot chocolate - Vanilla - 2.60, Regular Flavoured hot chocolate - Vanilla - 2.60, Regular Iced latte - 2.35",12.85,CARD,4068113377940974
03/09/2021 14:04,London Camden,Jason Calhoun,"Large Hot chocolate - 2.90, Large Luxury hot chocolate - 2.70, Large Speciality Tea - Peppermint - 1.60, Regular Speciality Tea - Peppermint - 1.30",8.5,CASH,
03/09/2021 14:05,London Camden,John Lyons,Large Chai latte - 2.60,2.6,CARD,4400098976878947
03/09/2021 14:06,London Camden,Arnold Blanco,Regular Luxury hot chocolate - 2.40,2.4,CARD,7572927428113085
03/09/2021 14:07,London Camden,Coy Saunders,Large Flavoured latte - Vanilla - 2.85,2.85,CARD,8762974781360120
03/09/2021 14:07,London Camden,Geraldo Harris,Regular Flavoured hot chocolate - Vanilla - 2.60,2.6,CARD,7697116357062283
03/09/2021 14:08,London Camden,Guadalupe Samuel,"Large Flavoured hot chocolate - Hazelnut - 2.90, Large Flavoured latte - Vanilla - 2.85, Large Hot chocolate - 2.90, Large Flavoured latte - Vanilla - 2.85, Large Flavoured latte - Vanilla - 2.85",14.35,CASH,
03/09/2021 14:09,London Camden,Ellen Marsh,"Large Speciality Tea - Peppermint - 1.60, Regular Speciality Tea - Peppermint - 1.30, Large Flavoured hot chocolate - Vanilla - 2.90, Regular Iced latte - 2.35",8.15,CARD,8736325236800926
03/09/2021 14:10,London Camden,Jeremy Muse,"Regular Flavoured hot chocolate - Vanilla - 2.60, Large Flavoured hot chocolate - Hazelnut - 2.90",5.5,CASH,
03/09/2021 14:11,London Camden,Randall Harrington,"Large Chai latte - 2.60, Large Iced latte - 2.85",5.45,CARD,9577648970136259
03/09/2021 14:12,London Camden,Arthur Price,Regular Flavoured latte - Vanilla - 2.55,2.55,CASH,
03/09/2021 14:13,London Camden,Todd Watson,"Large Flavoured latte - Vanilla - 2.85, Regular Flavoured latte - Vanilla - 2.55",5.4,CARD,1684617352844699
03/09/2021 14:13,London Camden,Lucille Owen,"Regular Flavoured hot chocolate - Hazelnut - 2.60, Regular Flavoured hot chocolate - Hazelnut - 2.60, Regular Flavoured hot chocolate - Vanilla - 2.60",7.8,CARD,4811759940006349
03/09/2021 14:14,London Camden,Clarence Moore,"Large Speciality Tea - Peppermint - 1.60, Large Flavoured hot chocolate - Vanilla - 2.90, Large Flavoured hot chocolate - Hazelnut - 2.90",7.4,CASH,
03/09/2021 14:15,London Camden,Marilyn Taylor,"Large Luxury hot chocolate - 2.70, Regular Speciality Tea - Peppermint - 1.30, Regular Speciality Tea - Peppermint - 1.30",5.3,CARD,3508853480236932
03/09/2021 14:16,London Camden,Holly Hardy,"Large Flavoured hot chocolate - Hazelnut - 2.90, Large Iced latte - 2.85, Large Flavoured latte - Vanilla - 2.85, Large Flavoured latte - Vanilla - 2.85",11.45,CARD,8976510803130597
03/09/2021 14:17,London Camden,Regina Cain,"Regular Luxury hot chocolate - 2.40, Regular Hot chocolate - 2.20, Regular Iced latte - 2.35",6.95,CASH,
03/09/2021 14:18,London Camden,Timothy Wilson,"Regular Flavoured hot chocolate - Hazelnut - 2.60, Large Flavoured latte - Vanilla - 2.85",5.45,CARD,8489102520942256
03/09/2021 14:19,London Camden,Gene Oliver,"Large Hot chocolate - 2.90, Regular Flavoured hot chocolate - Hazelnut - 2.60, Large Flavoured hot chocolate - Vanilla - 2.90, Large Iced latte - 2.85",11.25,CASH,
03/09/2021 14:20,London Camden,Debra Glass,"Regular Flavoured hot chocolate - Hazelnut - 2.60, Large Speciality Tea - Peppermint - 1.60, Regular Luxury hot chocolate - 2.40, Large Speciality Tea - Peppermint - 1.60",8.2,CASH,
03/09/2021 14:20,London Camden,Roosevelt Vazquez,"Large Iced latte - 2.85, Regular Iced latte - 2.35, Large Flavoured hot chocolate - Vanilla - 2.90, Regular Flavoured hot chocolate - Vanilla - 2.60",10.7,CASH,
03/09/2021 14:21,London Camden,Daniel Pierce,"Regular Hot chocolate - 2.20, Large Luxury hot chocolate - 2.70, Regular Iced latte - 2.35",7.25,CARD,9741683535965876
03/09/2021 14:22,London Camden,Maria Shaw,"Large Flavoured latte - Vanilla - 2.85, Regular Luxury hot chocolate - 2.40",5.25,CASH,
03/09/2021 14:23,London Camden,Christine Hutchison,"Regular Flavoured hot chocolate - Hazelnut - 2.60, Large Flavoured hot chocolate - Hazelnut - 2.90, Large Iced latte - 2.85",8.35,CASH,
03/09/2021 14:24,London Camden,Cynthia Schleicher,"Regular Flavoured hot chocolate - Hazelnut - 2.60, Large Iced latte - 2.85, Large Flavoured hot chocolate - Vanilla - 2.90, Regular Iced latte - 2.35, Regular Speciality Tea - Peppermint - 1.30",12.0,CARD,7439189768988521
03/09/2021 14:25,London Camden,Pamela Underwood,"Large Iced latte - 2.85, Large Flavoured hot chocolate - Hazelnut - 2.90, Large Flavoured latte - Vanilla - 2.85",8.6,CARD,6094300313696172
03/09/2021 14:26,London Camden,Bella Bautista,Large Speciality Tea - Peppermint - 1.60,1.6,CARD,3034274850603791
03/09/2021 14:26,London Camden,Roland Hodgkiss,"Regular Iced latte - 2.35, Large Hot chocolate - 2.90",5.25,CASH,
03/09/2021 14:27,London Camden,Claire Freeman,Regular Flavoured hot chocolate - Hazelnut - 2.60,2.6,CASH,
03/09/2021 14:28,London Camden,Jennifer Stellman,Regular Flavoured hot chocolate - Hazelnut - 2.60,2.6,CASH,
03/09/2021 14:29,London Camden,William Willis,"Large Chai latte - 2.60, Large Flavoured hot chocolate - Vanilla - 2.90",5.5,CASH,
03/09/2021 14:30,London Camden,Antonio Jones,Regular Flavoured hot chocolate - Hazelnut - 2.60,2.6,CASH,
03/09/2021 14:31,London Camden,Marian Roldan,"Regular Flavoured latte - Vanilla - 2.55, Regular Flavoured latte - Vanilla - 2.55",5.1,CASH,
03/09/2021 14:32,London Camden,Thomas Berrian,"Large Flavoured latte - Vanilla - 2.85, Regular Chai latte - 2.30, Regular Speciality Tea - Peppermint - 1.30, Regular Chai latte - 2.30, Large Speciality Tea - Peppermint - 1.60",10.35,CARD,5277964162656563
03/09/2021 14:33,London Camden,Sean Henry,"Regular Flavoured hot chocolate - Hazelnut - 2.60, Regular Hot chocolate - 2.20, Regular Speciality Tea - Peppermint - 1.30, Large Flavoured hot chocolate - Vanilla - 2.90, Regular Chai latte - 2.30",11.3,CARD,9126285220595093
03/09/2021 14:33,London Camden,Henry Hilker,"Regular Flavoured hot chocolate - Hazelnut - 2.60, Regular Flavoured hot chocolate - Vanilla - 2.60, Large Speciality Tea - Peppermint - 1.60, Large Flavoured latte - Vanilla - 2.85",9.65,CARD,5428828868200782
03/09/2021 14:34,London Camden,Robert Greene,"Regular Hot chocolate - 2.20, Large Iced latte - 2.85, Large Luxury hot chocolate - 2.70, Large Chai latte - 2.60, Regular Hot chocolate - 2.20, Regular Speciality Tea - Peppermint - 1.30",13.85,CASH,
03/09/2021 14:35,London Camden,Pauline Moore,"Regular Flavoured hot chocolate - Vanilla - 2.60, Regular Flavoured latte - Vanilla - 2.55, Regular Chai latte - 2.30, Large Iced latte - 2.85",10.3,CARD,1540472828088726
03/09/2021 14:36,London Camden,Troy Williams,"Regular Speciality Tea - Peppermint - 1.30, Large Flavoured hot chocolate - Hazelnut - 2.90, Regular Luxury hot chocolate - 2.40, Regular Flavoured hot chocolate - Vanilla - 2.60, Large Luxury hot chocolate - 2.70",11.9,CARD,2099573072844195
03/09/2021 14:37,London Camden,Latrice Adams,"Large Chai latte - 2.60, Large Speciality Tea - Peppermint - 1.60, Large Flavoured hot chocolate - Hazelnut - 2.90",7.1,CARD,3611765586680010
03/09/2021 14:38,London Camden,Jeffrey Kelley,Large Speciality Tea - Peppermint - 1.60,1.6,CARD,2381936186584386
03/09/2021 14:39,London Camden,Nannette Mcphearson,"Regular Flavoured hot chocolate - Hazelnut - 2.60, Large Flavoured latte - Vanilla - 2.85, Regular Speciality Tea - Peppermint - 1.30, Large Chai latte - 2.60, Large Hot chocolate - 2.90, Large Luxury hot chocolate - 2.70",14.95,CARD,5155936555190532
03/09/2021 14:39,London Camden,Michael Dexter,"Regular Flavoured hot chocolate - Hazelnut - 2.60, Large Flavoured latte - Vanilla - 2.85, Regular Luxury hot chocolate - 2.40, Large Luxury hot chocolate - 2.70",10.55,CARD,8405660381362915
03/09/2021 14:40,London Camden,Gerald Brown,"Large Luxury hot chocolate - 2.70, Large Flavoured latte - Vanilla - 2.85",5.55,CARD,6647116925496198
03/09/2021 14:41,London Camden,John Cohen,"Large Flavoured hot chocolate - Vanilla - 2.90, Regular Speciality Tea - Peppermint - 1.30",4.2,CASH,
03/09/2021 14:42,London Camden,Alexander Headley,"Regular Flavoured hot chocolate - Hazelnut - 2.60, Large Luxury hot chocolate - 2.70, Regular Hot chocolate - 2.20, Regular Flavoured hot chocolate - Vanilla - 2.60, Regular Chai latte - 2.30, Regular Flavoured hot chocolate - Vanilla - 2.60",15.0,CARD,8903769906995892
03/09/2021 14:43,London Camden,Paul Crews,"Regular Luxury hot chocolate - 2.40, Large Iced latte - 2.85, Large Iced latte - 2.85, Large Flavoured hot chocolate - Vanilla - 2.90",11.0,CARD,7812003181958504
03/09/2021 14:44,London Camden,Marlon Smayda,"Regular Flavoured hot chocolate - Hazelnut - 2.60, Large Chai latte - 2.60, Large Luxury hot chocolate - 2.70",7.9,CASH,
03/09/2021 14:45,London Camden,Reynaldo Shafer,"Large Luxury hot chocolate - 2.70, Regular Hot chocolate - 2.20, Large Flavoured hot chocolate - Vanilla - 2.90",7.8,CARD,1176275689889658
03/09/2021 14:46,London Camden,Sidney Correra,"Large Flavoured latte - Vanilla - 2.85, Regular Hot chocolate - 2.20, Large Flavoured hot chocolate - Vanilla - 2.90, Large Flavoured latte - Vanilla - 2.85, Regular Luxury hot chocolate - 2.40",13.2,CARD,9688162283978681
03/09/2021 14:46,London Camden,Ryan Hewitt,"Regular Flavoured latte - Vanilla - 2.55, Large Luxury hot chocolate - 2.70",5.25,CASH,
03/09/2021 14:47,London Camden,James Day,"Large Flavoured hot chocolate - Vanilla - 2.90, Regular Flavoured latte - Vanilla - 2.55, Regular Chai latte - 2.30, Regular Flavoured hot chocolate - Hazelnut - 2.60",10.35,CARD,1722015020160806
03/09/2021 14:48,London Camden,Lin Garcia,"Large Chai latte - 2.60, Regular Speciality Tea - Peppermint - 1.30",3.9,CASH,
03/09/2021 14:49,London Camden,Esther Gardner,"Large Luxury hot chocolate - 2.70, Regular Flavoured hot chocolate - Vanilla - 2.60, Regular Luxury hot chocolate - 2.40, Large Iced latte - 2.85, Regular Speciality Tea - Peppermint - 1.30, Large Luxury hot chocolate - 2.70",14.55,CARD,1144709877340496
03/09/2021 14:50,London Camden,Agnes Blair,Large Flavoured hot chocolate - Vanilla - 2.90,2.9,CARD,1476575697166805
03/09/2021 14:51,London Camden,Alex Smith,"Large Iced latte - 2.85, Regular Iced latte - 2.35, Regular Luxury hot chocolate - 2.40, Large Iced latte - 2.85",10.45,CASH,
03/09/2021 14:52,London Camden,Christine Popielarczyk,"Regular Speciality Tea - Peppermint - 1.30, Large Hot chocolate - 2.90",4.2,CASH,
03/09/2021 14:52,London Camden,Raymond Roehl,"Large Luxury hot chocolate - 2.70, Regular Flavoured hot chocolate - Vanilla - 2.60, Large Flavoured latte - Vanilla - 2.85",8.15,CARD,4915087699094173
03/09/2021 14:53,London Camden,Gordon Clark,Large Luxury hot chocolate - 2.70,2.7,CARD,7276048420553093
03/09/2021 14:54,London Camden,Brenda Goodwin,"Large Flavoured hot chocolate - Hazelnut - 2.90, Large Luxury hot chocolate - 2.70",5.6,CARD,7233618985960401
03/09/2021 14:55,London Camden,Sylvia Dickerson,"Regular Flavoured hot chocolate - Hazelnut - 2.60, Regular Speciality Tea - Peppermint - 1.30, Large Flavoured hot chocolate - Hazelnut - 2.90",6.8,CARD,6521522106670661
03/09/2021 14:56,London Camden,James Verduzco,"Regular Flavoured hot chocolate - Hazelnut - 2.60, Regular Iced latte - 2.35, Large Flavoured hot chocolate - Hazelnut - 2.90, Regular Hot chocolate - 2.20, Large Flavoured hot chocolate - Hazelnut - 2.90, Regular Iced latte - 2.35",15.3,CARD,5839946650672424
03/09/2021 14:57,London Camden,Willa Henry,"Large Hot chocolate - 2.90, Regular Flavoured hot chocolate - Vanilla - 2.60, Large Flavoured hot chocolate - Vanilla - 2.90",8.4,CARD,7748502388932548
03/09/2021 14:58,London Camden,Pierre Feliciano,"Regular Flavoured hot chocolate - Hazelnut - 2.60, Regular Flavoured hot chocolate - Vanilla - 2.60, Regular Flavoured hot chocolate - Vanilla - 2.60, Regular Flavoured hot chocolate - Hazelnut - 2.60",10.4,CARD,9510636436715765
03/09/2021 14:59,London Camden,William Darnell,"Large Flavoured hot chocolate - Vanilla - 2.90, Regular Flavoured hot chocolate - Vanilla - 2.60, Large Flavoured hot chocolate - Vanilla - 2.90",8.4,CARD,9017752985564664
03/09/2021 14:59,London Camden,Daniela Au,"Regular Chai latte - 2.30, Regular Flavoured hot chocolate - Vanilla - 2.60, Regular Flavoured latte - Vanilla - 2.55",7.45,CASH,
03/09/2021 15:00,London Camden,Janice Abrams,"Regular Speciality Tea - Peppermint - 1.30, Regular Speciality Tea - Peppermint - 1.30, Large Flavoured hot chocolate - Vanilla - 2.90, Regular Flavoured latte - Vanilla - 2.55, Regular Flavoured hot chocolate - Vanilla - 2.60",10.65,CASH,
03/09/2021 15:01,London Camden,Mattie Nooe,Large Speciality Tea - Peppermint - 1.60,1.6,CARD,3736117538188420
03/09/2021 15:03,London Camden,Marjorie Reid,"Regular Flavoured hot chocolate - Vanilla - 2.60, Large Flavoured hot chocolate - Hazelnut - 2.90, Large Flavoured hot chocolate - Vanilla - 2.90, Regular Flavoured hot chocolate - Vanilla - 2.60",11.0,CASH,
03/09/2021 15:04,London Camden,Tasha Novak,"Regular Iced latte - 2.35, Regular Flavoured latte - Vanilla - 2.55, Large Flavoured hot chocolate - Vanilla - 2.90",7.8,CASH,
03/09/2021 15:05,London Camden,Nancy Shank,"Large Hot chocolate - 2.90, Large Flavoured latte - Vanilla - 2.85",5.75,CARD,2199301653954499
03/09/2021 15:06,London Camden,Teresa Robinson,"Regular Speciality Tea - Peppermint - 1.30, Large Flavoured latte - Vanilla - 2.85, Regular Flavoured hot chocolate - Hazelnut - 2.60",6.75,CASH,
03/09/2021 15:07,London Camden,Anna Trujillo,"Regular Speciality Tea - Peppermint - 1.30, Large Iced latte - 2.85, Regular Chai latte - 2.30, Large Speciality Tea - Peppermint - 1.60, Large Chai latte - 2.60",10.65,CARD,3228518881187621
03/09/2021 15:08,London Camden,Robert Simmons,"Regular Hot chocolate - 2.20, Regular Flavoured hot chocolate - Hazelnut - 2.60, Regular Speciality Tea - Peppermint - 1.30, Large Flavoured hot chocolate - Vanilla - 2.90, Regular Speciality Tea - Peppermint - 1.30, Regular Luxury hot chocolate - 2.40",12.7,CARD,9916913572453264
03/09/2021 15:10,London Camden,Mark Anderson,Regular Iced latte - 2.35,2.35,CASH,
03/09/2021 15:11,London Camden,Debra Carr,"Regular Iced latte - 2.35, Regular Chai latte - 2.30",4.65,CARD,3634558343142052
03/09/2021 15:12,London Camden,Mary Sutton,"Large Luxury hot chocolate - 2.70, Regular Luxury hot chocolate - 2.40, Large Chai latte - 2.60, Regular Luxury hot chocolate - 2.40, Large Flavoured latte - Vanilla - 2.85, Large Speciality Tea - Peppermint - 1.60",14.55,CARD,3638758809389446
03/09/2021 15:13,London Camden,Jaime Campbell,"Large Flavoured hot chocolate - Vanilla - 2.90, Regular Flavoured latte - Vanilla - 2.55",5.45,CASH,
03/09/2021 15:14,London Camden,Earl Johnson,"Regular Flavoured latte - Vanilla - 2.55, Large Hot chocolate - 2.90, Large Luxury hot chocolate - 2.70, Regular Hot chocolate - 2.20, Regular Speciality Tea - Peppermint - 1.30, Large Chai latte - 2.60",14.25,CARD,1951280774350968
03/09/2021 15:15,London Camden,Christine Ross,"Regular Chai latte - 2.30, Regular Speciality Tea - Peppermint - 1.30, Large Chai latte - 2.60",6.2,CARD,5332664163016164
03/09/2021 15:17,London Camden,Mark Christenson,Regular Speciality Tea - Peppermint - 1.30,1.3,CASH,
03/09/2021 15:18,London Camden,Evelyn Grisby,"Regular Speciality Tea - Peppermint - 1.30, Large Chai latte - 2.60, Large Flavoured latte - Vanilla - 2.85, Large Luxury hot chocolate - 2.70, Regular Flavoured latte - Vanilla - 2.55, Regular Chai latte - 2.30",14.3,CARD,6184892935597403
03/09/2021 15:19,London Camden,Ruth Perkins,"Large Chai latte - 2.60, Regular Flavoured latte - Vanilla - 2.55, Regular Hot chocolate - 2.20",7.35,CARD,4501573951567237
03/09/2021 15:20,London Camden,Judith Boehmer,"Large Luxury hot chocolate - 2.70, Regular Flavoured hot chocolate - Hazelnut - 2.60, Regular Hot chocolate - 2.20, Regular Chai latte - 2.30, Regular Chai latte - 2.30, Large Flavoured hot chocolate - Vanilla - 2.90",15.0,CARD,4798841752859929
03/09/2021 15:21,London Camden,James Culpepper,"Large Speciality Tea - Peppermint - 1.60, Regular Luxury hot chocolate - 2.40, Large Iced latte - 2.85, Large Flavoured hot chocolate - Vanilla - 2.90, Regular Flavoured hot chocolate - Vanilla - 2.60",12.35,CARD,2447104726185867
03/09/2021 15:22,London Camden,Mary Adams,Large Chai latte - 2.60,2.6,CARD,7266426952733689
03/09/2021 15:24,London Camden,William Meffert,"Regular Iced latte - 2.35, Regular Flavoured hot chocolate - Vanilla - 2.60, Large Flavoured latte - Vanilla - 2.85, Regular Hot chocolate - 2.20, Regular Flavoured hot chocolate - Hazelnut - 2.60, Regular Flavoured latte - Vanilla - 2.55",15.15,CASH,
03/09/2021 15:25,London Camden,John Cavanagh,"Regular Flavoured hot chocolate - Hazelnut - 2.60, Regular Flavoured hot chocolate - Hazelnut - 2.60, Regular Chai latte - 2.30, Regular Flavoured hot chocolate - Vanilla - 2.60",10.1,CASH,
03/09/2021 15:26,London Camden,David Smith,"Large Iced latte - 2.85, Regular Flavoured hot chocolate - Vanilla - 2.60",5.45,CARD,7706206579691424
03/09/2021 15:27,London Camden,Stephen Reasoner,Large Flavoured latte - Vanilla - 2.85,2.85,CASH,
03/09/2021 15:28,London Camden,Vernon Littlefield,"Regular Speciality Tea - Peppermint - 1.30, Regular Flavoured latte - Vanilla - 2.55, Large Speciality Tea - Peppermint - 1.60",5.45,CASH,
03/09/2021 15:29,London Camden,Lenny Malcom,"Large Speciality Tea - Peppermint - 1.60, Large Chai latte - 2.60, Large Flavoured hot chocolate - Vanilla - 2.90",7.1,CASH,
03/09/2021 15:31,London Camden,Ira Littlefield,"Large Chai latte - 2.60, Regular Iced latte - 2.35, Large Chai latte - 2.60, Large Iced latte - 2.85, Large Hot chocolate - 2.90",13.3,CARD,5152182520955725
03/09/2021 15:32,London Camden,Patricia Benson,"Large Flavoured hot chocolate - Hazelnut - 2.90, Regular Flavoured latte - Vanilla - 2.55, Regular Chai latte - 2.30",7.75,CASH,
03/09/2021 15:33,London Camden,Billy Wilson,"Large Luxury hot chocolate - 2.70, Large Flavoured latte - Vanilla - 2.85, Large Speciality Tea - Peppermint - 1.60, Regular Flavoured latte - Vanilla - 2.55",9.7,CARD,5411165267237772
03/09/2021 15:34,London Camden,Andrew Beaver,"Large Flavoured hot chocolate - Vanilla - 2.90, Large Speciality Tea - Peppermint - 1.60, Large Speciality Tea - Peppermint - 1.60, Regular Iced latte - 2.35, Large Speciality Tea - Peppermint - 1.60, Regular Flavoured hot chocolate - Vanilla - 2.60",12.65,CARD,4523541464917575
03/09/2021 15:35,London Camden,Charles Anderson,"Large Flavoured latte - Vanilla - 2.85, Large Iced latte - 2.85, Large Hot chocolate - 2.90",8.6,CASH,
03/09/2021 15:36,London Camden,Ina Lovett,"Large Speciality Tea - Peppermint - 1.60, Large Flavoured hot chocolate - Vanilla - 2.90, Large Speciality Tea - Peppermint - 1.60",6.1,CASH,
03/09/2021 15:38,London Camden,Diana Alexander,"Regular Speciality Tea - Peppermint - 1.30, Large Iced latte - 2.85",4.15,CARD,2574483305083208
03/09/2021 15:39,London Camden,Renae Wilcox,"Regular Iced latte - 2.35, Regular Flavoured latte - Vanilla - 2.55, Regular Flavoured latte - Vanilla - 2.55, Regular Flavoured latte - Vanilla - 2.55",10.0,CARD,1822925020148642
03/09/2021 15:40,London Camden,Keisha Simpson,"Regular Flavoured hot chocolate - Vanilla - 2.60, Regular Luxury hot chocolate - 2.40, Regular Flavoured latte - Vanilla - 2.55, Large Luxury hot chocolate - 2.70",10.25,CARD,3351388215455199
03/09/2021 15:41,London Camden,Claire Flanagan,Large Flavoured latte - Vanilla - 2.85,2.85,CARD,3513111751975587
03/09/2021 15:42,London Camden,Edison Harris,"Large Flavoured latte - Vanilla - 2.85, Large Luxury hot chocolate - 2.70, Regular Luxury hot chocolate - 2.40, Regular Hot chocolate - 2.20",10.15,CARD,5412725018542544
03/09/2021 15:43,London Camden,Rebecca Schwartz,"Regular Chai latte - 2.30, Regular Speciality Tea - Peppermint - 1.30, Large Flavoured hot chocolate - Hazelnut - 2.90",6.5,CARD,4223279143232272
03/09/2021 15:45,London Camden,Linda Stark,"Regular Flavoured hot chocolate - Hazelnut - 2.60, Large Flavoured hot chocolate - Vanilla - 2.90, Regular Speciality Tea - Peppermint - 1.30",6.8,CARD,8226525554967884
03/09/2021 15:46,London Camden,Blanca Williams,"Large Hot chocolate - 2.90, Regular Hot chocolate - 2.20, Large Flavoured latte - Vanilla - 2.85, Regular Luxury hot chocolate - 2.40, Regular Flavoured hot chocolate - Vanilla - 2.60",12.95,CARD,7326545546159622
03/09/2021 15:47,London Camden,Tammy Mcclellan,"Large Luxury hot chocolate - 2.70, Large Flavoured latte - Vanilla - 2.85, Regular Speciality Tea - Peppermint - 1.30, Regular Flavoured hot chocolate - Hazelnut - 2.60, Regular Luxury hot chocolate - 2.40, Large Hot chocolate - 2.90",14.75,CASH,
03/09/2021 15:48,London Camden,Emilia Lemon,Regular Chai latte - 2.30,2.3,CARD,7964728584982718
03/09/2021 15:49,London Camden,Joseph Ramos,"Large Speciality Tea - Peppermint - 1.60, Large Iced latte - 2.85",4.45,CARD,9890691634397720
03/09/2021 15:50,London Camden,Maria Lemay,"Large Hot chocolate - 2.90, Regular Flavoured latte - Vanilla - 2.55, Large Speciality Tea - Peppermint - 1.60",7.05,CASH,
03/09/2021 15:52,London Camden,Dorothy Willis,Large Speciality Tea - Peppermint - 1.60,1.6,CARD,5915831243724454
03/09/2021 15:53,London Camden,James Mcgowan,"Regular Speciality Tea - Peppermint - 1.30, Large Flavoured latte - Vanilla - 2.85, Large Flavoured latte - Vanilla - 2.85, Large Luxury hot chocolate - 2.70, Regular Flavoured hot chocolate - Vanilla - 2.60",12.3,CARD,6068484293274651
03/09/2021 15:54,London Camden,Robert Heim,"Regular Flavoured hot chocolate - Hazelnut - 2.60, Regular Speciality Tea - Peppermint - 1.30, Large Speciality Tea - Peppermint - 1.60",5.5,CARD,1679620850677276
03/09/2021 15:55,London Camden,Debra Numbers,"Large Hot chocolate - 2.90, Large Flavoured hot chocolate - Hazelnut - 2.90, Regular Speciality Tea - Peppermint - 1.30, Large Chai latte - 2.60",9.7,CARD,1428811018264186
03/09/2021 15:56,London Camden,Marianne Marrero,"Large Speciality Tea - Peppermint - 1.60, Large Flavoured hot chocolate - Vanilla - 2.90",4.5,CARD,5365901956419314
03/09/2021 15:57,London Camden,Janita Ramsey,"Regular Chai latte - 2.30, Large Speciality Tea - Peppermint - 1.60, Regular Flavoured latte - Vanilla - 2.55, Large Hot chocolate - 2.90, Regular Hot chocolate - 2.20",11.55,CARD,1686621903868591
03/09/2021 15:59,London Camden,Diana Newhouse,"Regular Flavoured hot chocolate - Vanilla - 2.60, Large Speciality Tea - Peppermint - 1.60, Large Iced latte - 2.85",7.05,CARD,8420057301429978
03/09/2021 16:00,London Camden,Larry Garcia,"Large Chai latte - 2.60, Regular Luxury hot chocolate - 2.40, Regular Flavoured hot chocolate - Vanilla - 2.60, Large Flavoured hot chocolate - Vanilla - 2.90, Large Chai latte - 2.60",13.1,CASH,
03/09/2021 16:02,London Camden,Betty Gonzalez,"Large Speciality Tea - Peppermint - 1.60, Regular Flavoured hot chocolate - Hazelnut - 2.60, Large Speciality Tea - Peppermint - 1.60, Regular Flavoured latte - Vanilla - 2.55",8.35,CARD,9522071375400537
03/09/2021 16:04,London Camden,Colleen Ruiz,"Regular Speciality Tea - Peppermint - 1.30, Regular Speciality Tea - Peppermint - 1.30, Regular Luxury hot chocolate - 2.40, Large Speciality Tea - Peppermint - 1.60",6.6,CARD,2406053595009353
03/09/2021 16:06,London Camden,Jesus Cusack,"Large Luxury hot chocolate - 2.70, Regular Iced latte - 2.35",5.05,CARD,1736357023179833
03/09/2021 16:09,London Camden,Regina Frazier,Large Iced latte - 2.85,2.85,CASH,
03/09/2021 16:11,London Camden,Susan Thompson,"Large Luxury hot chocolate - 2.70, Regular Flavoured hot chocolate - Vanilla - 2.60",5.3,CASH,
03/09/2021 16:13,London Camden,Sara Gilman,"Regular Hot chocolate - 2.20, Large Flavoured latte - Vanilla - 2.85, Large Chai latte - 2.60",7.65,CARD,2312706316551689
03/09/2021 16:15,London Camden,Christopher Leonard,"Large Flavoured hot chocolate - Hazelnut - 2.90, Large Luxury hot chocolate - 2.70, Regular Iced latte - 2.35, Regular Hot chocolate - 2.20, Regular Iced latte - 2.35",12.5,CARD,4653788966356839
03/09/2021 16:18,London Camden,Raul Baker,"Large Luxury hot chocolate - 2.70, Large Iced latte - 2.85",5.55,CASH,
03/09/2021 16:20,London Camden,Barbara Leatherwood,"Regular Luxury hot chocolate - 2.40, Regular Flavoured hot chocolate - Vanilla - 2.60, Regular Flavoured latte - Vanilla - 2.55, Regular Flavoured latte - Vanilla - 2.55, Regular Speciality Tea - Peppermint - 1.30",11.4,CARD,5754774490778100
03/09/2021 16:22,London Camden,Robert Reynolds,"Large Speciality Tea - Peppermint - 1.60, Large Speciality Tea - Peppermint - 1.60, Regular Luxury hot chocolate - 2.40, Regular Flavoured hot chocolate - Hazelnut - 2.60",8.2,CARD,6423667765221636
03/09/2021 16:24,London Camden,Nellie Chabez,Large Chai latte - 2.60,2.6,CASH,
03/09/2021 16:26,London Camden,Darrell Dodson,"Regular Flavoured hot chocolate - Vanilla - 2.60, Large Flavoured latte - Vanilla - 2.85, Large Flavoured latte - Vanilla - 2.85, Large Chai latte - 2.60, Regular Hot chocolate - 2.20",13.1,CARD,3280422549546736
03/09/2021 16:29,London Camden,Shirley Stavros,"Regular Flavoured latte - Vanilla - 2.55, Regular Chai latte - 2.30",4.85,CASH,
03/09/2021 16:31,London Camden,Charlotte Gray,"Large Iced latte - 2.85, Regular Flavoured hot chocolate - Hazelnut - 2.60, Large Speciality Tea - Peppermint - 1.60",7.05,CARD,7820515473042249
03/09/2021 16:33,London Camden,Lowell Smith,Large Hot chocolate - 2.90,2.9,CARD,4686255022103203
03/09/2021 16:35,London Camden,Fermin Bellas,"Regular Speciality Tea - Peppermint - 1.30, Regular Iced latte - 2.35, Large Speciality Tea - Peppermint - 1.60, Large Speciality Tea - Peppermint - 1.60, Large Flavoured latte - Vanilla - 2.85",9.7,CARD,8077323213084105
03/09/2021 16:37,London Camden,Timothy Winkfield,"Large Flavoured hot chocolate - Vanilla - 2.90, Large Chai latte - 2.60, Regular Iced latte - 2.35, Large Speciality Tea - Peppermint - 1.60",9.45,CASH,
03/09/2021 16:40,London Camden,Sarah Smith,Regular Flavoured latte - Vanilla - 2.55,2.55,CARD,9795587582753173
03/09/2021 16:42,London Camden,Holly Kirwan,"Regular Hot chocolate - 2.20, Large Luxury hot chocolate - 2.70, Large Flavoured hot chocolate - Vanilla - 2.90, Large Flavoured latte - Vanilla - 2.85, Regular Luxury hot chocolate - 2.40",13.05,CARD,4751432481785140
03/09/2021 16:44,London Camden,Dustin Rodriguez,"Large Flavoured hot chocolate - Hazelnut - 2.90, Regular Hot chocolate - 2.20",5.1,CARD,3777048175562634
03/09/2021 16:46,London Camden,Dianne Sanderson,"Regular Flavoured hot chocolate - Hazelnut - 2.60, Large Flavoured hot chocolate - Hazelnut - 2.90",5.5,CASH,
03/09/2021 16:49,London Camden,Charles Brown,"Large Flavoured hot chocolate - Hazelnut - 2.90, Large Iced latte - 2.85, Regular Flavoured latte - Vanilla - 2.55",8.3,CARD,6852358224519231
03/09/2021 16:51,London Camden,Mary Lawver,"Regular Flavoured hot chocolate - Vanilla - 2.60, Regular Hot chocolate - 2.20, Regular Iced latte - 2.35",7.15,CARD,1813811668479385
03/09/2021 16:53,London Camden,Harvey Williams,"Large Iced latte - 2.85, Large Flavoured latte - Vanilla - 2.85, Large Chai latte - 2.60, Regular Hot chocolate - 2.20",10.5,CARD,3857532083909073
03/09/2021 16:55,London Camden,John Lopez,Large Luxury hot chocolate - 2.70,2.7,CARD,6649377801956479
03/09/2021 16:57,London Camden,David Jones,"Large Flavoured hot chocolate - Hazelnut - 2.90, Large Iced latte - 2.85",5.75,CASH,
