09/09/2021 08:00,Newcastle upon Tyne,Walter Cassidy,"Regular Speciality Tea - English breakfast - 1.30, Large Americano - 2.25, Regular Americano - 1.95, Regular Americano - 1.95",7.45,CARD,2835048691468159
09/09/2021 08:01,Newcastle upon Tyne,Eduardo Sparks,Regular Americano - 1.95,1.95,CARD,2290415922331414
09/09/2021 08:02,Newcastle upon Tyne,Donna Mclennan,"Large Smoothies - Glowing Greens - 2.50, Regular Speciality Tea - Camomile - 1.30",3.8,CARD,7401063087151179
09/09/2021 08:03,Newcastle upon Tyne,Matthew Kennard,"Large Speciality Tea - English breakfast - 1.60, Regular Americano - 1.95",3.55,CARD,1824464614916988
09/09/2021 08:04,Newcastle upon Tyne,Ruth James,"Large Iced latte - 2.85, Regular Speciality Tea - Camomile - 1.30",4.15,CARD,8048282354485193
09/09/2021 08:06,Newcastle upon Tyne,Larry Palmer,"Large Speciality Tea - Camomile - 1.60, Large Speciality Tea - Camomile - 1.60, Large Iced latte - 2.85, Regular Speciality Tea - English breakfast - 1.30",7.35,CARD,7847465311590618
09/09/2021 08:07,Newcastle upon Tyne,Mary Reilly,Large Speciality Tea - Camomile - 1.60,1.6,CARD,1341099558268594
09/09/2021 08:08,Newcastle upon Tyne,Tarra Pilling,Regular Smoothies - Glowing Greens - 2.00,2.0,CARD,3144294051369260
09/09/2021 08:09,Newcastle upon Tyne,Patricia Lawrence,"Large Smoothies - Glowing Greens - 2.50, Regular Iced latte - 2.35, Large Americano - 2.25, Regular Speciality Tea - Camomile - 1.30, Large Iced latte - 2.85, Regular Americano - 1.95",13.2,CASH,
09/09/2021 08:10,Newcastle upon Tyne,Rusty Smith,"Large Americano - 2.25, Large Iced latte - 2.85, Regular Speciality Tea - English breakfast - 1.30, Regular Speciality Tea - Camomile - 1.30",7.7,CARD,5269804674612042
09/09/2021 08:12,Newcastle upon Tyne,Marie Jordan,"Regular Iced latte - 2.35, Regular Americano - 1.95, Large Smoothies - Glowing Greens - 2.50, Large Speciality Tea - English breakfast - 1.60",8.4,CARD,8191330531669238
09/09/2021 08:13,Newcastle upon Tyne,Helen Lagrimas,Large Speciality Tea - Camomile - 1.60,1.6,CARD,4410818394353833
09/09/2021 08:14,Newcastle upon Tyne,Martha Wilkerson,"Large Speciality Tea - English breakfast - 1.60, Regular Iced latte - 2.35, Regular Americano - 1.95, Regular Iced latte - 2.35",8.25,CASH,
09/09/2021 08:15,Newcastle upon Tyne,Robert Miller,"Large Speciality Tea - English breakfast - 1.60, Large Americano - 2.25, Regular Speciality Tea - English breakfast - 1.30, Regular Speciality Tea - English breakfast - 1.30",6.45,CARD,1418509841031843
09/09/2021 08:17,Newcastle upon Tyne,Joyce Flores,"Large Speciality Tea - English breakfast - 1.60, Regular Speciality Tea - English breakfast - 1.30",2.9,CASH,
09/09/2021 08:18,Newcastle upon Tyne,Janice Krause,Large Smoothies - Glowing Greens - 2.50,2.5,CARD,5847705713613911
09/09/2021 08:19,Newcastle upon Tyne,Roger Gullett,"Large Speciality Tea - Camomile - 1.60, Regular Iced latte - 2.35",3.95,CARD,3668212084820696
09/09/2021 08:20,Newcastle upon Tyne,Robert Paulus,"Large Speciality Tea - Camomile - 1.60, Regular Speciality Tea - English breakfast - 1.30",2.9,CASH,
09/09/2021 08:21,Newcastle upon Tyne,Terry Ivory,"Large Smoothies - Glowing Greens - 2.50, Large Speciality Tea - English breakfast - 1.60",4.1,CARD,7486983861209094
09/09/2021 08:23,Newcastle upon Tyne,Susan Mackie,"Regular Speciality Tea - Camomile - 1.30, Regular Americano - 1.95, Large Speciality Tea - English breakfast - 1.60",4.85,CARD,2327071500805470
09/09/2021 08:24,Newcastle upon Tyne,Mark Waterfall,"Large Iced latte - 2.85, Regular Smoothies - Glowing Greens - 2.00",4.85,CARD,3192032022804088
09/09/2021 08:25,Newcastle upon Tyne,Sally Pontillo,Regular Americano - 1.95,1.95,CARD,8044537894566800
09/09/2021 08:26,Newcastle upon Tyne,Terry Phillips,Regular Iced latte - 2.35,2.35,CARD,3516399240429628
09/09/2021 08:27,Newcastle upon Tyne,Meghan Medina,"Large Americano - 2.25, Regular Americano - 1.95",4.2,CARD,7106061618680406
09/09/2021 08:29,Newcastle upon Tyne,Eugene Vitiello,Large Iced latte - 2.85,2.85,CASH,
09/09/2021 08:30,Newcastle upon Tyne,John Herman,"Large Speciality Tea - Camomile - 1.60, Regular Speciality Tea - Camomile - 1.30",2.9,CASH,
09/09/2021 08:31,Newcastle upon Tyne,Nancy Wang,"Large Smoothies - Glowing Greens - 2.50, Regular Smoothies - Glowing Greens - 2.00",4.5,CARD,9526704124057869
09/09/2021 08:32,Newcastle upon Tyne,Darlene Atwood,Regular Speciality Tea - English breakfast - 1.30,1.3,CARD,1016079097756670
09/09/2021 08:34,Newcastle upon Tyne,Tonya Guinn,"Large Americano - 2.25, Regular Smoothies - Glowing Greens - 2.00, Regular Smoothies - Glowing Greens - 2.00, Regular Speciality Tea - English breakfast - 1.30",7.55,CARD,8555070767168861
09/09/2021 08:35,Newcastle upon Tyne,Timothy Young,"Regular Americano - 1.95, Regular Smoothies - Glowing Greens - 2.00",3.95,CARD,9270012392115431
09/09/2021 08:36,Newcastle upon Tyne,Robert Hernandez,"Regular Smoothies - Glowing Greens - 2.00, Large Speciality Tea - Camomile - 1.60, Large Smoothies - Glowing Greens - 2.50",6.1,CARD,6584505887607129
09/09/2021 08:37,Newcastle upon Tyne,Evan Herring,"Large Iced latte - 2.85, Regular Iced latte - 2.35",5.2,CARD,9994963925709111
09/09/2021 08:38,Newcastle upon Tyne,James Chiaramonte,Large Speciality Tea - English breakfast - 1.60,1.6,CARD,5748405319656421
09/09/2021 08:40,Newcastle upon Tyne,Sofia Green,"Large Smoothies - Glowing Greens - 2.50, Regular Speciality Tea - Camomile - 1.30, Large Speciality Tea - English breakfast - 1.60",5.4,CARD,3884095157052017
09/09/2021 08:41,Newcastle upon Tyne,Oliver Markley,Regular Smoothies - Glowing Greens - 2.00,2.0,CARD,4923423112731594
09/09/2021 08:42,Newcastle upon Tyne,Margie Serrano,"Large Speciality Tea - English breakfast - 1.60, Regular Smoothies - Glowing Greens - 2.00",3.6,CARD,6640177553027443
09/09/2021 08:43,Newcastle upon Tyne,Samantha Huro,"Large Americano - 2.25, Large Iced latte - 2.85, Large Speciality Tea - English breakfast - 1.60, Large Speciality Tea - Camomile - 1.60",8.3,CARD,4449663237472858
09/09/2021 08:45,Newcastle upon Tyne,Jose Belcher,"Regular Speciality Tea - Camomile - 1.30, Large Americano - 2.25, Large Speciality Tea - Camomile - 1.60",5.15,CASH,
09/09/2021 08:46,Newcastle upon Tyne,Dorothy Dailey,"Regular Americano - 1.95, Regular Speciality Tea - English breakfast - 1.30, Large Speciality Tea - Camomile - 1.60",4.85,CARD,6254596552251298
09/09/2021 08:47,Newcastle upon Tyne,Whitney Bales,"Regular Iced latte - 2.35, Regular Iced latte - 2.35",4.7,CARD,3440701531529201
09/09/2021 08:48,Newcastle upon Tyne,Daniel Gessel,"Large Americano - 2.25, Large Americano - 2.25, Regular Speciality Tea - English breakfast - 1.30",5.8,CASH,
09/09/2021 08:49,Newcastle upon Tyne,Oscar Guess,"Large Speciality Tea - Camomile - 1.60, Regular Speciality Tea - Camomile - 1.30, Large Americano - 2.25",5.15,CARD,1450572605885790
09/09/2021 08:51,Newcastle upon Tyne,Juan Mansi,"Regular Smoothies - Glowing Greens - 2.00, Large Americano - 2.25",4.25,CARD,6251174989314851
09/09/2021 08:52,Newcastle upon Tyne,Edward Murphy,"Regular Speciality Tea - English breakfast - 1.30, Large Speciality Tea - Camomile - 1.60, Large Speciality Tea - Camomile - 1.60, Regular Iced latte - 2.35",6.85,CASH,
09/09/2021 08:53,Newcastle upon Tyne,Christopher Tawwater,Large Iced latte - 2.85,2.85,CARD,6950794279082239
09/09/2021 08:54,Newcastle upon Tyne,Paul Washburn,"Regular Iced latte - 2.35, Large Speciality Tea - English breakfast - 1.60",3.95,CARD,1340538325803875
09/09/2021 08:55,Newcastle upon Tyne,Melissa Kahl,"Large Speciality Tea - Camomile - 1.60, Regular Smoothies - Glowing Greens - 2.00, Regular Speciality Tea - Camomile - 1.30, Large Smoothies - Glowing Greens - 2.50, Large Iced latte - 2.85",10.25,CARD,6658460693278519
09/09/2021 08:57,Newcastle upon Tyne,Denise Broussard,"Regular Smoothies - Glowing Greens - 2.00, Large Speciality Tea - English breakfast - 1.60, Regular Iced latte - 2.35",5.95,CASH,
09/09/2021 08:58,Newcastle upon Tyne,Daniel Mcfadden,"Regular Americano - 1.95, Regular Iced latte - 2.35, Large Smoothies - Glowing Greens - 2.50",6.8,CARD,7622897025368780
09/09/2021 08:59,Newcastle upon Tyne,Frank Hunter,"Large Speciality Tea - Camomile - 1.60, Large Smoothies - Glowing Greens - 2.50, Regular Speciality Tea - Camomile - 1.30",5.4,CARD,1889442119477063
09/09/2021 09:00,Newcastle upon Tyne,Evelyn Daniels,Large Speciality Tea - English breakfast - 1.60,1.6,CASH,
09/09/2021 09:01,Newcastle upon Tyne,Evelyn Gray,"Large Speciality Tea - English breakfast - 1.60, Regular Smoothies - Glowing Greens - 2.00, Regular Americano - 1.95",5.55,CARD,2666434783084305
09/09/2021 09:02,Newcastle upon Tyne,Jason Shaw,Large Speciality Tea - English breakfast - 1.60,1.6,CASH,
09/09/2021 09:03,Newcastle upon Tyne,Denyse Harris,"Large Smoothies - Glowing Greens - 2.50, Regular Speciality Tea - Camomile - 1.30, Large Iced latte - 2.85, Regular Smoothies - Glowing Greens - 2.00",8.65,CARD,8587833031869444
09/09/2021 09:04,Newcastle upon Tyne,Hortencia Jeffries,"Regular Americano - 1.95, Large Speciality Tea - English breakfast - 1.60",3.55,CARD,2662025049348279
09/09/2021 09:05,Newcastle upon Tyne,Lourdes Ponce,"Large Americano - 2.25, Large Americano - 2.25, Large Speciality Tea - Camomile - 1.60, Regular Speciality Tea - Camomile - 1.30",7.4,CARD,7867050665593588
09/09/2021 09:06,Newcastle upon Tyne,Christopher Hernandez,"Regular Americano - 1.95, Large Americano - 2.25, Regular Americano - 1.95, Regular Speciality Tea - Camomile - 1.30, Large Iced latte - 2.85, Large Iced latte - 2.85",13.15,CARD,9308990649349071
09/09/2021 09:07,Newcastle upon Tyne,Rickey Sinclair,"Large Smoothies - Glowing Greens - 2.50, Large Smoothies - Glowing Greens - 2.50, Regular Speciality Tea - Camomile - 1.30, Large Smoothies - Glowing Greens - 2.50, Large Americano - 2.25",11.05,CARD,1020974718021673
09/09/2021 09:08,Newcastle upon Tyne,Cassandra Caponigro,"Regular Iced latte - 2.35, Large Speciality Tea - English breakfast - 1.60, Large Smoothies - Glowing Greens - 2.50",6.45,CARD,8544854882656085
09/09/2021 09:09,Newcastle upon Tyne,Caroline Lapierre,"Regular Speciality Tea - Camomile - 1.30, Large Speciality Tea - Camomile - 1.60",2.9,CASH,
09/09/2021 09:11,Newcastle upon Tyne,Ralph Brown,"Regular Iced latte - 2.35, Regular Iced latte - 2.35, Large Speciality Tea - English breakfast - 1.60, Regular Speciality Tea - Camomile - 1.30",7.6,CASH,
09/09/2021 09:12,Newcastle upon Tyne,Teressa Pineda,"Large Americano - 2.25, Regular Speciality Tea - English breakfast - 1.30",3.55,CARD,9873880496822422
09/09/2021 09:13,Newcastle upon Tyne,Wayne Francis,"Regular Americano - 1.95, Regular Speciality Tea - Camomile - 1.30",3.25,CARD,6275180824084720
09/09/2021 09:14,Newcastle upon Tyne,Jackie Bland,"Regular Smoothies - Glowing Greens - 2.00, Regular Americano - 1.95, Regular Smoothies - Glowing Greens - 2.00",5.95,CASH,
09/09/2021 09:15,Newcastle upon Tyne,Elizabeth Akridge,"Large Iced latte - 2.85, Regular Iced latte - 2.35",5.2,CARD,8898562430244150
09/09/2021 09:16,Newcastle upon Tyne,Hattie Dowling,"Large Smoothies - Glowing Greens - 2.50, Regular Iced latte - 2.35, Large Iced latte - 2.85, Large Iced latte - 2.85",10.55,CARD,4535232368011839
09/09/2021 09:17,Newcastle upon Tyne,Roger Robinson,"Regular Speciality Tea - Camomile - 1.30, Large Speciality Tea - Camomile - 1.60",2.9,CARD,9856527774165769
09/09/2021 09:18,Newcastle upon Tyne,Sonya Hicks,"Regular Speciality Tea - English breakfast - 1.30, Regular Iced latte - 2.35",3.65,CARD,1795726495097661
09/09/2021 09:19,Newcastle upon Tyne,Minnie Abbott,"Regular Speciality Tea - Camomile - 1.30, Large Americano - 2.25",3.55,CARD,3771986304893497
09/09/2021 09:20,Newcastle upon Tyne,Kathleen Edgecomb,Regular Smoothies - Glowing Greens - 2.00,2.0,CARD,2275281695987762
09/09/2021 09:21,Newcastle upon Tyne,Joyce Quintana,Regular Iced latte - 2.35,2.35,CARD,6947471862986706
09/09/2021 09:22,Newcastle upon Tyne,Maria Smith,"Regular Speciality Tea - English breakfast - 1.30, Regular Speciality Tea - Camomile - 1.30",2.6,CASH,
09/09/2021 09:23,Newcastle upon Tyne,Lisa Flood,"Regular Iced latte - 2.35, Regular Speciality Tea - Camomile - 1.30, Regular Iced latte - 2.35",6.0,CASH,
09/09/2021 09:24,Newcastle upon Tyne,Linda Lewis,"Regular Speciality Tea - English breakfast - 1.30, Regular Iced latte - 2.35, Regular Iced latte - 2.35, Large Speciality Tea - Camomile - 1.60",7.6,CARD,7888136057358347
09/09/2021 09:25,Newcastle upon Tyne,Donald Luera,"Large Speciality Tea - Camomile - 1.60, Large Iced latte - 2.85",4.45,CARD,6357248207023165
09/09/2021 09:26,Newcastle upon Tyne,William Wade,"Regular Smoothies - Glowing Greens - 2.00, Large Speciality Tea - English breakfast - 1.60, Large Iced latte - 2.85, Large Smoothies - Glowing Greens - 2.50",8.95,CARD,5498650935151425
09/09/2021 09:27,Newcastle upon Tyne,Francisco Noe,Regular Americano - 1.95,1.95,CARD,3152000790448319
09/09/2021 09:28,Newcastle upon Tyne,Roy Jeffery,"Large Americano - 2.25, Regular Speciality Tea - Camomile - 1.30, Large Americano - 2.25, Regular Speciality Tea - English breakfast - 1.30",7.1,CARD,4323355545517364
09/09/2021 09:29,Newcastle upon Tyne,Keith Patten,"Regular Speciality Tea - Camomile - 1.30, Large Speciality Tea - Camomile - 1.60, Regular Smoothies - Glowing Greens - 2.00",4.9,CARD,3717908274140362
09/09/2021 09:30,Newcastle upon Tyne,Julio Pacific,"Regular Americano - 1.95, Regular Smoothies - Glowing Greens - 2.00, Large Americano - 2.25",6.2,CARD,7119089299286347
09/09/2021 09:31,Newcastle upon Tyne,William Welch,"Large Speciality Tea - English breakfast - 1.60, Large Americano - 2.25",3.85,CARD,8900985296829650
09/09/2021 09:32,Newcastle upon Tyne,Robert Smith,"Regular Americano - 1.95, Regular Smoothies - Glowing Greens - 2.00, Large Speciality Tea - Camomile - 1.60, Large Iced latte - 2.85, Regular Iced latte - 2.35",10.75,CARD,9486140222861626
09/09/2021 09:33,Newcastle upon Tyne,Darryl Box,Regular Speciality Tea - English breakfast - 1.30,1.3,CARD,5147371695778859
09/09/2021 09:34,Newcastle upon Tyne,Annie Reddy,"Regular Americano - 1.95, Large Americano - 2.25, Large Iced latte - 2.85, Large Speciality Tea - English breakfast - 1.60, Regular Speciality Tea - Camomile - 1.30, Large Iced latte - 2.85",12.8,CARD,6686965189211731
09/09/2021 09:35,Newcastle upon Tyne,Maryellen Cosper,"Regular Speciality Tea - Camomile - 1.30, Large Americano - 2.25",3.55,CARD,8479384092710913
09/09/2021 09:36,Newcastle upon Tyne,German Austin,"Regular Smoothies - Glowing Greens - 2.00, Large Speciality Tea - Camomile - 1.60, Large Speciality Tea - Camomile - 1.60",5.2,CARD,7404923445210369
09/09/2021 09:37,Newcastle upon Tyne,Anthony Benitez,"Regular Speciality Tea - English breakfast - 1.30, Large Americano - 2.25, Regular Speciality Tea - Camomile - 1.30, Large Smoothies - Glowing Greens - 2.50, Large Smoothies - Glowing Greens - 2.50",9.85,CARD,6056144611898734
09/09/2021 09:38,Newcastle upon Tyne,Clyde Iverson,Large Speciality Tea - Camomile - 1.60,1.6,CASH,
09/09/2021 09:39,Newcastle upon Tyne,George Dennis,"Regular Speciality Tea - English breakfast - 1.30, Regular Americano - 1.95, Regular Smoothies - Glowing Greens - 2.00",5.25,CARD,1506112119162368
09/09/2021 09:40,Newcastle upon Tyne,Nancy Sisson,Large Speciality Tea - Camomile - 1.60,1.6,CARD,4313577581568215
09/09/2021 09:41,Newcastle upon Tyne,Denise Trejo,Large Speciality Tea - Camomile - 1.60,1.6,CASH,
09/09/2021 09:42,Newcastle upon Tyne,Sabrina Goodman,"Regular Speciality Tea - Camomile - 1.30, Large Iced latte - 2.85",4.15,CARD,8345357494666251
09/09/2021 09:43,Newcastle upon Tyne,Harold Michaud,"Regular Speciality Tea - Camomile - 1.30, Regular Iced latte - 2.35",3.65,CARD,1314841150169817
09/09/2021 09:44,Newcastle upon Tyne,Lillian Hall,"Large Speciality Tea - Camomile - 1.60, Regular Smoothies - Glowing Greens - 2.00, Large Smoothies - Glowing Greens - 2.50, Regular Smoothies - Glowing Greens - 2.00",8.1,CARD,3796090639756112
09/09/2021 09:45,Newcastle upon Tyne,Laura Thigpen,Regular Speciality Tea - English breakfast - 1.30,1.3,CARD,2434343141742721
09/09/2021 09:46,Newcastle upon Tyne,Dean Yunker,"Regular Americano - 1.95, Regular Iced latte - 2.35, Regular Iced latte - 2.35, Large Speciality Tea - Camomile - 1.60",8.25,CARD,9319903353891395
09/09/2021 09:47,Newcastle upon Tyne,Arminda Calais,"Regular Speciality Tea - Camomile - 1.30, Large Iced latte - 2.85, Regular Iced latte - 2.35, Large Iced latte - 2.85",9.35,CARD,3200106995079634
09/09/2021 09:48,Newcastle upon Tyne,Lisa Hession,"Regular Speciality Tea - Camomile - 1.30, Large Speciality Tea - English breakfast - 1.60, Regular Iced latte - 2.35",5.25,CASH,
09/09/2021 09:49,Newcastle upon Tyne,Ivan Decker,"Large Speciality Tea - Camomile - 1.60, Regular Speciality Tea - Camomile - 1.30, Regular Iced latte - 2.35",5.25,CASH,
09/09/2021 09:50,Newcastle upon Tyne,Donald Abbott,"Large Iced latte - 2.85, Large Smoothies - Glowing Greens - 2.50, Large Speciality Tea - Camomile - 1.60, Large Speciality Tea - English breakfast - 1.60, Large Iced latte - 2.85, Regular Speciality Tea - Camomile - 1.30",12.7,CARD,5918250741045127
09/09/2021 09:51,Newcastle upon Tyne,Yvonne Truong,Regular Speciality Tea - English breakfast - 1.30,1.3,CARD,8346244374064366
09/09/2021 09:52,Newcastle upon Tyne,Larry Briley,"Large Iced latte - 2.85, Large Americano - 2.25",5.1,CARD,7595206522281784
09/09/2021 09:53,Newcastle upon Tyne,Donald Cote,"Regular Iced latte - 2.35, Large Iced latte - 2.85, Large Americano - 2.25, Large Americano - 2.25, Large Smoothies - Glowing Greens - 2.50",12.2,CARD,2039547836369503
09/09/2021 09:54,Newcastle upon Tyne,Jay Colbert,Large Speciality Tea - Camomile - 1.60,1.6,CARD,6994445580652251
09/09/2021 09:55,Newcastle upon Tyne,Angel Falkenhagen,"Large Speciality Tea - English breakfast - 1.60, Regular Speciality Tea - English breakfast - 1.30",2.9,CARD,7701830094307638
09/09/2021 09:56,Newcastle upon Tyne,Valerie Dickson,"Large Smoothies - Glowing Greens - 2.50, Regular Iced latte - 2.35",4.85,CARD,3898088614094853
09/09/2021 09:57,Newcastle upon Tyne,Joann Dabbs,"Large Speciality Tea - Camomile - 1.60, Large Speciality Tea - Camomile - 1.60, Regular Iced latte - 2.35, Regular Americano - 1.95, Regular Smoothies - Glowing Greens - 2.00, Large Americano - 2.25",11.75,CARD,2258359733845242
09/09/2021 09:58,Newcastle upon Tyne,Kiley Howard,"Large Smoothies - Glowing Greens - 2.50, Large Speciality Tea - Camomile - 1.60, Large Speciality Tea - Camomile - 1.60, Regular Speciality Tea - English breakfast - 1.30",7.0,CASH,
09/09/2021 09:59,Newcastle upon Tyne,Gloria Goodrich,"Regular Speciality Tea - Camomile - 1.30, Large Americano - 2.25, Regular Iced latte - 2.35, Large Smoothies - Glowing Greens - 2.50, Large Speciality Tea - Camomile - 1.60, Regular Smoothies - Glowing Greens - 2.00",12.0,CARD,3931988351604130
09/09/2021 10:00,Newcastle upon Tyne,James Darbonne,"Large Smoothies - Glowing Greens - 2.50, Large Smoothies - Glowing Greens - 2.50, Large Americano - 2.25, Large Americano - 2.25, Large Iced latte - 2.85",12.35,CARD,6194788894323761
09/09/2021 10:02,Newcastle upon Tyne,Ashley Snelgrove,"Large Speciality Tea - Camomile - 1.60, Large Speciality Tea - English breakfast - 1.60, Regular Americano - 1.95",5.15,CARD,9956532120354220
09/09/2021 10:04,Newcastle upon Tyne,Deanna Tacker,"Large Smoothies - Glowing Greens - 2.50, Regular Iced latte - 2.35, Large Speciality Tea - English breakfast - 1.60, Regular Iced latte - 2.35",8.8,CARD,3334567226553975
09/09/2021 10:05,Newcastle upon Tyne,Pearl Tanner,"Large Smoothies - Glowing Greens - 2.50, Large Smoothies - Glowing Greens - 2.50",5.0,CARD,8680055048316342
09/09/2021 10:07,Newcastle upon Tyne,Moses Sands,Large Iced latte - 2.85,2.85,CARD,9643949152807872
09/09/2021 10:09,Newcastle upon Tyne,Virginia Whittington,"Large Speciality Tea - English breakfast - 1.60, Regular Iced latte - 2.35, Large Americano - 2.25",6.2,CASH,
09/09/2021 10:10,Newcastle upon Tyne,Donald Deslauriers,"Regular Speciality Tea - English breakfast - 1.30, Regular Speciality Tea - Camomile - 1.30, Regular Speciality Tea - Camomile - 1.30, Large Smoothies - Glowing Greens - 2.50, Regular Americano - 1.95, Large Iced latte - 2.85",11.2,CARD,3427324973411934
09/09/2021 10:12,Newcastle upon Tyne,Mark Beane,"Large Speciality Tea - English breakfast - 1.60, Large Speciality Tea - English breakfast - 1.60",3.2,CARD,5202973305864184
09/09/2021 10:14,Newcastle upon Tyne,Travis Simpson,"Large Iced latte - 2.85, Large Americano - 2.25",5.1,CARD,3586244807099353
09/09/2021 10:15,Newcastle upon Tyne,Edward Millet,"Regular Smoothies - Glowing Greens - 2.00, Regular Americano - 1.95, Regular Americano - 1.95",5.9,CARD,4131365557245976
09/09/2021 10:17,Newcastle upon Tyne,Ian Tovar,Regular Iced latte - 2.35,2.35,CARD,2848697356111718
09/09/2021 10:19,Newcastle upon Tyne,Patricia Risner,"Large Speciality Tea - Camomile - 1.60, Large Speciality Tea - Camomile - 1.60, Large Speciality Tea - English breakfast - 1.60, Regular Iced latte - 2.35",7.15,CASH,
09/09/2021 10:20,Newcastle upon Tyne,Rosa Wade,"Large Speciality Tea - Camomile - 1.60, Large Speciality Tea - English breakfast - 1.60",3.2,CARD,4754941413300340
09/09/2021 10:22,Newcastle upon Tyne,Ricky Hoover,Large Speciality Tea - English breakfast - 1.60,1.6,CARD,4294317877388472
09/09/2021 10:24,Newcastle upon Tyne,Crystal Rameriz,"Regular Speciality Tea - English breakfast - 1.30, Regular Iced latte - 2.35, Regular Speciality Tea - Camomile - 1.30, Large Speciality Tea - English breakfast - 1.60, Large Smoothies - Glowing Greens - 2.50",9.05,CASH,
09/09/2021 10:25,Newcastle upon Tyne,Juan Hollis,"Regular Speciality Tea - Camomile - 1.30, Large Smoothies - Glowing Greens - 2.50, Regular Speciality Tea - Camomile - 1.30",5.1,CARD,4021099716493992
09/09/2021 10:27,Newcastle upon Tyne,Michael Mcdonell,Regular Smoothies - Glowing Greens - 2.00,2.0,CARD,5910145119352221
09/09/2021 10:29,Newcastle upon Tyne,Mary Oney,"Large Speciality Tea - Camomile - 1.60, Regular Iced latte - 2.35",3.95,CASH,
09/09/2021 10:30,Newcastle upon Tyne,Jill Wimer,"Large Iced latte - 2.85, Regular Speciality Tea - English breakfast - 1.30, Large Smoothies - Glowing Greens - 2.50",6.65,CASH,
09/09/2021 10:32,Newcastle upon Tyne,Alexander Lowery,"Large Iced latte - 2.85, Regular Smoothies - Glowing Greens - 2.00, Regular Speciality Tea - English breakfast - 1.30, Regular Smoothies - Glowing Greens - 2.00",8.15,CASH,
09/09/2021 10:34,Newcastle upon Tyne,Janie Sparkman,"Regular Iced latte - 2.35, Large Americano - 2.25, Large Iced latte - 2.85, Large Americano - 2.25, Regular Americano - 1.95, Regular Smoothies - Glowing Greens - 2.00",13.65,CARD,7668337448976043
09/09/2021 10:35,Newcastle upon Tyne,Wanda Davis,"Large Iced latte - 2.85, Large Smoothies - Glowing Greens - 2.50, Large Speciality Tea - English breakfast - 1.60",6.95,CARD,5460044931045855
09/09/2021 10:37,Newcastle upon Tyne,Robin Patton,"Large Speciality Tea - English breakfast - 1.60, Regular Smoothies - Glowing Greens - 2.00",3.6,CARD,1761513368949361
09/09/2021 10:39,Newcastle upon Tyne,Mary Fraser,"Regular Smoothies - Glowing Greens - 2.00, Large Americano - 2.25, Regular Smoothies - Glowing Greens - 2.00",6.25,CARD,3471064599889275
09/09/2021 10:40,Newcastle upon Tyne,Virgina Guida,"Regular Smoothies - Glowing Greens - 2.00, Large Speciality Tea - English breakfast - 1.60, Regular Smoothies - Glowing Greens - 2.00",5.6,CARD,8305501388122398
09/09/2021 10:42,Newcastle upon Tyne,Carmen Wiedman,"Large Smoothies - Glowing Greens - 2.50, Large Speciality Tea - Camomile - 1.60",4.1,CASH,
09/09/2021 10:44,Newcastle upon Tyne,Christopher Trammell,"Regular Speciality Tea - English breakfast - 1.30, Regular Smoothies - Glowing Greens - 2.00, Large Speciality Tea - Camomile - 1.60, Large Americano - 2.25, Large Speciality Tea - English breakfast - 1.60",8.75,CARD,6002597579582382
09/09/2021 10:45,Newcastle upon Tyne,Thomas Samuel,"Large Speciality Tea - Camomile - 1.60, Regular Americano - 1.95, Regular Americano - 1.95",5.5,CARD,7064883598963031
09/09/2021 10:47,Newcastle upon Tyne,Benjamin Ravenell,"Large Speciality Tea - English breakfast - 1.60, Regular Speciality Tea - English breakfast - 1.30, Large Iced latte - 2.85, Regular Smoothies - Glowing Greens - 2.00, Regular Americano - 1.95",9.7,CARD,1758020938807771
09/09/2021 10:49,Newcastle upon Tyne,Anita Menn,"Regular Americano - 1.95, Large Speciality Tea - English breakfast - 1.60",3.55,CASH,
09/09/2021 10:50,Newcastle upon Tyne,Susie Bodenhamer,Large Speciality Tea - English breakfast - 1.60,1.6,CARD,5877352065201737
09/09/2021 10:52,Newcastle upon Tyne,Charles Ardon,"Regular Speciality Tea - Camomile - 1.30, Regular Speciality Tea - English breakfast - 1.30, Large Smoothies - Glowing Greens - 2.50, Large Americano - 2.25, Large Speciality Tea - Camomile - 1.60, Large Speciality Tea - English breakfast - 1.60",10.55,CARD,9666505225139553
09/09/2021 10:54,Newcastle upon Tyne,Elinor King,"Regular Speciality Tea - Camomile - 1.30, Large Iced latte - 2.85, Large Speciality Tea - Camomile - 1.60",5.75,CARD,8499719781694770
09/09/2021 10:55,Newcastle upon Tyne,Jesse Fiecke,"Regular Speciality Tea - Camomile - 1.30, Large Americano - 2.25, Large Speciality Tea - Camomile - 1.60",5.15,CARD,5994578244912397
09/09/2021 10:57,Newcastle upon Tyne,Clinton Fox,Regular Speciality Tea - English breakfast - 1.30,1.3,CASH,
09/09/2021 10:59,Newcastle upon Tyne,Eleanor Morrissey,"Regular Iced latte - 2.35, Regular Americano - 1.95",4.3,CARD,6014487746479309
09/09/2021 11:00,Newcastle upon Tyne,Brian Gelb,"Large Speciality Tea - Camomile - 1.60, Large Americano - 2.25, Regular Speciality Tea - Camomile - 1.30",5.15,CARD,7883920649977193
09/09/2021 11:05,Newcastle upon Tyne,Desirae Duncan,"Large Iced latte - 2.85, Large Speciality Tea - Camomile - 1.60, Regular Iced latte - 2.35, Regular Speciality Tea - English breakfast - 1.30",8.1,CASH,
09/09/2021 11:10,Newcastle upon Tyne,Sarah Hamada,"Large Speciality Tea - Camomile - 1.60, Regular Iced latte - 2.35, Large Americano - 2.25, Regular Speciality Tea - English breakfast - 1.30, Large Speciality Tea - English breakfast - 1.60",9.1,CARD,2235605033581719
09/09/2021 11:15,Newcastle upon Tyne,Kathryn Demelis,"Regular Americano - 1.95, Large Smoothies - Glowing Greens - 2.50, Large Americano - 2.25",6.7,CARD,9212065531591996
09/09/2021 11:20,Newcastle upon Tyne,Beverly Lewis,"Large Speciality Tea - English breakfast - 1.60, Large Speciality Tea - English breakfast - 1.60, Regular Iced latte - 2.35, Regular Speciality Tea - English breakfast - 1.30, Large Iced latte - 2.85, Regular Speciality Tea - Camomile - 1.30",11.0,CASH,
09/09/2021 11:25,Newcastle upon Tyne,Marie Sandusky,Regular Speciality Tea - English breakfast - 1.30,1.3,CASH,
09/09/2021 11:30,Newcastle upon Tyne,Guy Gutierrez,"Large Iced latte - 2.85, Regular Speciality Tea - Camomile - 1.30",4.15,CASH,
09/09/2021 11:35,Newcastle upon Tyne,Harold Hidinger,"Regular Iced latte - 2.35, Regular Speciality Tea - English breakfast - 1.30, Regular Speciality Tea - Camomile - 1.30, Large Iced latte - 2.85",7.8,CARD,2628951726921676
09/09/2021 11:40,Newcastle upon Tyne,Deanna Olson,"Regular Speciality Tea - Camomile - 1.30, Regular Iced latte - 2.35, Large Americano - 2.25, Regular Americano - 1.95",7.85,CARD,7817182872638521
09/09/2021 11:45,Newcastle upon Tyne,Emilie Acree,"Regular Speciality Tea - Camomile - 1.30, Large Smoothies - Glowing Greens - 2.50, Regular Speciality Tea - Camomile - 1.30, Large Iced latte - 2.85",7.95,CASH,
09/09/2021 11:50,Newcastle upon Tyne,Shane Delargy,Large Smoothies - Glowing Greens - 2.50,2.5,CASH,
09/09/2021 11:55,Newcastle upon Tyne,John Perez,"Large Speciality Tea - English breakfast - 1.60, Large Speciality Tea - English breakfast - 1.60",3.2,CARD,6328954079050474
09/09/2021 12:00,Newcastle upon Tyne,Larry White,"Regular Smoothies - Glowing Greens - 2.00, Regular Smoothies - Glowing Greens - 2.00, Large Smoothies - Glowing Greens - 2.50",6.5,CARD,3961088001824309
09/09/2021 12:04,Newcastle upon Tyne,Frances Caldon,"Large Speciality Tea - Camomile - 1.60, Large Speciality Tea - English breakfast - 1.60, Regular Speciality Tea - Camomile - 1.30, Large Smoothies - Glowing Greens - 2.50",7.0,CARD,2870010412028524
09/09/2021 12:08,Newcastle upon Tyne,Mary Mcginnis,Large Americano - 2.25,2.25,CASH,
09/09/2021 12:12,Newcastle upon Tyne,William Dettinger,"Large Smoothies - Glowing Greens - 2.50, Regular Smoothies - Glowing Greens - 2.00, Regular Smoothies - Glowing Greens - 2.00, Regular Smoothies - Glowing Greens - 2.00, Large Speciality Tea - Camomile - 1.60",10.1,CARD,9131815592112095
09/09/2021 12:16,Newcastle upon Tyne,Esmeralda Castaneda,"Large Speciality Tea - Camomile - 1.60, Regular Speciality Tea - English breakfast - 1.30",2.9,CARD,9811080873868869
09/09/2021 12:20,Newcastle upon Tyne,Thomas Smith,"Regular Speciality Tea - English breakfast - 1.30, Regular Americano - 1.95, Large Speciality Tea - Camomile - 1.60, Large Speciality Tea - Camomile - 1.60, Large Smoothies - Glowing Greens - 2.50, Large Iced latte - 2.85",11.8,CARD,4454341800541141
09/09/2021 12:24,Newcastle upon Tyne,Arthur Simon,"Regular Speciality Tea - English breakfast - 1.30, Regular Smoothies - Glowing Greens - 2.00, Large Speciality Tea - Camomile - 1.60",4.9,CASH,
09/09/2021 12:28,Newcastle upon Tyne,Stephen Cheng,"Regular Speciality Tea - Camomile - 1.30, Regular Speciality Tea - Camomile - 1.30",2.6,CARD,1870775248425915
09/09/2021 12:32,Newcastle upon Tyne,Reba Conway,"Regular Smoothies - Glowing Greens - 2.00, Regular Speciality Tea - English breakfast - 1.30",3.3,CARD,7971623254389473
09/09/2021 12:36,Newcastle upon Tyne,Ryan Novoa,"Large Smoothies - Glowing Greens - 2.50, Large Smoothies - Glowing Greens - 2.50",5.0,CARD,3851386307994309
09/09/2021 12:40,Newcastle upon Tyne,Susan Jackson,"Large Smoothies - Glowing Greens - 2.50, Large Iced latte - 2.85, Regular Speciality Tea - English breakfast - 1.30",6.65,CARD,2729083714652310
09/09/2021 12:44,Newcastle upon Tyne,David Lichty,"Regular Iced latte - 2.35, Large Americano - 2.25, Large Americano - 2.25",6.85,CARD,1104323443899936
09/09/2021 12:48,Newcastle upon Tyne,Bobby Davis,Large Americano - 2.25,2.25,CARD,4386106758385928
09/09/2021 12:52,Newcastle upon Tyne,Everett Stephens,Large Americano - 2.25,2.25,CASH,
09/09/2021 12:56,Newcastle upon Tyne,Derek Cook,"Regular Iced latte - 2.35, Large Speciality Tea - Camomile - 1.60",3.95,CARD,5665212950758118
09/09/2021 13:00,Newcastle upon Tyne,Michael Kamuda,Regular Iced latte - 2.35,2.35,CARD,8512851033163303
09/09/2021 13:02,Newcastle upon Tyne,Billy Harvey,"Regular Iced latte - 2.35, Large Speciality Tea - Camomile - 1.60, Regular Speciality Tea - Camomile - 1.30",5.25,CARD,4150780397383073
09/09/2021 13:04,Newcastle upon Tyne,Donna Lane,Large Speciality Tea - English breakfast - 1.60,1.6,CARD,5866580301479121
09/09/2021 13:06,Newcastle upon Tyne,Dennis Jones,"Large Speciality Tea - English breakfast - 1.60, Regular Americano - 1.95, Regular Speciality Tea - English breakfast - 1.30, Regular Americano - 1.95, Large Iced latte - 2.85",9.65,CARD,3388340525860668
09/09/2021 13:07,Newcastle upon Tyne,Antonio Bryan,"Large Iced latte - 2.85, Regular Speciality Tea - English breakfast - 1.30, Large Americano - 2.25, Large Speciality Tea - Camomile - 1.60, Large Speciality Tea - Camomile - 1.60",9.6,CARD,8294736638510492
09/09/2021 13:09,Newcastle upon Tyne,Maria Vargas,"Regular Americano - 1.95, Large Americano - 2.25, Large Smoothies - Glowing Greens - 2.50, Regular Iced latte - 2.35",9.05,CASH,
09/09/2021 13:11,Newcastle upon Tyne,Dan Welch,Large Smoothies - Glowing Greens - 2.50,2.5,CASH,
09/09/2021 13:13,Newcastle upon Tyne,Tanya Knight,Large Speciality Tea - English breakfast - 1.60,1.6,CARD,2566791970610997
09/09/2021 13:14,Newcastle upon Tyne,Michael Lapidus,"Regular Americano - 1.95, Regular Smoothies - Glowing Greens - 2.00, Large Speciality Tea - English breakfast - 1.60, Large Iced latte - 2.85, Regular Smoothies - Glowing Greens - 2.00",10.4,CARD,5536070616100478
09/09/2021 13:16,Newcastle upon Tyne,Vanessa Ryan,"Large Americano - 2.25, Regular Smoothies - Glowing Greens - 2.00, Large Speciality Tea - English breakfast - 1.60, Large Americano - 2.25",8.1,CARD,2049256678652576
09/09/2021 13:18,Newcastle upon Tyne,Karla Marmon,Regular Iced latte - 2.35,2.35,CARD,1818296881776983
09/09/2021 13:20,Newcastle upon Tyne,Phillip Rutledge,Large Speciality Tea - Camomile - 1.60,1.6,CARD,9329172709629938
09/09/2021 13:21,Newcastle upon Tyne,Norma Bristol,"Regular Americano - 1.95, Regular Americano - 1.95",3.9,CARD,3504818161971238
09/09/2021 13:23,Newcastle upon Tyne,Harry Taylor,"Regular Iced latte - 2.35, Regular Americano - 1.95, Large Americano - 2.25, Large Speciality Tea - English breakfast - 1.60, Large Speciality Tea - English breakfast - 1.60",9.75,CASH,
09/09/2021 13:25,Newcastle upon Tyne,Lorraine Mcabee,Regular Speciality Tea - English breakfast - 1.30,1.3,CASH,
09/09/2021 13:27,Newcastle upon Tyne,Anastasia Bowman,"Regular Iced latte - 2.35, Large Speciality Tea - English breakfast - 1.60, Large Speciality Tea - Camomile - 1.60, Regular Speciality Tea - Camomile - 1.30, Large Smoothies - Glowing Greens - 2.50",9.35,CARD,7389137472672078
09/09/2021 13:28,Newcastle upon Tyne,Beverly Monroe,"Regular Iced latte - 2.35, Large Iced latte - 2.85, Regular Speciality Tea - Camomile - 1.30, Large Speciality Tea - Camomile - 1.60, Large Smoothies - Glowing Greens - 2.50",10.6,CASH,
09/09/2021 13:30,Newcastle upon Tyne,Cory Bussell,"Regular Americano - 1.95, Regular Americano - 1.95, Large Iced latte - 2.85",6.75,CARD,4160290505993267
09/09/2021 13:32,Newcastle upon Tyne,Ebony Berlin,"Regular Smoothies - Glowing Greens - 2.00, Large Speciality Tea - Camomile - 1.60",3.6,CARD,5502433465035984
09/09/2021 13:34,Newcastle upon Tyne,Scott Tuner,Large Speciality Tea - English breakfast - 1.60,1.6,CARD,3136377485000159
09/09/2021 13:35,Newcastle upon Tyne,Susan Soto,Regular Smoothies - Glowing Greens - 2.00,2.0,CARD,6696268078538787
09/09/2021 13:37,Newcastle upon Tyne,Robert Stermer,Large Americano - 2.25,2.25,CARD,9845028980382699
09/09/2021 13:39,Newcastle upon Tyne,William Mize,Regular Iced latte - 2.35,2.35,CARD,3781113415685910
09/09/2021 13:41,Newcastle upon Tyne,Eric Rinehart,"Large Speciality Tea - Camomile - 1.60, Large Americano - 2.25, Large Speciality Tea - Camomile - 1.60, Large Speciality Tea - English breakfast - 1.60",7.05,CARD,9219787292662426
09/09/2021 13:42,Newcastle upon Tyne,Amanda Long,"Large Americano - 2.25, Large Iced latte - 2.85, Large Speciality Tea - English breakfast - 1.60",6.7,CARD,6652008721991312
09/09/2021 13:44,Newcastle upon Tyne,Leslie Johnson,Large Iced latte - 2.85,2.85,CARD,5461744676982648
09/09/2021 13:46,Newcastle upon Tyne,Judy Wilson,Large Smoothies - Glowing Greens - 2.50,2.5,CARD,2178928557382369
09/09/2021 13:48,Newcastle upon Tyne,Mark Wright,Large Iced latte - 2.85,2.85,CARD,1276587344666711
09/09/2021 13:49,Newcastle upon Tyne,Ronald Batten,"Large Speciality Tea - Camomile - 1.60, Regular Speciality Tea - Camomile - 1.30, Large Iced latte - 2.85, Large Speciality Tea - English breakfast - 1.60, Large Americano - 2.25",9.6,CARD,9484778979875645
09/09/2021 13:51,Newcastle upon Tyne,Vincent Stanford,Regular Speciality Tea - English breakfast - 1.30,1.3,CASH,
09/09/2021 13:53,Newcastle upon Tyne,Morris Holland,"Large Americano - 2.25, Regular Speciality Tea - English breakfast - 1.30",3.55,CARD,6187037928021393
09/09/2021 13:55,Newcastle upon Tyne,Ryan Cole,"Large Speciality Tea - English breakfast - 1.60, Regular Smoothies - Glowing Greens - 2.00, Regular Iced latte - 2.35, Large Smoothies - Glowing Greens - 2.50",8.45,CASH,
09/09/2021 13:57,Newcastle upon Tyne,John Denise,"Large Speciality Tea - English breakfast - 1.60, Large Speciality Tea - Camomile - 1.60, Large Iced latte - 2.85",6.05,CASH,
09/09/2021 13:58,Newcastle upon Tyne,Greg Jensen,"Large Speciality Tea - English breakfast - 1.60, Large Smoothies - Glowing Greens - 2.50",4.1,CASH,
09/09/2021 14:00,Newcastle upon Tyne,Mary Gale,"Regular Speciality Tea - Camomile - 1.30, Regular Iced latte - 2.35, Regular Smoothies - Glowing Greens - 2.00, Large Smoothies - Glowing Greens - 2.50",8.15,CARD,5831405394705509
09/09/2021 14:02,Newcastle upon Tyne,Pearl Powell,"Large Iced latte - 2.85, Regular Speciality Tea - Camomile - 1.30, Regular Iced latte - 2.35, Regular Speciality Tea - Camomile - 1.30",7.8,CARD,9475937154786597
09/09/2021 14:04,Newcastle upon Tyne,Beverly Solis,"Large Smoothies - Glowing Greens - 2.50, Regular Speciality Tea - Camomile - 1.30",3.8,CARD,5107966443188138
09/09/2021 14:06,Newcastle upon Tyne,Juliana Dehaven,"Regular Speciality Tea - English breakfast - 1.30, Large Smoothies - Glowing Greens - 2.50, Large Iced latte - 2.85",6.65,CARD,4761707949174630
09/09/2021 14:08,Newcastle upon Tyne,Donald Sarro,"Regular Speciality Tea - English breakfast - 1.30, Regular Speciality Tea - Camomile - 1.30",2.6,CARD,8521101813538825
09/09/2021 14:10,Newcastle upon Tyne,David Pittman,Regular Speciality Tea - English breakfast - 1.30,1.3,CARD,6184279348079968
09/09/2021 14:12,Newcastle upon Tyne,Jimmy Robinson,Regular Iced latte - 2.35,2.35,CARD,4285152925261242
09/09/2021 14:14,Newcastle upon Tyne,John Hunt,"Regular Speciality Tea - Camomile - 1.30, Large Speciality Tea - Camomile - 1.60, Regular Iced latte - 2.35, Large Smoothies - Glowing Greens - 2.50",7.75,CARD,9387142573559437
09/09/2021 14:16,Newcastle upon Tyne,Margaret Gray,"Large Smoothies - Glowing Greens - 2.50, Large Speciality Tea - Camomile - 1.60, Large Speciality Tea - Camomile - 1.60, Large Americano - 2.25",7.95,CASH,
09/09/2021 14:17,Newcastle upon Tyne,Samuel Fann,"Regular Speciality Tea - Camomile - 1.30, Large Speciality Tea - Camomile - 1.60, Regular Americano - 1.95",4.85,CARD,4134054468674645
09/09/2021 14:19,Newcastle upon Tyne,John Miller,"Large Americano - 2.25, Regular Speciality Tea - Camomile - 1.30, Large Americano - 2.25, Regular Smoothies - Glowing Greens - 2.00",7.8,CASH,
09/09/2021 14:21,Newcastle upon Tyne,Courtney Burkhardt,"Regular Iced latte - 2.35, Large Speciality Tea - Camomile - 1.60, Regular Speciality Tea - Camomile - 1.30",5.25,CARD,4775999002566293
09/09/2021 14:23,Newcastle upon Tyne,Linda Gass,"Regular Speciality Tea - English breakfast - 1.30, Regular Speciality Tea - English breakfast - 1.30, Regular Americano - 1.95",4.55,CARD,3869511449441347
09/09/2021 14:25,Newcastle upon Tyne,Lynn Grove,"Large Iced latte - 2.85, Regular Americano - 1.95, Regular Speciality Tea - Camomile - 1.30, Regular Iced latte - 2.35",8.45,CASH,
09/09/2021 14:27,Newcastle upon Tyne,Daniel Clark,"Large Speciality Tea - Camomile - 1.60, Large Smoothies - Glowing Greens - 2.50, Regular Iced latte - 2.35",6.45,CARD,1987124188824435
09/09/2021 14:29,Newcastle upon Tyne,Catherine Bradley,"Large Speciality Tea - Camomile - 1.60, Large Speciality Tea - English breakfast - 1.60, Regular Iced latte - 2.35",5.55,CARD,4348130796725122
09/09/2021 14:31,Newcastle upon Tyne,Joe Weaver,"Large Smoothies - Glowing Greens - 2.50, Large Iced latte - 2.85, Regular Smoothies - Glowing Greens - 2.00, Large Speciality Tea - Camomile - 1.60",8.95,CARD,9086633318064245
09/09/2021 14:33,Newcastle upon Tyne,Tom Milan,Regular Smoothies - Glowing Greens - 2.00,2.0,CASH,
09/09/2021 14:35,Newcastle upon Tyne,Susie Blackwell,"Regular Smoothies - Glowing Greens - 2.00, Large Iced latte - 2.85, Large Speciality Tea - Camomile - 1.60, Regular Americano - 1.95, Large Speciality Tea - English breakfast - 1.60",10.0,CARD,7298863350016282
09/09/2021 14:37,Newcastle upon Tyne,Thomas Pollard,"Regular Smoothies - Glowing Greens - 2.00, Large Speciality Tea - Camomile - 1.60",3.6,CARD,6606448528743162
09/09/2021 14:39,Newcastle upon Tyne,Yvette Doolittle,Regular Iced latte - 2.35,2.35,CASH,
09/09/2021 14:41,Newcastle upon Tyne,Denise Standley,"Regular Speciality Tea - Camomile - 1.30, Large Iced latte - 2.85, Large Smoothies - Glowing Greens - 2.50",6.65,CASH,
09/09/2021 14:43,Newcastle upon Tyne,Sarah Arnold,"Large Americano - 2.25, Regular Smoothies - Glowing Greens - 2.00",4.25,CARD,9543985654750234
09/09/2021 14:45,Newcastle upon Tyne,Opal Goodie,"Large Iced latte - 2.85, Regular Speciality Tea - Camomile - 1.30, Large Smoothies - Glowing Greens - 2.50",6.65,CASH,
09/09/2021 14:46,Newcastle upon Tyne,Jayson Crout,"Large Smoothies - Glowing Greens - 2.50, Regular Iced latte - 2.35, Large Speciality Tea - English breakfast - 1.60, Regular Americano - 1.95",8.4,CARD,5626641918663072
09/09/2021 14:48,Newcastle upon Tyne,Jay Reyes,"Regular Speciality Tea - Camomile - 1.30, Regular Smoothies - Glowing Greens - 2.00, Large Americano - 2.25",5.55,CARD,1316272902698177
09/09/2021 14:50,Newcastle upon Tyne,Marsha Darby,"Large Speciality Tea - English breakfast - 1.60, Large Smoothies - Glowing Greens - 2.50, Large Americano - 2.25",6.35,CARD,1067640576616845
09/09/2021 14:52,Newcastle upon Tyne,Craig Martinez,"Large Smoothies - Glowing Greens - 2.50, Large Americano - 2.25",4.75,CARD,2717471759461818
09/09/2021 14:54,Newcastle upon Tyne,Lynne Shah,Large Americano - 2.25,2.25,CARD,2238150301667484
09/09/2021 14:56,Newcastle upon Tyne,Claude Lawson,Regular Speciality Tea - Camomile - 1.30,1.3,CARD,4276581029808687
09/09/2021 14:58,Newcastle upon Tyne,Judith Spotwood,"Regular Smoothies - Glowing Greens - 2.00, Regular Speciality Tea - Camomile - 1.30, Regular Speciality Tea - English breakfast - 1.30",4.6,CARD,4317505589498167
09/09/2021 15:00,Newcastle upon Tyne,Paula Parker,Large Americano - 2.25,2.25,CARD,4200818915702049
09/09/2021 15:02,Newcastle upon Tyne,Beatriz Mayeux,"Regular Americano - 1.95, Large Americano - 2.25, Large Speciality Tea - Camomile - 1.60, Regular Smoothies - Glowing Greens - 2.00, Large Iced latte - 2.85",10.65,CARD,8660554431447440
09/09/2021 15:03,Newcastle upon Tyne,Deborah Gorman,"Large Smoothies - Glowing Greens - 2.50, Regular Speciality Tea - English breakfast - 1.30, Regular Smoothies - Glowing Greens - 2.00",5.8,CASH,
09/09/2021 15:05,Newcastle upon Tyne,Mercedes Underwood,Large Americano - 2.25,2.25,CARD,1322412783719218
09/09/2021 15:06,Newcastle upon Tyne,Christie Kirn,"Large Iced latte - 2.85, Large Iced latte - 2.85, Large Speciality Tea - Camomile - 1.60",7.3,CARD,5800982111730572
09/09/2021 15:08,Newcastle upon Tyne,Mary Garza,"Large Speciality Tea - English breakfast - 1.60, Regular Speciality Tea - English breakfast - 1.30",2.9,CARD,2350008129310020
09/09/2021 15:09,Newcastle upon Tyne,Robert Rutherford,Regular Americano - 1.95,1.95,CASH,
09/09/2021 15:11,Newcastle upon Tyne,John Jackson,Regular Americano - 1.95,1.95,CASH,
09/09/2021 15:13,Newcastle upon Tyne,Leila Nunez,"Regular Speciality Tea - Camomile - 1.30, Large Smoothies - Glowing Greens - 2.50, Large Smoothies - Glowing Greens - 2.50, Regular Americano - 1.95",8.25,CARD,4296166943133660
09/09/2021 15:14,Newcastle upon Tyne,Richard Eraso,"Large Speciality Tea - English breakfast - 1.60, Regular Speciality Tea - English breakfast - 1.30",2.9,CARD,4330845416950819
09/09/2021 15:16,Newcastle upon Tyne,Dyan Funderburk,"Regular Smoothies - Glowing Greens - 2.00, Regular Speciality Tea - English breakfast - 1.30, Regular Smoothies - Glowing Greens - 2.00, Regular Smoothies - Glowing Greens - 2.00, Large Smoothies - Glowing Greens - 2.50",9.8,CARD,8831680239267108
09/09/2021 15:17,Newcastle upon Tyne,James Fears,"Regular Speciality Tea - English breakfast - 1.30, Regular Americano - 1.95",3.25,CASH,
09/09/2021 15:19,Newcastle upon Tyne,Robert Manney,"Regular Smoothies - Glowing Greens - 2.00, Large Iced latte - 2.85, Regular Speciality Tea - Camomile - 1.30, Regular Smoothies - Glowing Greens - 2.00",8.15,CARD,6427716661490698
09/09/2021 15:20,Newcastle upon Tyne,Brian Palma,"Regular Iced latte - 2.35, Large Smoothies - Glowing Greens - 2.50, Regular Americano - 1.95, Regular Smoothies - Glowing Greens - 2.00, Large Smoothies - Glowing Greens - 2.50",11.3,CARD,8611998024512881
09/09/2021 15:22,Newcastle upon Tyne,Steven Lindsey,"Large Americano - 2.25, Large Iced latte - 2.85, Regular Iced latte - 2.35, Regular Speciality Tea - Camomile - 1.30",8.75,CARD,6016369731269548
09/09/2021 15:23,Newcastle upon Tyne,Michelle Montgomery,"Large Speciality Tea - English breakfast - 1.60, Large Smoothies - Glowing Greens - 2.50, Large Speciality Tea - Camomile - 1.60, Large Speciality Tea - English breakfast - 1.60",7.3,CARD,4491511588991993
09/09/2021 15:25,Newcastle upon Tyne,James Johnson,"Large Iced latte - 2.85, Regular Americano - 1.95, Regular Americano - 1.95, Regular Americano - 1.95",8.7,CARD,7095809181906018
09/09/2021 15:27,Newcastle upon Tyne,Roger Kelly,"Large Smoothies - Glowing Greens - 2.50, Regular Smoothies - Glowing Greens - 2.00",4.5,CARD,6376772002657550
09/09/2021 15:28,Newcastle upon Tyne,Blythe White,"Regular Speciality Tea - English breakfast - 1.30, Regular Speciality Tea - Camomile - 1.30, Regular Smoothies - Glowing Greens - 2.00, Large Iced latte - 2.85, Large Americano - 2.25",9.7,CARD,7911188740134606
09/09/2021 15:30,Newcastle upon Tyne,John Wilson,"Regular Speciality Tea - Camomile - 1.30, Regular Speciality Tea - Camomile - 1.30, Large Speciality Tea - English breakfast - 1.60",4.2,CARD,4489710745764029
09/09/2021 15:31,Newcastle upon Tyne,Glenn Tsosie,"Large Speciality Tea - Camomile - 1.60, Regular Smoothies - Glowing Greens - 2.00, Regular Speciality Tea - English breakfast - 1.30",4.9,CARD,9818965334061504
09/09/2021 15:33,Newcastle upon Tyne,Angela Paul,Regular Speciality Tea - Camomile - 1.30,1.3,CARD,3630490178597562
09/09/2021 15:34,Newcastle upon Tyne,Barbara Leif,"Large Smoothies - Glowing Greens - 2.50, Regular Iced latte - 2.35",4.85,CARD,5202249079674882
09/09/2021 15:36,Newcastle upon Tyne,Verena Smith,Large Americano - 2.25,2.25,CARD,7784284872308687
09/09/2021 15:38,Newcastle upon Tyne,William Long,"Large Americano - 2.25, Regular Americano - 1.95, Regular Smoothies - Glowing Greens - 2.00, Regular Speciality Tea - Camomile - 1.30",7.5,CARD,9312746541902474
09/09/2021 15:39,Newcastle upon Tyne,Stephen Wilson,"Regular Iced latte - 2.35, Regular Iced latte - 2.35, Large Speciality Tea - English breakfast - 1.60, Large Smoothies - Glowing Greens - 2.50, Large Iced latte - 2.85",11.65,CARD,5264132224784248
09/09/2021 15:41,Newcastle upon Tyne,Elsie Brooks,"Regular Smoothies - Glowing Greens - 2.00, Regular Smoothies - Glowing Greens - 2.00, Regular Iced latte - 2.35, Regular Americano - 1.95",8.3,CASH,
09/09/2021 15:42,Newcastle upon Tyne,Guillermina Danforth,"Large Smoothies - Glowing Greens - 2.50, Regular Speciality Tea - Camomile - 1.30, Regular Americano - 1.95, Large Smoothies - Glowing Greens - 2.50, Large Smoothies - Glowing Greens - 2.50",10.75,CARD,2606726074038827
09/09/2021 15:44,Newcastle upon Tyne,Buddy Smith,Large Americano - 2.25,2.25,CASH,
09/09/2021 15:45,Newcastle upon Tyne,Joseph Middleton,"Large Smoothies - Glowing Greens - 2.50, Large Speciality Tea - Camomile - 1.60, Regular Americano - 1.95, Large Iced latte - 2.85",8.9,CARD,3752271665560043
09/09/2021 15:47,Newcastle upon Tyne,Andrew Sears,Regular Iced latte - 2.35,2.35,CARD,3221105237661776
09/09/2021 15:49,Newcastle upon Tyne,Michael Aguilar,"Regular Americano - 1.95, Regular Smoothies - Glowing Greens - 2.00, Regular Smoothies - Glowing Greens - 2.00",5.95,CARD,3513739549944418
09/09/2021 15:50,Newcastle upon Tyne,Paul Gates,"Regular Smoothies - Glowing Greens - 2.00, Large Americano - 2.25",4.25,CARD,8661239000930325
09/09/2021 15:52,Newcastle upon Tyne,Jason Sanchez,"Large Americano - 2.25, Regular Iced latte - 2.35",4.6,CASH,
09/09/2021 15:53,Newcastle upon Tyne,Paige Phillips,"Regular Iced latte - 2.35, Regular Americano - 1.95",4.3,CASH,
09/09/2021 15:55,Newcastle upon Tyne,Glen Devries,"Large Speciality Tea - English breakfast - 1.60, Regular Americano - 1.95",3.55,CARD,1734030230737734
09/09/2021 15:56,Newcastle upon Tyne,Dorothea Holt,"Regular Smoothies - Glowing Greens - 2.00, Large Americano - 2.25, Large Speciality Tea - English breakfast - 1.60, Regular Iced latte - 2.35",8.2,CASH,
09/09/2021 15:58,Newcastle upon Tyne,Clint Cornell,"Regular Iced latte - 2.35, Large Americano - 2.25, Regular Americano - 1.95, Regular Iced latte - 2.35, Regular Iced latte - 2.35",11.25,CARD,8544896255121838
09/09/2021 16:00,Newcastle upon Tyne,Erica Peavey,Regular Americano - 1.95,1.95,CASH,
09/09/2021 16:01,Newcastle upon Tyne,Daniel Viera,Regular Iced latte - 2.35,2.35,CARD,5066736375900226
09/09/2021 16:03,Newcastle upon Tyne,Ruby Pittman,"Large Smoothies - Glowing Greens - 2.50, Large Iced latte - 2.85, Large Americano - 2.25",7.6,CARD,3108982832257270
09/09/2021 16:05,Newcastle upon Tyne,Carolyn Donaldson,"Large Americano - 2.25, Large Americano - 2.25",4.5,CASH,
09/09/2021 16:07,Newcastle upon Tyne,Rhonda Cochran,"Large Smoothies - Glowing Greens - 2.50, Regular Speciality Tea - Camomile - 1.30, Regular Iced latte - 2.35, Regular Iced latte - 2.35",8.5,CARD,6379716997786827
09/09/2021 16:09,Newcastle upon Tyne,Frankie Cady,"Large Smoothies - Glowing Greens - 2.50, Regular Speciality Tea - Camomile - 1.30, Regular Speciality Tea - Camomile - 1.30, Large Smoothies - Glowing Greens - 2.50, Large Smoothies - Glowing Greens - 2.50",10.1,CARD,2509118847602871
09/09/2021 16:11,Newcastle upon Tyne,Justin Gundlach,"Large Speciality Tea - English breakfast - 1.60, Large Speciality Tea - Camomile - 1.60",3.2,CASH,
09/09/2021 16:13,Newcastle upon Tyne,Shelly Stone,Large Speciality Tea - English breakfast - 1.60,1.6,CARD,1267172755392493
09/09/2021 16:14,Newcastle upon Tyne,Alison Whitfield,Large Americano - 2.25,2.25,CARD,4212607082889428
09/09/2021 16:16,Newcastle upon Tyne,Travis Burnett,"Regular Smoothies - Glowing Greens - 2.00, Large Americano - 2.25",4.25,CARD,3509067372988438
09/09/2021 16:18,Newcastle upon Tyne,Jeanette Trujillo,"Large Smoothies - Glowing Greens - 2.50, Large Smoothies - Glowing Greens - 2.50",5.0,CARD,9829656124891505
09/09/2021 16:20,Newcastle upon Tyne,Russell Howard,"Large Speciality Tea - Camomile - 1.60, Regular Smoothies - Glowing Greens - 2.00",3.6,CARD,3592664747009293
09/09/2021 16:22,Newcastle upon Tyne,Marion Manchester,"Regular Speciality Tea - English breakfast - 1.30, Regular Iced latte - 2.35, Regular Americano - 1.95",5.6,CARD,3738592752207479
09/09/2021 16:24,Newcastle upon Tyne,Erin Stevenson,"Large Speciality Tea - Camomile - 1.60, Regular Speciality Tea - Camomile - 1.30",2.9,CASH,
09/09/2021 16:26,Newcastle upon Tyne,Robert Powell,"Regular Smoothies - Glowing Greens - 2.00, Large Iced latte - 2.85, Large Iced latte - 2.85, Regular Smoothies - Glowing Greens - 2.00, Regular Americano - 1.95",11.65,CARD,3652835500839099
09/09/2021 16:28,Newcastle upon Tyne,Tawana Martinez,Regular Smoothies - Glowing Greens - 2.00,2.0,CARD,9157264526388353
09/09/2021 16:29,Newcastle upon Tyne,Josephine Slaughter,"Regular Americano - 1.95, Regular Smoothies - Glowing Greens - 2.00, Large Iced latte - 2.85",6.8,CASH,
09/09/2021 16:31,Newcastle upon Tyne,Rhonda Reed,"Regular Iced latte - 2.35, Large Americano - 2.25",4.6,CASH,
09/09/2021 16:33,Newcastle upon Tyne,Matthew Hagar,"Large Speciality Tea - Camomile - 1.60, Large Americano - 2.25, Regular Iced latte - 2.35, Regular Americano - 1.95",8.15,CARD,8172627486692358
09/09/2021 16:35,Newcastle upon Tyne,John Alm,Large Speciality Tea - Camomile - 1.60,1.6,CASH,
09/09/2021 16:37,Newcastle upon Tyne,Peter Sivak,"Regular Speciality Tea - Camomile - 1.30, Regular Iced latte - 2.35",3.65,CASH,
09/09/2021 16:39,Newcastle upon Tyne,Amanda Anderson,Regular Speciality Tea - Camomile - 1.30,1.3,CARD,7225190316630162
09/09/2021 16:41,Newcastle upon Tyne,Bridget Anderson,"Large Iced latte - 2.85, Regular Americano - 1.95, Regular Smoothies - Glowing Greens - 2.00",6.8,CARD,4830541390473250
09/09/2021 16:42,Newcastle upon Tyne,Laurena Streeter,"Large Smoothies - Glowing Greens - 2.50, Regular Speciality Tea - English breakfast - 1.30",3.8,CASH,
09/09/2021 16:44,Newcastle upon Tyne,Juanita Silva,"Regular Americano - 1.95, Regular Iced latte - 2.35, Regular Americano - 1.95, Large Iced latte - 2.85",9.1,CARD,9485178444681031
09/09/2021 16:46,Newcastle upon Tyne,Ralph Maulden,"Regular Speciality Tea - English breakfast - 1.30, Regular Smoothies - Glowing Greens - 2.00",3.3,CARD,4384642726382789
09/09/2021 16:48,Newcastle upon Tyne,Bertha Shoop,"Large Iced latte - 2.85, Large Speciality Tea - Camomile - 1.60, Regular Americano - 1.95",6.4,CARD,9360825595496981
09/09/2021 16:50,Newcastle upon Tyne,Deborah Montalvo,"Large Speciality Tea - English breakfast - 1.60, Large Smoothies - Glowing Greens - 2.50, Large Speciality Tea - Camomile - 1.60",5.7,CARD,3921073423354307
09/09/2021 16:52,Newcastle upon Tyne,Sheila Hargis,"Large Americano - 2.25, Large Smoothies - Glowing Greens - 2.50",4.75,CARD,4841115957592467
09/09/2021 16:54,Newcastle upon Tyne,Linda Allison,"Regular Iced latte - 2.35, Regular Speciality Tea - Camomile - 1.30",3.65,CARD,7352412651027664
09/09/2021 16:56,Newcastle upon Tyne,Jeremy Hale,"Large Americano - 2.25, Regular Iced latte - 2.35, Large Speciality Tea - English breakfast - 1.60, Regular Americano - 1.95",8.15,CASH,
09/09/2021 16:57,Newcastle upon Tyne,Keri Scully,"Large Americano - 2.25, Regular Smoothies - Glowing Greens - 2.00",4.25,CASH,
09/09/2021 16:59,Newcastle upon Tyne,Linda Davis,"Regular Speciality Tea - English breakfast - 1.30, Large Iced latte - 2.85, Regular Smoothies - Glowing Greens - 2.00",6.15,CARD,1749263976508915
09/09/2021 17:01,Newcastle upon Tyne,Shane Lemon,Regular Americano - 1.95,1.95,CARD,8374881003427389
09/09/2021 17:03,Newcastle upon Tyne,Lydia Patock,"Large Iced latte - 2.85, Regular Smoothies - Glowing Greens - 2.00",4.85,CASH,
09/09/2021 17:05,Newcastle upon Tyne,Jessica Poulin,"Regular Speciality Tea - Camomile - 1.30, Regular Americano - 1.95, Large Smoothies - Glowing Greens - 2.50, Regular Speciality Tea - English breakfast - 1.30, Large Speciality Tea - English breakfast - 1.60, Regular Americano - 1.95",10.6,CARD,9743319002949397
09/09/2021 17:08,Newcastle upon Tyne,Joseph Glenn,"Large Iced latte - 2.85, Regular Speciality Tea - Camomile - 1.30, Regular Smoothies - Glowing Greens - 2.00, Regular Speciality Tea - Camomile - 1.30, Large Smoothies - Glowing Greens - 2.50",9.95,CASH,
09/09/2021 17:10,Newcastle upon Tyne,Henry Wheatley,"Large Iced latte - 2.85, Regular Speciality Tea - Camomile - 1.30",4.15,CARD,3293420630727181
09/09/2021 17:12,Newcastle upon Tyne,Nicole Jones,"Large Speciality Tea - English breakfast - 1.60, Large Speciality Tea - Camomile - 1.60",3.2,CASH,
09/09/2021 17:14,Newcastle upon Tyne,Benjamin Ritchey,"Large Speciality Tea - Camomile - 1.60, Regular Smoothies - Glowing Greens - 2.00",3.6,CARD,5282702356410807
09/09/2021 17:16,Newcastle upon Tyne,John Rosian,Regular Smoothies - Glowing Greens - 2.00,2.0,CARD,4975739733742965
09/09/2021 17:18,Newcastle upon Tyne,Katrina Kane,Large Speciality Tea - Camomile - 1.60,1.6,CARD,6253910709042903
09/09/2021 17:20,Newcastle upon Tyne,Evangeline Smith,"Large Speciality Tea - Camomile - 1.60, Regular Iced latte - 2.35, Regular Speciality Tea - English breakfast - 1.30",5.25,CASH,
09/09/2021 17:22,Newcastle upon Tyne,Jermaine Kenyon,"Regular Iced latte - 2.35, Regular Iced latte - 2.35",4.7,CARD,2258688355642301
09/09/2021 17:25,Newcastle upon Tyne,Billy Donaldson,"Large Speciality Tea - English breakfast - 1.60, Large Speciality Tea - Camomile - 1.60",3.2,CASH,
09/09/2021 17:27,Newcastle upon Tyne,Wilma Sutton,"Regular Americano - 1.95, Regular Speciality Tea - Camomile - 1.30",3.25,CARD,3005019124868423
09/09/2021 17:29,Newcastle upon Tyne,Robin Jensen,"Large Iced latte - 2.85, Regular Speciality Tea - Camomile - 1.30, Regular Americano - 1.95",6.1,CASH,
09/09/2021 17:31,Newcastle upon Tyne,Clark Thompson,"Regular Speciality Tea - English breakfast - 1.30, Regular Speciality Tea - English breakfast - 1.30, Regular Speciality Tea - Camomile - 1.30",3.9,CARD,8197920746115313
09/09/2021 17:33,Newcastle upon Tyne,Shantell Lopez,"Regular Smoothies - Glowing Greens - 2.00, Large Speciality Tea - English breakfast - 1.60, Regular Speciality Tea - English breakfast - 1.30",4.9,CARD,3516023649366800
09/09/2021 17:35,Newcastle upon Tyne,Jaime Sidhu,"Regular Speciality Tea - Camomile - 1.30, Regular Smoothies - Glowing Greens - 2.00, Regular Iced latte - 2.35, Large Americano - 2.25",7.9,CARD,8561432762928427
09/09/2021 17:37,Newcastle upon Tyne,Arthur Miller,"Large Speciality Tea - Camomile - 1.60, Regular Speciality Tea - Camomile - 1.30, Regular Americano - 1.95, Large Speciality Tea - English breakfast - 1.60, Large Smoothies - Glowing Greens - 2.50",8.95,CASH,
09/09/2021 17:40,Newcastle upon Tyne,Carey Rupp,"Regular Smoothies - Glowing Greens - 2.00, Large Speciality Tea - Camomile - 1.60, Regular Speciality Tea - Camomile - 1.30",4.9,CARD,4740107257905920
09/09/2021 17:42,Newcastle upon Tyne,Frank Wrona,"Regular Speciality Tea - English breakfast - 1.30, Regular Americano - 1.95, Large Speciality Tea - English breakfast - 1.60",4.85,CARD,4790520422535435
09/09/2021 17:44,Newcastle upon Tyne,Terrance Anton,"Large Speciality Tea - Camomile - 1.60, Large Smoothies - Glowing Greens - 2.50, Large Speciality Tea - Camomile - 1.60",5.7,CARD,9342974805691018
09/09/2021 17:46,Newcastle upon Tyne,Laurie Bradley,"Regular Speciality Tea - Camomile - 1.30, Regular Americano - 1.95, Large Americano - 2.25, Large Speciality Tea - English breakfast - 1.60, Regular Americano - 1.95, Regular Americano - 1.95",11.0,CARD,9866290921747926
09/09/2021 17:48,Newcastle upon Tyne,Kristen Thompson,"Large Americano - 2.25, Regular Speciality Tea - Camomile - 1.30, Regular Smoothies - Glowing Greens - 2.00",5.55,CARD,1312495043216776
09/09/2021 17:50,Newcastle upon Tyne,Jerry Strahle,"Regular Speciality Tea - Camomile - 1.30, Large Americano - 2.25, Large Iced latte - 2.85, Large Speciality Tea - Camomile - 1.60",8.0,CARD,7379291322868237
09/09/2021 17:52,Newcastle upon Tyne,Frankie Love,"Regular Americano - 1.95, Large Americano - 2.25, Regular Iced latte - 2.35",6.55,CARD,3684055780995994
09/09/2021 17:54,Newcastle upon Tyne,Jose Neeley,"Large Americano - 2.25, Regular Speciality Tea - Camomile - 1.30",3.55,CARD,9774455235281967
09/09/2021 17:57,Newcastle upon Tyne,Elizabeth Yong,"Regular Speciality Tea - English breakfast - 1.30, Regular Smoothies - Glowing Greens - 2.00, Large Smoothies - Glowing Greens - 2.50, Regular Americano - 1.95",7.75,CARD,5063559894631724
09/09/2021 17:59,Newcastle upon Tyne,Mark Johnson,"Large Speciality Tea - Camomile - 1.60, Regular Speciality Tea - Camomile - 1.30, Large Smoothies - Glowing Greens - 2.50, Large Smoothies - Glowing Greens - 2.50, Large Americano - 2.25, Large Iced latte - 2.85",13.0,CARD,6263943554757819
09/09/2021 18:01,Newcastle upon Tyne,Penelope Janousek,"Large Americano - 2.25, Regular Americano - 1.95",4.2,CARD,8196936694656522
09/09/2021 18:03,Newcastle upon Tyne,Daniel Simpson,"Large Iced latte - 2.85, Regular Iced latte - 2.35",5.2,CARD,6496051266398303
09/09/2021 18:06,Newcastle upon Tyne,Mae Craft,"Large Smoothies - Glowing Greens - 2.50, Regular Speciality Tea - Camomile - 1.30",3.8,CASH,
09/09/2021 18:09,Newcastle upon Tyne,Darren Chafin,"Regular Americano - 1.95, Regular Speciality Tea - English breakfast - 1.30, Regular Speciality Tea - English breakfast - 1.30",4.55,CARD,5162488685808728
09/09/2021 18:11,Newcastle upon Tyne,Rebecca Hughes,"Regular Smoothies - Glowing Greens - 2.00, Regular Speciality Tea - English breakfast - 1.30",3.3,CASH,
09/09/2021 18:14,Newcastle upon Tyne,Vicki Cordova,"Large Speciality Tea - English breakfast - 1.60, Large Speciality Tea - Camomile - 1.60, Large Speciality Tea - Camomile - 1.60",4.8,CASH,
09/09/2021 18:16,Newcastle upon Tyne,Gary Cherry,"Large Smoothies - Glowing Greens - 2.50, Large Smoothies - Glowing Greens - 2.50",5.0,CARD,9477509759135046
09/09/2021 18:19,Newcastle upon Tyne,Mark Green,"Large Speciality Tea - English breakfast - 1.60, Regular Speciality Tea - English breakfast - 1.30, Regular Smoothies - Glowing Greens - 2.00",4.9,CARD,5429925774887494
09/09/2021 18:22,Newcastle upon Tyne,Irene Ripson,"Regular Smoothies - Glowing Greens - 2.00, Regular Speciality Tea - English breakfast - 1.30, Large Speciality Tea - Camomile - 1.60, Regular Americano - 1.95",6.85,CARD,9971291156366755
09/09/2021 18:24,Newcastle upon Tyne,Kathy Cahill,"Regular Smoothies - Glowing Greens - 2.00, Regular Speciality Tea - Camomile - 1.30, Regular Iced latte - 2.35, Large Iced latte - 2.85",8.5,CARD,7130106061613517
09/09/2021 18:27,Newcastle upon Tyne,Ronald Burns,"Large Speciality Tea - Camomile - 1.60, Regular Speciality Tea - Camomile - 1.30",2.9,CARD,5686064576240521
09/09/2021 18:29,Newcastle upon Tyne,Scott Walker,"Regular Americano - 1.95, Regular Speciality Tea - English breakfast - 1.30",3.25,CASH,
09/09/2021 18:32,Newcastle upon Tyne,Laura Lucas,"Regular Smoothies - Glowing Greens - 2.00, Regular Speciality Tea - Camomile - 1.30, Large Speciality Tea - Camomile - 1.60, Regular Smoothies - Glowing Greens - 2.00",6.9,CASH,
09/09/2021 18:35,Newcastle upon Tyne,Jeremy King,"Large Speciality Tea - Camomile - 1.60, Large Smoothies - Glowing Greens - 2.50, Large Americano - 2.25, Large Americano - 2.25, Large Americano - 2.25, Regular Americano - 1.95",12.8,CARD,9014136684300201
09/09/2021 18:37,Newcastle upon Tyne,Claudia Smith,"Regular Iced latte - 2.35, Regular Speciality Tea - Camomile - 1.30",3.65,CARD,2084214139067913
09/09/2021 18:40,Newcastle upon Tyne,Raymond Moran,"Large Smoothies - Glowing Greens - 2.50, Regular Speciality Tea - Camomile - 1.30, Large Speciality Tea - Camomile - 1.60",5.4,CASH,
09/09/2021 18:42,Newcastle upon Tyne,Joseph Gresham,"Regular Smoothies - Glowing Greens - 2.00, Large Smoothies - Glowing Greens - 2.50, Regular Iced latte - 2.35, Regular Speciality Tea - Camomile - 1.30",8.15,CASH,
09/09/2021 18:45,Newcastle upon Tyne,Beatrice Whitmer,"Regular Americano - 1.95, Regular Iced latte - 2.35",4.3,CASH,
09/09/2021 18:48,Newcastle upon Tyne,Mary Sutton,Large Speciality Tea - Camomile - 1.60,1.6,CASH,
09/09/2021 18:50,Newcastle upon Tyne,Janice Smith,"Large Smoothies - Glowing Greens - 2.50, Regular Speciality Tea - English breakfast - 1.30",3.8,CARD,7085438780473608
09/09/2021 18:53,Newcastle upon Tyne,Jonathan Hopkins,Large Smoothies - Glowing Greens - 2.50,2.5,CASH,
09/09/2021 18:55,Newcastle upon Tyne,Lisa Cody,"Large Smoothies - Glowing Greens - 2.50, Regular Iced latte - 2.35, Large Speciality Tea - Camomile - 1.60",6.45,CARD,4100635927024434
09/09/2021 18:58,Newcastle upon Tyne,Hallie Sastre,"Large Americano - 2.25, Regular Speciality Tea - English breakfast - 1.30",3.55,CARD,1589623591903244
09/09/2021 19:01,Newcastle upon Tyne,Annie Jagow,"Large Speciality Tea - English breakfast - 1.60, Large Americano - 2.25, Regular Americano - 1.95, Large Smoothies - Glowing Greens - 2.50, Regular Smoothies - Glowing Greens - 2.00",10.3,CARD,7162370223119286
09/09/2021 19:05,Newcastle upon Tyne,Eugenia Mcnair,Large Speciality Tea - English breakfast - 1.60,1.6,CASH,
09/09/2021 19:10,Newcastle upon Tyne,Joseph Huff,Regular Americano - 1.95,1.95,CASH,
09/09/2021 19:15,Newcastle upon Tyne,Rodney Dewey,"Regular Americano - 1.95, Large Speciality Tea - Camomile - 1.60",3.55,CARD,3500184097433195
09/09/2021 19:19,Newcastle upon Tyne,Troy Romriell,"Large Smoothies - Glowing Greens - 2.50, Large Speciality Tea - English breakfast - 1.60",4.1,CASH,
09/09/2021 19:24,Newcastle upon Tyne,Norma Garrett,"Large Speciality Tea - English breakfast - 1.60, Large Iced latte - 2.85, Large Iced latte - 2.85",7.3,CARD,1669614414048230
09/09/2021 19:28,Newcastle upon Tyne,Larry Allen,Regular Speciality Tea - Camomile - 1.30,1.3,CASH,
09/09/2021 19:33,Newcastle upon Tyne,Joseph Fonceca,Regular Americano - 1.95,1.95,CARD,4154009197642023
09/09/2021 19:38,Newcastle upon Tyne,Norman Rodriguez,Large Smoothies - Glowing Greens - 2.50,2.5,CASH,
09/09/2021 19:42,Newcastle upon Tyne,Deborah Hamilton,"Regular Smoothies - Glowing Greens - 2.00, Regular Smoothies - Glowing Greens - 2.00, Large Iced latte - 2.85, Regular Iced latte - 2.35, Large Smoothies - Glowing Greens - 2.50, Regular Americano - 1.95",13.65,CASH,
09/09/2021 19:47,Newcastle upon Tyne,Julie Moore,"Large Americano - 2.25, Regular Americano - 1.95, Regular Smoothies - Glowing Greens - 2.00",6.2,CARD,8731581521167422
09/09/2021 19:51,Newcastle upon Tyne,Margaret Johnson,"Regular Speciality Tea - Camomile - 1.30, Large Speciality Tea - Camomile - 1.60",2.9,CASH,
09/09/2021 19:56,Newcastle upon Tyne,Donald Barksdale,"Regular Smoothies - Glowing Greens - 2.00, Large Americano - 2.25, Regular Smoothies - Glowing Greens - 2.00, Regular Speciality Tea - English breakfast - 1.30",7.55,CARD,5816503317529040
09/09/2021 20:01,Newcastle upon Tyne,Linda Hynes,"Regular Iced latte - 2.35, Large Smoothies - Glowing Greens - 2.50, Regular Speciality Tea - Camomile - 1.30",6.15,CARD,9736632317059077
09/09/2021 20:05,Newcastle upon Tyne,Francis Sipe,"Large Speciality Tea - English breakfast - 1.60, Regular Americano - 1.95, Large Speciality Tea - Camomile - 1.60, Regular Speciality Tea - English breakfast - 1.30",6.45,CASH,
09/09/2021 20:09,Newcastle upon Tyne,Katherine Davis,"Large Iced latte - 2.85, Regular Iced latte - 2.35",5.2,CARD,6472288914719593
09/09/2021 20:13,Newcastle upon Tyne,Brian Traynor,Large Smoothies - Glowing Greens - 2.50,2.5,CARD,3989501335559958
09/09/2021 20:18,Newcastle upon Tyne,Tara Lewis,"Large Americano - 2.25, Regular Iced latte - 2.35, Regular Smoothies - Glowing Greens - 2.00, Large Smoothies - Glowing Greens - 2.50",9.1,CASH,
09/09/2021 20:22,Newcastle upon Tyne,Guy Armenta,"Large Speciality Tea - English breakfast - 1.60, Regular Iced latte - 2.35, Regular Speciality Tea - Camomile - 1.30, Regular Iced latte - 2.35",7.6,CARD,9515248308677806
09/09/2021 20:26,Newcastle upon Tyne,Jenny Schwartz,"Large Speciality Tea - Camomile - 1.60, Large Speciality Tea - English breakfast - 1.60",3.2,CASH,
09/09/2021 20:31,Newcastle upon Tyne,Edward Foster,"Large Smoothies - Glowing Greens - 2.50, Regular Speciality Tea - Camomile - 1.30, Regular Smoothies - Glowing Greens - 2.00, Regular Smoothies - Glowing Greens - 2.00, Regular Smoothies - Glowing Greens - 2.00",9.8,CASH,
09/09/2021 20:35,Newcastle upon Tyne,Nellie Jimison,"Large Americano - 2.25, Regular Iced latte - 2.35, Regular Speciality Tea - English breakfast - 1.30",5.9,CARD,9640497941222822
09/09/2021 20:39,Newcastle upon Tyne,Frank Booth,"Regular Smoothies - Glowing Greens - 2.00, Large Speciality Tea - English breakfast - 1.60, Regular Iced latte - 2.35, Large Speciality Tea - Camomile - 1.60, Regular Americano - 1.95, Regular Americano - 1.95",11.45,CARD,8379561740514486
09/09/2021 20:43,Newcastle upon Tyne,Doyle Lopez,Regular Iced latte - 2.35,2.35,CARD,2378305828258178
09/09/2021 20:48,Newcastle upon Tyne,Eugene Miller,"Large Speciality Tea - Camomile - 1.60, Large Speciality Tea - English breakfast - 1.60",3.2,CASH,
09/09/2021 20:52,Newcastle upon Tyne,Justin Quinn,"Large Americano - 2.25, Large Americano - 2.25",4.5,CARD,6495863346119806
09/09/2021 20:56,Newcastle upon Tyne,Tom Hyun,"Large Americano - 2.25, Regular Iced latte - 2.35",4.6,CASH,
