09/09/2021 09:00,Nottingham,Sam Beattie,"Regular Espresso - 1.50, Large Flavoured iced latte - Caramel - 3.25, Regular Flavoured iced latte - Caramel - 2.75",7.5,CARD,9497010381680965
09/09/2021 09:03,Nottingham,Ronnie Nappi,"Regular Speciality Tea - Peppermint - 1.30, Large Espresso - 1.80, Large Flavoured iced latte - Caramel - 3.25, Regular Speciality Tea - Peppermint - 1.30, Regular Espresso - 1.50",9.15,CASH,
09/09/2021 09:07,Nottingham,Lewis Ransom,Large Espresso - 1.80,1.8,CARD,7004822216952948
09/09/2021 09:11,Nottingham,Cynthia Pratt,"Large Espresso - 1.80, Regular Flavoured iced latte - Caramel - 2.75, Large Speciality Tea - Peppermint - 1.60",6.15,CARD,2105889729650525
09/09/2021 09:15,Nottingham,Amanda Bame,Large Speciality Tea - Peppermint - 1.60,1.6,CARD,2207458773773257
09/09/2021 09:18,Nottingham,Bobbie Bryant,Large Flavoured iced latte - Caramel - 3.25,3.25,CARD,5507414159623551
09/09/2021 09:22,Nottingham,Marcia Leather,Large Speciality Tea - Peppermint - 1.60,1.6,CASH,
09/09/2021 09:26,Nottingham,Sandra Naquin,Large Speciality Tea - Peppermint - 1.60,1.6,CARD,9077115151585576
09/09/2021 09:30,Nottingham,Thomas Jackson,Regular Speciality Tea - Peppermint - 1.30,1.3,CARD,8141418656957911
09/09/2021 09:33,Nottingham,Maria Moravek,"Regular Speciality Tea - Peppermint - 1.30, Large Espresso - 1.80",3.1,CARD,1367175165277857
09/09/2021 09:37,Nottingham,Margaret Herman,"Regular Flavoured iced latte - Caramel - 2.75, Regular Flavoured iced latte - Caramel - 2.75",5.5,CARD,8484278441273051
09/09/2021 09:41,Nottingham,Stacy Salmon,"Regular Flavoured iced latte - Caramel - 2.75, Regular Espresso - 1.50, Large Flavoured iced latte - Caramel - 3.25",7.5,CARD,5798968975763104
09/09/2021 09:45,Nottingham,Luis Kincaid,"Regular Speciality Tea - Peppermint - 1.30, Large Espresso - 1.80, Large Flavoured iced latte - Caramel - 3.25, Regular Speciality Tea - Peppermint - 1.30, Regular Flavoured iced latte - Caramel - 2.75",10.4,CASH,
09/09/2021 09:48,Nottingham,Ann Nance,Large Espresso - 1.80,1.8,CARD,3144891827099227
09/09/2021 09:52,Nottingham,Dave Dannunzio,"Regular Flavoured iced latte - Caramel - 2.75, Regular Flavoured iced latte - Caramel - 2.75",5.5,CASH,
09/09/2021 09:56,Nottingham,Joan Holden,"Large Flavoured iced latte - Caramel - 3.25, Large Speciality Tea - Peppermint - 1.60",4.85,CARD,8549673824639145
09/09/2021 10:00,Nottingham,Mary Hailey,Regular Flavoured iced latte - Caramel - 2.75,2.75,CARD,7084419182435758
09/09/2021 10:01,Nottingham,Jose Sutherland,"Large Flavoured iced latte - Caramel - 3.25, Large Flavoured iced latte - Caramel - 3.25, Large Espresso - 1.80",8.3,CARD,5511853159500144
09/09/2021 10:03,Nottingham,Robin Prince,"Regular Espresso - 1.50, Regular Flavoured iced latte - Caramel - 2.75, Large Espresso - 1.80, Regular Speciality Tea - Peppermint - 1.30, Regular Flavoured iced latte - Caramel - 2.75",10.1,CASH,
09/09/2021 10:05,Nottingham,Walter Sandoval,"Large Espresso - 1.80, Large Speciality Tea - Peppermint - 1.60, Large Speciality Tea - Peppermint - 1.60",5.0,CASH,
09/09/2021 10:07,Nottingham,Dennis Janousek,"Regular Flavoured iced latte - Caramel - 2.75, Large Espresso - 1.80",4.55,CARD,6213580754951896
09/09/2021 10:09,Nottingham,Kerry Lopez,Regular Speciality Tea - Peppermint - 1.30,1.3,CASH,
09/09/2021 10:11,Nottingham,Mary Mercer,"Large Flavoured iced latte - Caramel - 3.25, Large Flavoured iced latte - Caramel - 3.25, Regular Speciality Tea - Peppermint - 1.30",7.8,CARD,4873542553707656
09/09/2021 10:13,Nottingham,Patsy Harton,Regular Espresso - 1.50,1.5,CASH,
09/09/2021 10:14,Nottingham,Ruth Rogers,"Regular Flavoured iced latte - Caramel - 2.75, Large Flavoured iced latte - Caramel - 3.25, Large Flavoured iced latte - Caramel - 3.25",9.25,CARD,9655941142385444
09/09/2021 10:16,Nottingham,Jeremy Regalado,Regular Espresso - 1.50,1.5,CARD,7331546912490726
09/09/2021 10:18,Nottingham,Cassie Madden,"Large Speciality Tea - Peppermint - 1.60, Large Speciality Tea - Peppermint - 1.60, Regular Flavoured iced latte - Caramel - 2.75, Large Speciality Tea - Peppermint - 1.60, Regular Flavoured iced latte - Caramel - 2.75",10.3,CARD,8860682332812054
09/09/2021 10:20,Nottingham,Earl Bryant,"Regular Flavoured iced latte - Caramel - 2.75, Large Espresso - 1.80, Regular Espresso - 1.50",6.05,CARD,2221460744884752
09/09/2021 10:22,Nottingham,Betty Brannen,Large Speciality Tea - Peppermint - 1.60,1.6,CARD,4296366443314253
09/09/2021 10:24,Nottingham,Frank Mcguyer,"Regular Espresso - 1.50, Regular Espresso - 1.50, Regular Espresso - 1.50",4.5,CARD,5164739962475247
09/09/2021 10:26,Nottingham,Josie Garner,"Regular Flavoured iced latte - Caramel - 2.75, Regular Flavoured iced latte - Caramel - 2.75, Large Flavoured iced latte - Caramel - 3.25, Regular Espresso - 1.50, Large Speciality Tea - Peppermint - 1.60",11.85,CARD,3245171185185167
09/09/2021 10:28,Nottingham,Amy Robert,"Large Espresso - 1.80, Large Flavoured iced latte - Caramel - 3.25",5.05,CARD,4775712973161769
09/09/2021 10:29,Nottingham,Jessica Bryant,"Large Espresso - 1.80, Regular Speciality Tea - Peppermint - 1.30, Large Speciality Tea - Peppermint - 1.60, Regular Espresso - 1.50, Large Espresso - 1.80",8.0,CARD,7433524249578706
09/09/2021 10:31,Nottingham,Lupe Alford,"Large Espresso - 1.80, Large Flavoured iced latte - Caramel - 3.25, Regular Speciality Tea - Peppermint - 1.30, Regular Flavoured iced latte - Caramel - 2.75",9.1,CASH,
09/09/2021 10:33,Nottingham,Austin Krauss,Large Speciality Tea - Peppermint - 1.60,1.6,CARD,6266592943262472
09/09/2021 10:35,Nottingham,Sharon Dickow,"Regular Espresso - 1.50, Large Speciality Tea - Peppermint - 1.60",3.1,CARD,6809817626591502
09/09/2021 10:37,Nottingham,Shane Rosen,"Large Speciality Tea - Peppermint - 1.60, Large Flavoured iced latte - Caramel - 3.25, Large Speciality Tea - Peppermint - 1.60, Regular Espresso - 1.50",7.95,CARD,5021046463657295
09/09/2021 10:39,Nottingham,Albert Cox,"Large Speciality Tea - Peppermint - 1.60, Regular Flavoured iced latte - Caramel - 2.75, Regular Flavoured iced latte - Caramel - 2.75",7.1,CARD,6745686419807587
09/09/2021 10:41,Nottingham,Joan Niswander,Large Espresso - 1.80,1.8,CARD,3375744664318034
09/09/2021 10:42,Nottingham,Bret Clure,"Regular Flavoured iced latte - Caramel - 2.75, Regular Espresso - 1.50, Regular Espresso - 1.50, Regular Espresso - 1.50",7.25,CARD,5476945223609884
09/09/2021 10:44,Nottingham,Juan Gonzalez,"Regular Espresso - 1.50, Regular Espresso - 1.50, Large Espresso - 1.80, Large Speciality Tea - Peppermint - 1.60, Large Espresso - 1.80",8.2,CARD,2798705667842918
09/09/2021 10:46,Nottingham,Edgar Liefer,"Regular Speciality Tea - Peppermint - 1.30, Large Espresso - 1.80, Large Speciality Tea - Peppermint - 1.60",4.7,CASH,
09/09/2021 10:48,Nottingham,John Parker,Large Espresso - 1.80,1.8,CARD,9420320686343781
09/09/2021 10:50,Nottingham,Elizabeth Mcvey,"Large Speciality Tea - Peppermint - 1.60, Regular Speciality Tea - Peppermint - 1.30, Large Flavoured iced latte - Caramel - 3.25",6.15,CASH,
09/09/2021 10:52,Nottingham,Tamara Mcmahon,Large Speciality Tea - Peppermint - 1.60,1.6,CARD,7183993436144653
09/09/2021 10:54,Nottingham,Eric Ruck,Regular Espresso - 1.50,1.5,CARD,5209240375965948
09/09/2021 10:56,Nottingham,Wesley Macon,"Large Speciality Tea - Peppermint - 1.60, Large Speciality Tea - Peppermint - 1.60, Regular Speciality Tea - Peppermint - 1.30",4.5,CARD,2866038397554967
09/09/2021 10:57,Nottingham,Antonio Marmo,"Large Flavoured iced latte - Caramel - 3.25, Regular Espresso - 1.50",4.75,CARD,5544953127008444
09/09/2021 10:59,Nottingham,Sally Coleman,"Large Flavoured iced latte - Caramel - 3.25, Regular Flavoured iced latte - Caramel - 2.75",6.0,CARD,7434411640102292
09/09/2021 11:01,Nottingham,Edith Judd,Large Espresso - 1.80,1.8,CARD,8865228370874420
09/09/2021 11:03,Nottingham,Ruby Glenn,Large Speciality Tea - Peppermint - 1.60,1.6,CARD,9370797771136587
09/09/2021 11:05,Nottingham,Dolores Humphrey,"Large Espresso - 1.80, Regular Flavoured iced latte - Caramel - 2.75, Large Espresso - 1.80, Large Flavoured iced latte - Caramel - 3.25, Large Espresso - 1.80",11.4,CARD,8471165266107980
09/09/2021 11:08,Nottingham,David Darling,"Regular Espresso - 1.50, Large Espresso - 1.80, Regular Speciality Tea - Peppermint - 1.30, Regular Espresso - 1.50, Large Espresso - 1.80",7.9,CARD,6603831105844240
09/09/2021 11:10,Nottingham,Grace Nielsen,"Large Speciality Tea - Peppermint - 1.60, Large Flavoured iced latte - Caramel - 3.25, Large Speciality Tea - Peppermint - 1.60, Large Espresso - 1.80, Large Flavoured iced latte - Caramel - 3.25",11.5,CARD,2765772518970358
09/09/2021 11:12,Nottingham,Derek Gunter,"Regular Speciality Tea - Peppermint - 1.30, Regular Flavoured iced latte - Caramel - 2.75",4.05,CARD,7381625793296196
09/09/2021 11:14,Nottingham,Jerry Leavitt,Large Espresso - 1.80,1.8,CARD,7737556988912488
09/09/2021 11:16,Nottingham,Scott Sobieski,"Regular Flavoured iced latte - Caramel - 2.75, Regular Espresso - 1.50",4.25,CARD,2933246865557645
09/09/2021 11:18,Nottingham,Blaine Celadon,"Large Speciality Tea - Peppermint - 1.60, Regular Espresso - 1.50, Regular Espresso - 1.50",4.6,CARD,6103152783450563
09/09/2021 11:20,Nottingham,Lloyd Hallowell,"Large Speciality Tea - Peppermint - 1.60, Large Flavoured iced latte - Caramel - 3.25, Large Speciality Tea - Peppermint - 1.60",6.45,CASH,
09/09/2021 11:22,Nottingham,Alva Dycus,"Regular Speciality Tea - Peppermint - 1.30, Large Speciality Tea - Peppermint - 1.60, Regular Espresso - 1.50, Large Espresso - 1.80, Large Espresso - 1.80",8.0,CARD,2195186209714311
09/09/2021 11:25,Nottingham,Martin Green,"Regular Speciality Tea - Peppermint - 1.30, Large Speciality Tea - Peppermint - 1.60, Large Flavoured iced latte - Caramel - 3.25",6.15,CARD,1055095582001236
09/09/2021 11:27,Nottingham,Helen Burns,Large Flavoured iced latte - Caramel - 3.25,3.25,CARD,3913125238247781
09/09/2021 11:29,Nottingham,Inez Jackson,"Regular Speciality Tea - Peppermint - 1.30, Regular Espresso - 1.50, Regular Espresso - 1.50, Large Flavoured iced latte - Caramel - 3.25, Regular Flavoured iced latte - Caramel - 2.75, Large Speciality Tea - Peppermint - 1.60",11.9,CARD,8259597461413018
09/09/2021 11:31,Nottingham,Cristina Dufour,"Regular Speciality Tea - Peppermint - 1.30, Regular Espresso - 1.50, Large Espresso - 1.80, Regular Espresso - 1.50",6.1,CARD,1465567025947999
09/09/2021 11:33,Nottingham,Laura Rodgers,"Regular Flavoured iced latte - Caramel - 2.75, Large Speciality Tea - Peppermint - 1.60, Large Espresso - 1.80",6.15,CASH,
09/09/2021 11:35,Nottingham,Juan Horning,"Regular Flavoured iced latte - Caramel - 2.75, Large Speciality Tea - Peppermint - 1.60, Large Flavoured iced latte - Caramel - 3.25, Regular Flavoured iced latte - Caramel - 2.75",10.35,CARD,1766346202978135
09/09/2021 11:37,Nottingham,Priscilla Frierson,"Regular Espresso - 1.50, Regular Espresso - 1.50, Large Flavoured iced latte - Caramel - 3.25, Large Flavoured iced latte - Caramel - 3.25",9.5,CARD,3380303806718237
09/09/2021 11:40,Nottingham,Ester Short,"Regular Espresso - 1.50, Regular Flavoured iced latte - Caramel - 2.75",4.25,CARD,5594134683994572
09/09/2021 11:42,Nottingham,Kelvin Rafter,Regular Speciality Tea - Peppermint - 1.30,1.3,CARD,5780660715494705
09/09/2021 11:44,Nottingham,Deborah Cothran,"Regular Espresso - 1.50, Large Flavoured iced latte - Caramel - 3.25",4.75,CARD,1354173462357926
09/09/2021 11:46,Nottingham,Doreen Crumpton,"Large Flavoured iced latte - Caramel - 3.25, Regular Speciality Tea - Peppermint - 1.30",4.55,CASH,
09/09/2021 11:48,Nottingham,Joan Getz,"Large Speciality Tea - Peppermint - 1.60, Large Flavoured iced latte - Caramel - 3.25, Large Flavoured iced latte - Caramel - 3.25, Large Espresso - 1.80",9.9,CARD,7940712377968171
09/09/2021 11:50,Nottingham,Sheila Dunn,"Regular Flavoured iced latte - Caramel - 2.75, Regular Flavoured iced latte - Caramel - 2.75",5.5,CARD,8191862052525168
09/09/2021 11:52,Nottingham,Santiago Matta,"Regular Speciality Tea - Peppermint - 1.30, Large Flavoured iced latte - Caramel - 3.25, Large Espresso - 1.80, Large Espresso - 1.80, Regular Speciality Tea - Peppermint - 1.30",9.45,CARD,8067595563060339
09/09/2021 11:54,Nottingham,Phillip Strahle,Regular Speciality Tea - Peppermint - 1.30,1.3,CASH,
09/09/2021 11:57,Nottingham,Heather Tatum,Large Espresso - 1.80,1.8,CASH,
09/09/2021 11:59,Nottingham,Valerie Clark,Large Flavoured iced latte - Caramel - 3.25,3.25,CARD,1071782713349837
09/09/2021 12:01,Nottingham,Josie Brothers,"Large Speciality Tea - Peppermint - 1.60, Large Espresso - 1.80",3.4,CARD,8948344594765916
09/09/2021 12:03,Nottingham,Hubert Daniels,"Large Flavoured iced latte - Caramel - 3.25, Large Speciality Tea - Peppermint - 1.60, Regular Espresso - 1.50",6.35,CARD,5920727132307656
09/09/2021 12:05,Nottingham,William Perez,"Large Flavoured iced latte - Caramel - 3.25, Large Espresso - 1.80",5.05,CARD,3600282774287648
09/09/2021 12:07,Nottingham,Andrew Kellar,Regular Speciality Tea - Peppermint - 1.30,1.3,CASH,
09/09/2021 12:09,Nottingham,Carolyn Yocom,"Regular Espresso - 1.50, Regular Flavoured iced latte - Caramel - 2.75, Regular Flavoured iced latte - Caramel - 2.75",7.0,CARD,3198364774920411
09/09/2021 12:11,Nottingham,Paul Benavidez,"Large Speciality Tea - Peppermint - 1.60, Regular Flavoured iced latte - Caramel - 2.75, Regular Espresso - 1.50, Regular Flavoured iced latte - Caramel - 2.75, Regular Speciality Tea - Peppermint - 1.30",9.9,CARD,9443330777280605
09/09/2021 12:13,Nottingham,Jessica Louden,"Regular Espresso - 1.50, Large Flavoured iced latte - Caramel - 3.25",4.75,CASH,
09/09/2021 12:15,Nottingham,Lawrence Estrada,"Regular Flavoured iced latte - Caramel - 2.75, Regular Espresso - 1.50",4.25,CASH,
09/09/2021 12:17,Nottingham,Shannon Clark,"Regular Speciality Tea - Peppermint - 1.30, Large Flavoured iced latte - Caramel - 3.25, Regular Espresso - 1.50, Large Flavoured iced latte - Caramel - 3.25",9.3,CASH,
09/09/2021 12:19,Nottingham,Rachel Blazek,"Large Flavoured iced latte - Caramel - 3.25, Large Flavoured iced latte - Caramel - 3.25, Large Espresso - 1.80, Large Espresso - 1.80",10.1,CARD,3150380519749266
09/09/2021 12:22,Nottingham,Leisa Tagle,"Regular Speciality Tea - Peppermint - 1.30, Large Espresso - 1.80, Regular Espresso - 1.50",4.6,CARD,8316309770074581
09/09/2021 12:24,Nottingham,Josephine Seith,"Regular Espresso - 1.50, Large Speciality Tea - Peppermint - 1.60, Large Speciality Tea - Peppermint - 1.60, Regular Espresso - 1.50",6.2,CARD,7014886637399679
09/09/2021 12:26,Nottingham,Elizabeth Ratliff,"Regular Espresso - 1.50, Large Espresso - 1.80",3.3,CARD,1793599024130756
09/09/2021 12:28,Nottingham,Serena Bagwell,"Regular Speciality Tea - Peppermint - 1.30, Regular Flavoured iced latte - Caramel - 2.75",4.05,CARD,6701411447025780
09/09/2021 12:30,Nottingham,Wendy Divine,"Large Flavoured iced latte - Caramel - 3.25, Large Speciality Tea - Peppermint - 1.60, Large Flavoured iced latte - Caramel - 3.25, Regular Flavoured iced latte - Caramel - 2.75",10.85,CARD,3872719171025689
09/09/2021 12:32,Nottingham,Amy Mesias,"Regular Espresso - 1.50, Large Speciality Tea - Peppermint - 1.60, Regular Espresso - 1.50, Regular Flavoured iced latte - Caramel - 2.75",7.35,CASH,
09/09/2021 12:34,Nottingham,James Pitt,"Regular Flavoured iced latte - Caramel - 2.75, Regular Speciality Tea - Peppermint - 1.30, Large Flavoured iced latte - Caramel - 3.25, Large Speciality Tea - Peppermint - 1.60",8.9,CASH,
09/09/2021 12:36,Nottingham,Drew Brocklehurst,Regular Speciality Tea - Peppermint - 1.30,1.3,CARD,5458184816397689
09/09/2021 12:38,Nottingham,Evelyn Wilson,"Regular Flavoured iced latte - Caramel - 2.75, Large Flavoured iced latte - Caramel - 3.25, Large Espresso - 1.80",7.8,CARD,3334895275387284
09/09/2021 12:40,Nottingham,Isabel Owens,"Large Espresso - 1.80, Large Flavoured iced latte - Caramel - 3.25",5.05,CARD,2242025066141869
09/09/2021 12:42,Nottingham,Kelly Bozwell,"Regular Flavoured iced latte - Caramel - 2.75, Regular Flavoured iced latte - Caramel - 2.75, Regular Espresso - 1.50",7.0,CARD,1627371068384472
09/09/2021 12:44,Nottingham,Alton Letchworth,Large Espresso - 1.80,1.8,CARD,4913467470687968
09/09/2021 12:46,Nottingham,Roy Kinard,Regular Flavoured iced latte - Caramel - 2.75,2.75,CARD,9706899788452841
09/09/2021 12:48,Nottingham,Ronald Amberg,"Large Speciality Tea - Peppermint - 1.60, Large Espresso - 1.80, Regular Speciality Tea - Peppermint - 1.30, Large Espresso - 1.80",6.5,CARD,2539621695125451
09/09/2021 12:50,Nottingham,Jennifer Marak,"Regular Flavoured iced latte - Caramel - 2.75, Large Flavoured iced latte - Caramel - 3.25",6.0,CARD,7658504562626314
09/09/2021 12:53,Nottingham,Sandra Ray,"Regular Flavoured iced latte - Caramel - 2.75, Large Espresso - 1.80, Large Flavoured iced latte - Caramel - 3.25, Large Flavoured iced latte - Caramel - 3.25, Large Flavoured iced latte - Caramel - 3.25, Regular Speciality Tea - Peppermint - 1.30",15.6,CARD,2137210081616523
09/09/2021 12:55,Nottingham,Jenise Pemberton,"Large Espresso - 1.80, Regular Speciality Tea - Peppermint - 1.30, Regular Espresso - 1.50, Regular Speciality Tea - Peppermint - 1.30",5.9,CARD,2717098408135614
09/09/2021 12:57,Nottingham,Jeffery Baker,"Large Speciality Tea - Peppermint - 1.60, Regular Speciality Tea - Peppermint - 1.30, Regular Speciality Tea - Peppermint - 1.30, Large Speciality Tea - Peppermint - 1.60, Regular Espresso - 1.50",7.3,CASH,
09/09/2021 12:59,Nottingham,Barbara Kimble,Regular Espresso - 1.50,1.5,CARD,8709440329762148
09/09/2021 13:01,Nottingham,Stephen Peterson,Large Flavoured iced latte - Caramel - 3.25,3.25,CARD,1942825648176919
09/09/2021 13:02,Nottingham,Jerome Collier,"Regular Flavoured iced latte - Caramel - 2.75, Large Speciality Tea - Peppermint - 1.60, Regular Espresso - 1.50, Regular Espresso - 1.50, Regular Espresso - 1.50",8.85,CASH,
09/09/2021 13:03,Nottingham,Opal Owens,"Regular Speciality Tea - Peppermint - 1.30, Regular Speciality Tea - Peppermint - 1.30",2.6,CARD,3221484422109368
09/09/2021 13:04,Nottingham,Debra Garcia,Large Speciality Tea - Peppermint - 1.60,1.6,CASH,
09/09/2021 13:05,Nottingham,Brittney Pugh,"Large Flavoured iced latte - Caramel - 3.25, Regular Speciality Tea - Peppermint - 1.30",4.55,CARD,3743229634450941
09/09/2021 13:06,Nottingham,Hope Roberts,"Regular Espresso - 1.50, Regular Espresso - 1.50",3.0,CASH,
09/09/2021 13:07,Nottingham,Catrina Lightfoot,"Large Speciality Tea - Peppermint - 1.60, Regular Flavoured iced latte - Caramel - 2.75, Regular Speciality Tea - Peppermint - 1.30",5.65,CARD,9014962007251275
09/09/2021 13:08,Nottingham,Richard Evans,"Large Espresso - 1.80, Large Flavoured iced latte - Caramel - 3.25, Large Speciality Tea - Peppermint - 1.60, Large Espresso - 1.80",8.45,CARD,2899060112073937
09/09/2021 13:10,Nottingham,Mary Bonniwell,"Regular Speciality Tea - Peppermint - 1.30, Regular Speciality Tea - Peppermint - 1.30, Large Flavoured iced latte - Caramel - 3.25",5.85,CASH,
09/09/2021 13:11,Nottingham,Yolande Robinson,"Large Flavoured iced latte - Caramel - 3.25, Large Speciality Tea - Peppermint - 1.60",4.85,CARD,5657853772822357
09/09/2021 13:12,Nottingham,Cristobal Wells,"Large Speciality Tea - Peppermint - 1.60, Regular Speciality Tea - Peppermint - 1.30, Large Speciality Tea - Peppermint - 1.60",4.5,CARD,4872379236584932
09/09/2021 13:13,Nottingham,Jerry Vida,"Large Flavoured iced latte - Caramel - 3.25, Large Flavoured iced latte - Caramel - 3.25",6.5,CASH,
09/09/2021 13:14,Nottingham,Michael Prichard,"Regular Speciality Tea - Peppermint - 1.30, Regular Espresso - 1.50",2.8,CASH,
09/09/2021 13:15,Nottingham,Kelly Melton,Regular Espresso - 1.50,1.5,CASH,
09/09/2021 13:16,Nottingham,Helga Farr,Large Flavoured iced latte - Caramel - 3.25,3.25,CASH,
09/09/2021 13:17,Nottingham,Nathan Holland,Large Espresso - 1.80,1.8,CARD,6243863356634340
09/09/2021 13:18,Nottingham,Mary Foley,Regular Flavoured iced latte - Caramel - 2.75,2.75,CASH,
09/09/2021 13:19,Nottingham,Benny Delossantos,"Large Flavoured iced latte - Caramel - 3.25, Large Speciality Tea - Peppermint - 1.60, Large Flavoured iced latte - Caramel - 3.25",8.1,CARD,1827133763573245
09/09/2021 13:21,Nottingham,Pamela Hathaway,Large Speciality Tea - Peppermint - 1.60,1.6,CARD,6165185162029232
09/09/2021 13:22,Nottingham,Sheila Meehan,"Large Espresso - 1.80, Large Speciality Tea - Peppermint - 1.60, Large Speciality Tea - Peppermint - 1.60, Large Espresso - 1.80",6.8,CASH,
09/09/2021 13:23,Nottingham,Leola Moses,"Large Flavoured iced latte - Caramel - 3.25, Regular Espresso - 1.50, Regular Espresso - 1.50, Large Flavoured iced latte - Caramel - 3.25, Regular Speciality Tea - Peppermint - 1.30",10.8,CASH,
09/09/2021 13:24,Nottingham,Michele Wagner,"Large Speciality Tea - Peppermint - 1.60, Large Flavoured iced latte - Caramel - 3.25, Regular Speciality Tea - Peppermint - 1.30",6.15,CARD,2092602381464213
09/09/2021 13:25,Nottingham,Kelly Stephenson,"Large Flavoured iced latte - Caramel - 3.25, Large Speciality Tea - Peppermint - 1.60, Regular Speciality Tea - Peppermint - 1.30, Large Flavoured iced latte - Caramel - 3.25, Regular Espresso - 1.50",10.9,CARD,3023798494483570
09/09/2021 13:26,Nottingham,Shelley Wogan,Large Espresso - 1.80,1.8,CARD,7881638244435490
09/09/2021 13:27,Nottingham,Vera Cunningham,"Regular Espresso - 1.50, Regular Flavoured iced latte - Caramel - 2.75",4.25,CARD,4516564352549458
09/09/2021 13:28,Nottingham,Charles Miner,Regular Speciality Tea - Peppermint - 1.30,1.3,CARD,9031049917795907
09/09/2021 13:29,Nottingham,Tony James,"Large Speciality Tea - Peppermint - 1.60, Regular Flavoured iced latte - Caramel - 2.75, Large Espresso - 1.80",6.15,CASH,
09/09/2021 13:30,Nottingham,Daniel Kemper,Regular Speciality Tea - Peppermint - 1.30,1.3,CARD,4636289452401143
09/09/2021 13:32,Nottingham,Carl Ashford,"Large Speciality Tea - Peppermint - 1.60, Large Speciality Tea - Peppermint - 1.60, Regular Speciality Tea - Peppermint - 1.30, Large Espresso - 1.80, Regular Espresso - 1.50",7.8,CASH,
09/09/2021 13:33,Nottingham,Sandra Riker,"Regular Espresso - 1.50, Large Flavoured iced latte - Caramel - 3.25",4.75,CARD,2489187582947376
09/09/2021 13:34,Nottingham,Cindy Potter,"Large Flavoured iced latte - Caramel - 3.25, Large Flavoured iced latte - Caramel - 3.25, Large Flavoured iced latte - Caramel - 3.25, Regular Espresso - 1.50, Large Flavoured iced latte - Caramel - 3.25",14.5,CASH,
09/09/2021 13:35,Nottingham,Thomas Smith,Regular Espresso - 1.50,1.5,CARD,3423437066994221
09/09/2021 13:36,Nottingham,Earl Vergin,"Large Espresso - 1.80, Regular Flavoured iced latte - Caramel - 2.75, Regular Espresso - 1.50",6.05,CARD,7583290034866332
09/09/2021 13:37,Nottingham,Michael Riser,"Regular Speciality Tea - Peppermint - 1.30, Regular Espresso - 1.50",2.8,CARD,3040241568087683
09/09/2021 13:38,Nottingham,Ismael Woodworth,"Regular Flavoured iced latte - Caramel - 2.75, Regular Flavoured iced latte - Caramel - 2.75",5.5,CASH,
09/09/2021 13:39,Nottingham,Roger Beatty,"Regular Espresso - 1.50, Regular Espresso - 1.50, Large Espresso - 1.80, Regular Flavoured iced latte - Caramel - 2.75, Regular Flavoured iced latte - Caramel - 2.75",10.3,CASH,
09/09/2021 13:40,Nottingham,Laverne Collins,"Regular Espresso - 1.50, Regular Speciality Tea - Peppermint - 1.30",2.8,CARD,3058445692371469
09/09/2021 13:41,Nottingham,Ray Gonzalez,"Large Espresso - 1.80, Large Speciality Tea - Peppermint - 1.60, Regular Speciality Tea - Peppermint - 1.30",4.7,CARD,4167178549009133
09/09/2021 13:43,Nottingham,Patricia Walker,"Regular Speciality Tea - Peppermint - 1.30, Regular Speciality Tea - Peppermint - 1.30, Regular Espresso - 1.50, Large Speciality Tea - Peppermint - 1.60, Regular Espresso - 1.50",7.2,CARD,3551842001273894
09/09/2021 13:44,Nottingham,George Cunningham,"Large Speciality Tea - Peppermint - 1.60, Regular Speciality Tea - Peppermint - 1.30, Regular Flavoured iced latte - Caramel - 2.75, Large Flavoured iced latte - Caramel - 3.25",8.9,CARD,4057164684187217
09/09/2021 13:45,Nottingham,Scott Wentworth,"Large Speciality Tea - Peppermint - 1.60, Regular Speciality Tea - Peppermint - 1.30",2.9,CARD,8542465864826562
09/09/2021 13:46,Nottingham,Joseph Tremblay,"Regular Espresso - 1.50, Regular Espresso - 1.50",3.0,CASH,
09/09/2021 13:47,Nottingham,Clarence Thomas,"Regular Espresso - 1.50, Large Espresso - 1.80, Large Speciality Tea - Peppermint - 1.60",4.9,CASH,
09/09/2021 13:48,Nottingham,George Bogard,"Large Speciality Tea - Peppermint - 1.60, Regular Speciality Tea - Peppermint - 1.30",2.9,CARD,2847595011753471
09/09/2021 13:49,Nottingham,David Mitchell,"Regular Espresso - 1.50, Regular Speciality Tea - Peppermint - 1.30, Large Espresso - 1.80",4.6,CARD,2145623767229584
09/09/2021 13:50,Nottingham,Helen Dickerson,"Large Speciality Tea - Peppermint - 1.60, Regular Espresso - 1.50, Regular Flavoured iced latte - Caramel - 2.75",5.85,CARD,1843264367975550
09/09/2021 13:51,Nottingham,Brigid Pendergraph,"Regular Speciality Tea - Peppermint - 1.30, Regular Speciality Tea - Peppermint - 1.30, Large Flavoured iced latte - Caramel - 3.25, Large Espresso - 1.80",7.65,CASH,
09/09/2021 13:52,Nottingham,Sherry Alexander,Regular Speciality Tea - Peppermint - 1.30,1.3,CARD,4760410200632204
09/09/2021 13:54,Nottingham,Brenda Hullett,"Regular Espresso - 1.50, Large Flavoured iced latte - Caramel - 3.25, Regular Speciality Tea - Peppermint - 1.30",6.05,CARD,4930553805816443
09/09/2021 13:55,Nottingham,Dan Martin,"Regular Speciality Tea - Peppermint - 1.30, Regular Espresso - 1.50, Large Espresso - 1.80",4.6,CARD,4861062348874492
09/09/2021 13:56,Nottingham,Everett Johnson,"Regular Flavoured iced latte - Caramel - 2.75, Regular Speciality Tea - Peppermint - 1.30",4.05,CARD,3388308993876171
09/09/2021 13:57,Nottingham,Alex Gonzalez,"Large Espresso - 1.80, Regular Espresso - 1.50",3.3,CASH,
09/09/2021 13:58,Nottingham,Sarah Jennings,"Large Espresso - 1.80, Large Flavoured iced latte - Caramel - 3.25",5.05,CARD,1484211429343546
09/09/2021 13:59,Nottingham,Barbara Brogan,Regular Flavoured iced latte - Caramel - 2.75,2.75,CARD,7692856177020250
09/09/2021 14:00,Nottingham,Jessie Roque,"Regular Espresso - 1.50, Large Flavoured iced latte - Caramel - 3.25",4.75,CARD,9801938609046776
09/09/2021 14:01,Nottingham,Vicente Duran,"Large Flavoured iced latte - Caramel - 3.25, Large Speciality Tea - Peppermint - 1.60",4.85,CARD,9246951791837919
09/09/2021 14:02,Nottingham,Grace Soriano,"Large Speciality Tea - Peppermint - 1.60, Regular Espresso - 1.50, Large Espresso - 1.80",4.9,CARD,2177879564424181
09/09/2021 14:03,Nottingham,Stella Harper,"Large Speciality Tea - Peppermint - 1.60, Large Espresso - 1.80, Large Flavoured iced latte - Caramel - 3.25",6.65,CARD,7353908983801396
09/09/2021 14:04,Nottingham,Merideth Hebrank,"Large Espresso - 1.80, Regular Espresso - 1.50",3.3,CARD,4581588423758160
09/09/2021 14:05,Nottingham,Natalie Middleton,"Regular Flavoured iced latte - Caramel - 2.75, Large Espresso - 1.80, Large Speciality Tea - Peppermint - 1.60, Regular Espresso - 1.50, Regular Espresso - 1.50",9.15,CASH,
09/09/2021 14:06,Nottingham,Ed Mohammed,"Regular Espresso - 1.50, Regular Speciality Tea - Peppermint - 1.30, Regular Flavoured iced latte - Caramel - 2.75",5.55,CASH,
09/09/2021 14:06,Nottingham,Marion Sutton,Large Flavoured iced latte - Caramel - 3.25,3.25,CARD,6440395717303908
09/09/2021 14:07,Nottingham,Virginia Ortiz,"Regular Flavoured iced latte - Caramel - 2.75, Large Espresso - 1.80, Regular Speciality Tea - Peppermint - 1.30, Regular Flavoured iced latte - Caramel - 2.75",8.6,CARD,4938685569579264
09/09/2021 14:08,Nottingham,John Thompson,"Large Speciality Tea - Peppermint - 1.60, Regular Speciality Tea - Peppermint - 1.30",2.9,CARD,3697771925932328
09/09/2021 14:09,Nottingham,Charles Soares,"Large Speciality Tea - Peppermint - 1.60, Large Flavoured iced latte - Caramel - 3.25, Regular Espresso - 1.50",6.35,CASH,
09/09/2021 14:10,Nottingham,Clay Wanzer,Regular Espresso - 1.50,1.5,CARD,3243353379952459
09/09/2021 14:11,Nottingham,Peter Taylor,"Regular Speciality Tea - Peppermint - 1.30, Regular Espresso - 1.50",2.8,CARD,3955033209335817
09/09/2021 14:12,Nottingham,Benjamin Thompson,"Regular Flavoured iced latte - Caramel - 2.75, Large Flavoured iced latte - Caramel - 3.25",6.0,CARD,5622583942334225
09/09/2021 14:13,Nottingham,Deborah Childress,"Regular Speciality Tea - Peppermint - 1.30, Large Speciality Tea - Peppermint - 1.60",2.9,CARD,5064112964851903
09/09/2021 14:14,Nottingham,Dennis Ryan,Regular Flavoured iced latte - Caramel - 2.75,2.75,CARD,6694174930832999
09/09/2021 14:15,Nottingham,Amanda Look,"Regular Speciality Tea - Peppermint - 1.30, Large Espresso - 1.80, Large Flavoured iced latte - Caramel - 3.25",6.35,CASH,
09/09/2021 14:15,Nottingham,Ladonna Stutzman,Regular Speciality Tea - Peppermint - 1.30,1.3,CARD,2433404183906107
09/09/2021 14:16,Nottingham,Pamela Johnson,"Large Speciality Tea - Peppermint - 1.60, Large Espresso - 1.80, Large Flavoured iced latte - Caramel - 3.25",6.65,CARD,3422860226203187
09/09/2021 14:17,Nottingham,Stephen Larry,"Large Espresso - 1.80, Regular Flavoured iced latte - Caramel - 2.75",4.55,CARD,8002897948343827
09/09/2021 14:18,Nottingham,Eileen Roehrig,"Large Speciality Tea - Peppermint - 1.60, Large Flavoured iced latte - Caramel - 3.25, Regular Speciality Tea - Peppermint - 1.30",6.15,CASH,
09/09/2021 14:19,Nottingham,Michael Barnes,Regular Espresso - 1.50,1.5,CARD,7243538232587403
09/09/2021 14:20,Nottingham,Carlton Cooney,"Large Speciality Tea - Peppermint - 1.60, Regular Flavoured iced latte - Caramel - 2.75",4.35,CASH,
09/09/2021 14:21,Nottingham,Jimmy Johnson,"Large Speciality Tea - Peppermint - 1.60, Regular Flavoured iced latte - Caramel - 2.75, Regular Flavoured iced latte - Caramel - 2.75, Large Speciality Tea - Peppermint - 1.60",8.7,CARD,7039518408108324
09/09/2021 14:22,Nottingham,Kristina Blevins,"Large Espresso - 1.80, Regular Espresso - 1.50",3.3,CARD,6080857511287513
09/09/2021 14:23,Nottingham,Curtis Kimme,"Regular Espresso - 1.50, Regular Espresso - 1.50, Regular Speciality Tea - Peppermint - 1.30",4.3,CARD,6296051096896864
09/09/2021 14:24,Nottingham,Andrew Solarzano,"Regular Flavoured iced latte - Caramel - 2.75, Large Espresso - 1.80, Regular Espresso - 1.50, Large Speciality Tea - Peppermint - 1.60, Regular Speciality Tea - Peppermint - 1.30",8.95,CASH,
09/09/2021 14:24,Nottingham,David Bennett,"Large Flavoured iced latte - Caramel - 3.25, Large Espresso - 1.80",5.05,CASH,
09/09/2021 14:25,Nottingham,Shannon Watts,Large Espresso - 1.80,1.8,CASH,
09/09/2021 14:26,Nottingham,Angela Gomez,"Regular Speciality Tea - Peppermint - 1.30, Large Speciality Tea - Peppermint - 1.60, Regular Flavoured iced latte - Caramel - 2.75",5.65,CARD,3179737174123875
09/09/2021 14:27,Nottingham,Jeff Freeman,"Regular Speciality Tea - Peppermint - 1.30, Large Espresso - 1.80, Regular Espresso - 1.50",4.6,CARD,5744395397427696
09/09/2021 14:28,Nottingham,Kimberly Topps,"Large Espresso - 1.80, Regular Flavoured iced latte - Caramel - 2.75",4.55,CARD,5779920017094219
09/09/2021 14:29,Nottingham,Edward Contreras,"Regular Flavoured iced latte - Caramel - 2.75, Regular Flavoured iced latte - Caramel - 2.75, Large Flavoured iced latte - Caramel - 3.25, Regular Speciality Tea - Peppermint - 1.30, Large Espresso - 1.80, Large Flavoured iced latte - Caramel - 3.25",15.1,CASH,
09/09/2021 14:30,Nottingham,Yolanda Raybuck,Regular Flavoured iced latte - Caramel - 2.75,2.75,CARD,5714831455655203
09/09/2021 14:31,Nottingham,John Shattuck,Regular Speciality Tea - Peppermint - 1.30,1.3,CARD,6173101427658840
09/09/2021 14:32,Nottingham,Anthony Gally,"Regular Speciality Tea - Peppermint - 1.30, Regular Flavoured iced latte - Caramel - 2.75, Large Speciality Tea - Peppermint - 1.60, Regular Espresso - 1.50",7.15,CARD,8475690465434870
09/09/2021 14:33,Nottingham,Steve Issacs,"Regular Flavoured iced latte - Caramel - 2.75, Large Espresso - 1.80, Regular Speciality Tea - Peppermint - 1.30, Large Speciality Tea - Peppermint - 1.60",7.45,CARD,5962348421558839
09/09/2021 14:33,Nottingham,Teresa Black,"Regular Espresso - 1.50, Large Flavoured iced latte - Caramel - 3.25",4.75,CASH,
09/09/2021 14:34,Nottingham,Sean Fowler,Large Speciality Tea - Peppermint - 1.60,1.6,CARD,1137924931158620
09/09/2021 14:35,Nottingham,Constance Foss,"Large Flavoured iced latte - Caramel - 3.25, Large Speciality Tea - Peppermint - 1.60",4.85,CASH,
09/09/2021 14:36,Nottingham,Danial Delacruz,Regular Espresso - 1.50,1.5,CARD,3835903999934925
09/09/2021 14:37,Nottingham,Earl Byers,Regular Speciality Tea - Peppermint - 1.30,1.3,CARD,7482079210684987
09/09/2021 14:38,Nottingham,Elizabeth Darby,Large Espresso - 1.80,1.8,CARD,1959360927124935
09/09/2021 14:39,Nottingham,Wendy Burdette,Regular Espresso - 1.50,1.5,CARD,7280388218660191
09/09/2021 14:40,Nottingham,Monroe Rexrode,"Large Flavoured iced latte - Caramel - 3.25, Large Speciality Tea - Peppermint - 1.60",4.85,CARD,1172861799429897
09/09/2021 14:41,Nottingham,Maria Betton,"Regular Espresso - 1.50, Large Speciality Tea - Peppermint - 1.60, Regular Speciality Tea - Peppermint - 1.30, Large Espresso - 1.80, Large Flavoured iced latte - Caramel - 3.25, Large Flavoured iced latte - Caramel - 3.25",12.7,CARD,4887340837824774
09/09/2021 14:42,Nottingham,Sarah Quinn,"Large Flavoured iced latte - Caramel - 3.25, Regular Espresso - 1.50, Large Flavoured iced latte - Caramel - 3.25",8.0,CARD,4719561536552471
09/09/2021 14:42,Nottingham,Leslie Burnham,"Large Flavoured iced latte - Caramel - 3.25, Regular Speciality Tea - Peppermint - 1.30",4.55,CARD,5442927860547794
09/09/2021 14:43,Nottingham,Francisco Wells,"Regular Flavoured iced latte - Caramel - 2.75, Large Espresso - 1.80, Large Speciality Tea - Peppermint - 1.60, Regular Espresso - 1.50, Regular Speciality Tea - Peppermint - 1.30, Large Speciality Tea - Peppermint - 1.60",10.55,CARD,2220615448661630
09/09/2021 14:44,Nottingham,Mark Debarge,"Regular Espresso - 1.50, Large Flavoured iced latte - Caramel - 3.25, Large Espresso - 1.80, Regular Speciality Tea - Peppermint - 1.30",7.85,CASH,
09/09/2021 14:45,Nottingham,Willard Leneave,"Large Flavoured iced latte - Caramel - 3.25, Regular Flavoured iced latte - Caramel - 2.75, Regular Speciality Tea - Peppermint - 1.30, Regular Flavoured iced latte - Caramel - 2.75, Large Speciality Tea - Peppermint - 1.60, Regular Flavoured iced latte - Caramel - 2.75",14.4,CASH,
09/09/2021 14:46,Nottingham,Noel Mcginley,"Large Flavoured iced latte - Caramel - 3.25, Regular Speciality Tea - Peppermint - 1.30, Regular Speciality Tea - Peppermint - 1.30, Regular Espresso - 1.50",7.35,CARD,3594755087543294
09/09/2021 14:47,Nottingham,Shirley Allison,"Regular Flavoured iced latte - Caramel - 2.75, Regular Speciality Tea - Peppermint - 1.30, Regular Flavoured iced latte - Caramel - 2.75",6.8,CARD,2861070726156569
09/09/2021 14:48,Nottingham,Gary Dunn,"Regular Flavoured iced latte - Caramel - 2.75, Regular Espresso - 1.50",4.25,CASH,
09/09/2021 14:49,Nottingham,Curtis Green,"Regular Espresso - 1.50, Regular Speciality Tea - Peppermint - 1.30, Regular Flavoured iced latte - Caramel - 2.75, Regular Flavoured iced latte - Caramel - 2.75",8.3,CASH,
09/09/2021 14:50,Nottingham,Eusebio Buckner,"Regular Speciality Tea - Peppermint - 1.30, Regular Espresso - 1.50",2.8,CARD,9472522309077938
09/09/2021 14:51,Nottingham,Sharon Tackett,"Regular Speciality Tea - Peppermint - 1.30, Regular Flavoured iced latte - Caramel - 2.75, Regular Espresso - 1.50",5.55,CARD,1778947990737350
09/09/2021 14:51,Nottingham,Kerri Duggar,"Large Speciality Tea - Peppermint - 1.60, Large Speciality Tea - Peppermint - 1.60",3.2,CARD,2692190814532000
09/09/2021 14:52,Nottingham,Lynda West,"Regular Speciality Tea - Peppermint - 1.30, Regular Speciality Tea - Peppermint - 1.30",2.6,CARD,3616592944360133
09/09/2021 14:53,Nottingham,Randall Chavira,"Regular Flavoured iced latte - Caramel - 2.75, Regular Espresso - 1.50, Regular Flavoured iced latte - Caramel - 2.75, Regular Espresso - 1.50, Regular Espresso - 1.50",10.0,CASH,
09/09/2021 14:54,Nottingham,Craig Frazier,"Large Flavoured iced latte - Caramel - 3.25, Regular Speciality Tea - Peppermint - 1.30",4.55,CARD,5027322924097621
09/09/2021 14:55,Nottingham,Donnie Hegarty,"Large Flavoured iced latte - Caramel - 3.25, Regular Flavoured iced latte - Caramel - 2.75, Large Flavoured iced latte - Caramel - 3.25, Regular Speciality Tea - Peppermint - 1.30",10.55,CARD,5501526913017314
09/09/2021 14:56,Nottingham,Geraldine Nehring,"Regular Speciality Tea - Peppermint - 1.30, Large Speciality Tea - Peppermint - 1.60, Large Flavoured iced latte - Caramel - 3.25, Large Espresso - 1.80, Regular Flavoured iced latte - Caramel - 2.75, Regular Espresso - 1.50",12.2,CASH,
09/09/2021 14:57,Nottingham,Rosie Calabrese,Regular Espresso - 1.50,1.5,CARD,4145826570485176
09/09/2021 14:58,Nottingham,Cammie Brooks,"Large Speciality Tea - Peppermint - 1.60, Regular Espresso - 1.50",3.1,CARD,8252333566716762
09/09/2021 14:59,Nottingham,Amanda Ginsberg,Large Flavoured iced latte - Caramel - 3.25,3.25,CARD,8361184796547078
09/09/2021 15:00,Nottingham,Pamela Banks,"Large Flavoured iced latte - Caramel - 3.25, Large Espresso - 1.80, Large Espresso - 1.80",6.85,CARD,4528177121101486
09/09/2021 15:01,Nottingham,Richard Howland,Regular Speciality Tea - Peppermint - 1.30,1.3,CARD,6713707809437387
09/09/2021 15:02,Nottingham,Terri Barclay,"Regular Espresso - 1.50, Large Flavoured iced latte - Caramel - 3.25, Regular Espresso - 1.50, Regular Flavoured iced latte - Caramel - 2.75, Regular Flavoured iced latte - Caramel - 2.75",11.75,CARD,9958935260842195
09/09/2021 15:03,Nottingham,Sally Hale,"Regular Flavoured iced latte - Caramel - 2.75, Large Flavoured iced latte - Caramel - 3.25, Large Flavoured iced latte - Caramel - 3.25",9.25,CARD,6851807499235037
09/09/2021 15:04,Nottingham,Aaron Noonan,"Large Speciality Tea - Peppermint - 1.60, Regular Espresso - 1.50, Regular Flavoured iced latte - Caramel - 2.75, Large Speciality Tea - Peppermint - 1.60",7.45,CARD,8708251946443210
09/09/2021 15:05,Nottingham,Carisa Robbins,Regular Flavoured iced latte - Caramel - 2.75,2.75,CARD,7687046755686162
09/09/2021 15:06,Nottingham,Marilyn Mccleskey,"Large Flavoured iced latte - Caramel - 3.25, Large Flavoured iced latte - Caramel - 3.25",6.5,CASH,
09/09/2021 15:07,Nottingham,Jason Wood,"Regular Flavoured iced latte - Caramel - 2.75, Large Speciality Tea - Peppermint - 1.60",4.35,CARD,5976616705668643
09/09/2021 15:08,Nottingham,Thelma Yamamoto,"Large Espresso - 1.80, Regular Espresso - 1.50, Large Espresso - 1.80, Regular Flavoured iced latte - Caramel - 2.75, Large Flavoured iced latte - Caramel - 3.25, Regular Espresso - 1.50",12.6,CARD,5820978994019694
09/09/2021 15:09,Nottingham,Barry Hochstatter,"Large Speciality Tea - Peppermint - 1.60, Regular Speciality Tea - Peppermint - 1.30, Large Flavoured iced latte - Caramel - 3.25",6.15,CARD,5605219476369221
09/09/2021 15:10,Nottingham,John Brown,"Large Flavoured iced latte - Caramel - 3.25, Regular Flavoured iced latte - Caramel - 2.75, Regular Flavoured iced latte - Caramel - 2.75",8.75,CARD,4343759300476689
09/09/2021 15:11,Nottingham,Marvin Watters,Large Flavoured iced latte - Caramel - 3.25,3.25,CARD,8790124386822700
09/09/2021 15:12,Nottingham,Rebekah Gallucci,"Large Flavoured iced latte - Caramel - 3.25, Large Espresso - 1.80",5.05,CARD,4014712902081745
09/09/2021 15:13,Nottingham,Donald Baird,"Regular Speciality Tea - Peppermint - 1.30, Large Flavoured iced latte - Caramel - 3.25, Regular Speciality Tea - Peppermint - 1.30",5.85,CARD,9330917719577592
09/09/2021 15:14,Nottingham,Dean Naquin,"Large Speciality Tea - Peppermint - 1.60, Large Espresso - 1.80",3.4,CARD,7262029302946408
09/09/2021 15:15,Nottingham,Robert Serbus,"Regular Espresso - 1.50, Regular Espresso - 1.50, Regular Espresso - 1.50",4.5,CARD,7436942313559854
09/09/2021 15:16,Nottingham,James Summitt,"Large Speciality Tea - Peppermint - 1.60, Large Speciality Tea - Peppermint - 1.60, Large Speciality Tea - Peppermint - 1.60, Regular Espresso - 1.50, Regular Espresso - 1.50, Regular Speciality Tea - Peppermint - 1.30",9.1,CASH,
09/09/2021 15:17,Nottingham,Tamika Davison,Regular Espresso - 1.50,1.5,CARD,4893259037310854
09/09/2021 15:18,Nottingham,Harold Kellems,Large Flavoured iced latte - Caramel - 3.25,3.25,CASH,
09/09/2021 15:19,Nottingham,Janet Vesey,"Large Flavoured iced latte - Caramel - 3.25, Regular Espresso - 1.50, Regular Espresso - 1.50, Regular Speciality Tea - Peppermint - 1.30",7.55,CASH,
09/09/2021 15:20,Nottingham,Tony Dalton,Regular Speciality Tea - Peppermint - 1.30,1.3,CARD,4425849919248751
09/09/2021 15:21,Nottingham,Jeffrey Cooley,"Regular Flavoured iced latte - Caramel - 2.75, Regular Speciality Tea - Peppermint - 1.30",4.05,CASH,
09/09/2021 15:22,Nottingham,Ronald Wattles,"Large Espresso - 1.80, Regular Flavoured iced latte - Caramel - 2.75, Large Flavoured iced latte - Caramel - 3.25, Large Espresso - 1.80",9.6,CARD,9697416481474711
09/09/2021 15:23,Nottingham,Harry Wilkins,Large Speciality Tea - Peppermint - 1.60,1.6,CARD,9249083953207511
09/09/2021 15:24,Nottingham,Inez Freshour,"Regular Espresso - 1.50, Regular Espresso - 1.50, Regular Espresso - 1.50, Regular Flavoured iced latte - Caramel - 2.75",7.25,CASH,
09/09/2021 15:25,Nottingham,Anita Breland,Regular Flavoured iced latte - Caramel - 2.75,2.75,CARD,8694865764614157
09/09/2021 15:26,Nottingham,Zelda Schumacher,"Large Speciality Tea - Peppermint - 1.60, Regular Flavoured iced latte - Caramel - 2.75, Large Flavoured iced latte - Caramel - 3.25, Large Speciality Tea - Peppermint - 1.60",9.2,CARD,8104559044820857
09/09/2021 15:27,Nottingham,Cleo Belka,"Large Espresso - 1.80, Regular Speciality Tea - Peppermint - 1.30, Regular Flavoured iced latte - Caramel - 2.75, Large Speciality Tea - Peppermint - 1.60",7.45,CARD,9505951688485722
09/09/2021 15:28,Nottingham,Samuel Harper,"Large Espresso - 1.80, Large Speciality Tea - Peppermint - 1.60, Regular Flavoured iced latte - Caramel - 2.75, Large Espresso - 1.80, Regular Speciality Tea - Peppermint - 1.30",9.25,CARD,4386292231952005
09/09/2021 15:29,Nottingham,Thomas Shanks,"Regular Speciality Tea - Peppermint - 1.30, Large Espresso - 1.80, Regular Flavoured iced latte - Caramel - 2.75",5.85,CARD,1889453373148979
09/09/2021 15:30,Nottingham,Michael Twehous,"Regular Espresso - 1.50, Regular Espresso - 1.50, Regular Espresso - 1.50",4.5,CASH,
09/09/2021 15:31,Nottingham,Ruth Lachenauer,"Large Speciality Tea - Peppermint - 1.60, Regular Flavoured iced latte - Caramel - 2.75, Regular Espresso - 1.50, Large Espresso - 1.80",7.65,CARD,7709879362664433
09/09/2021 15:32,Nottingham,Jacqueline Moore,"Large Flavoured iced latte - Caramel - 3.25, Large Espresso - 1.80, Regular Speciality Tea - Peppermint - 1.30, Large Flavoured iced latte - Caramel - 3.25",9.6,CARD,4183758342081049
09/09/2021 15:33,Nottingham,Joseph Pomerleau,"Large Flavoured iced latte - Caramel - 3.25, Regular Speciality Tea - Peppermint - 1.30, Large Speciality Tea - Peppermint - 1.60, Regular Flavoured iced latte - Caramel - 2.75, Large Espresso - 1.80, Regular Flavoured iced latte - Caramel - 2.75",13.45,CARD,9740834275369032
09/09/2021 15:34,Nottingham,Toney Moorehead,"Regular Speciality Tea - Peppermint - 1.30, Large Espresso - 1.80, Regular Speciality Tea - Peppermint - 1.30, Regular Flavoured iced latte - Caramel - 2.75",7.15,CARD,3973104366347355
09/09/2021 15:35,Nottingham,Patti Davis,"Large Espresso - 1.80, Regular Espresso - 1.50",3.3,CASH,
09/09/2021 15:36,Nottingham,Jason Holt,"Large Espresso - 1.80, Large Speciality Tea - Peppermint - 1.60, Regular Flavoured iced latte - Caramel - 2.75, Regular Espresso - 1.50, Large Flavoured iced latte - Caramel - 3.25",10.9,CARD,2591381292193315
09/09/2021 15:37,Nottingham,Belva Nelson,"Large Espresso - 1.80, Large Espresso - 1.80, Large Espresso - 1.80, Regular Speciality Tea - Peppermint - 1.30, Large Flavoured iced latte - Caramel - 3.25",9.95,CARD,9869585907841969
09/09/2021 15:38,Nottingham,Christine Brown,"Regular Speciality Tea - Peppermint - 1.30, Large Espresso - 1.80, Large Speciality Tea - Peppermint - 1.60, Large Speciality Tea - Peppermint - 1.60, Large Flavoured iced latte - Caramel - 3.25",9.55,CASH,
09/09/2021 15:39,Nottingham,Agnes Smith,"Large Flavoured iced latte - Caramel - 3.25, Regular Speciality Tea - Peppermint - 1.30, Regular Speciality Tea - Peppermint - 1.30, Regular Espresso - 1.50",7.35,CARD,7348539890813516
09/09/2021 15:40,Nottingham,Sheila France,"Regular Flavoured iced latte - Caramel - 2.75, Regular Flavoured iced latte - Caramel - 2.75, Regular Flavoured iced latte - Caramel - 2.75, Large Flavoured iced latte - Caramel - 3.25",11.5,CASH,
09/09/2021 15:41,Nottingham,Susan Kerns,Regular Flavoured iced latte - Caramel - 2.75,2.75,CASH,
09/09/2021 15:42,Nottingham,Emily Winokur,"Regular Speciality Tea - Peppermint - 1.30, Large Flavoured iced latte - Caramel - 3.25",4.55,CARD,6671381877675920
09/09/2021 15:43,Nottingham,Shawn Velasco,Large Flavoured iced latte - Caramel - 3.25,3.25,CARD,4911601505767271
09/09/2021 15:44,Nottingham,Valerie Davila,"Large Speciality Tea - Peppermint - 1.60, Large Espresso - 1.80",3.4,CARD,1752997944468135
09/09/2021 15:45,Nottingham,John Jacobs,"Large Espresso - 1.80, Large Espresso - 1.80, Regular Espresso - 1.50",5.1,CARD,8139242924379989
09/09/2021 15:46,Nottingham,Stacy Bulow,Large Flavoured iced latte - Caramel - 3.25,3.25,CARD,3677206548955021
09/09/2021 15:47,Nottingham,Louann Haynes,"Regular Speciality Tea - Peppermint - 1.30, Large Espresso - 1.80",3.1,CASH,
09/09/2021 15:48,Nottingham,Ronald Styles,Regular Espresso - 1.50,1.5,CARD,4321513013311626
09/09/2021 15:49,Nottingham,Charles Delargy,"Regular Flavoured iced latte - Caramel - 2.75, Large Speciality Tea - Peppermint - 1.60, Large Speciality Tea - Peppermint - 1.60, Regular Flavoured iced latte - Caramel - 2.75, Regular Speciality Tea - Peppermint - 1.30, Regular Speciality Tea - Peppermint - 1.30",11.3,CASH,
09/09/2021 15:50,Nottingham,Guy Todd,"Large Speciality Tea - Peppermint - 1.60, Regular Speciality Tea - Peppermint - 1.30, Regular Espresso - 1.50, Large Speciality Tea - Peppermint - 1.60, Large Speciality Tea - Peppermint - 1.60",7.6,CARD,5757614361068267
09/09/2021 15:51,Nottingham,Jose Johnson,"Large Espresso - 1.80, Regular Speciality Tea - Peppermint - 1.30, Large Speciality Tea - Peppermint - 1.60, Large Flavoured iced latte - Caramel - 3.25",7.95,CASH,
09/09/2021 15:52,Nottingham,Michael Lane,"Large Flavoured iced latte - Caramel - 3.25, Regular Flavoured iced latte - Caramel - 2.75",6.0,CASH,
09/09/2021 15:53,Nottingham,Hedy Halfhill,Large Flavoured iced latte - Caramel - 3.25,3.25,CARD,8337105131996290
09/09/2021 15:54,Nottingham,Michele Humphreys,Regular Flavoured iced latte - Caramel - 2.75,2.75,CARD,9353683014836539
09/09/2021 15:55,Nottingham,Cynthia Giel,"Large Speciality Tea - Peppermint - 1.60, Large Espresso - 1.80, Large Espresso - 1.80",5.2,CARD,4478691635763037
09/09/2021 15:57,Nottingham,John Caughey,"Large Flavoured iced latte - Caramel - 3.25, Large Espresso - 1.80",5.05,CASH,
09/09/2021 15:58,Nottingham,Omar Henderson,"Regular Speciality Tea - Peppermint - 1.30, Large Espresso - 1.80",3.1,CARD,5722079333336329
09/09/2021 15:59,Nottingham,Stuart Jackson,"Large Speciality Tea - Peppermint - 1.60, Regular Flavoured iced latte - Caramel - 2.75",4.35,CASH,
09/09/2021 16:00,Nottingham,Bethany Yadao,"Regular Speciality Tea - Peppermint - 1.30, Large Speciality Tea - Peppermint - 1.60, Regular Speciality Tea - Peppermint - 1.30, Large Espresso - 1.80, Large Speciality Tea - Peppermint - 1.60",7.6,CASH,
09/09/2021 16:03,Nottingham,Richard Dahnke,Regular Espresso - 1.50,1.5,CASH,
09/09/2021 16:06,Nottingham,Carolyn Berk,Regular Espresso - 1.50,1.5,CARD,4984932778664112
09/09/2021 16:09,Nottingham,Eva Franklin,"Large Flavoured iced latte - Caramel - 3.25, Large Speciality Tea - Peppermint - 1.60",4.85,CARD,6048699280246673
09/09/2021 16:12,Nottingham,John Paxman,"Regular Espresso - 1.50, Regular Espresso - 1.50, Regular Espresso - 1.50",4.5,CARD,9753352935869477
09/09/2021 16:15,Nottingham,Thomas Schoepp,Large Speciality Tea - Peppermint - 1.60,1.6,CASH,
09/09/2021 16:18,Nottingham,Rodney Ward,"Regular Speciality Tea - Peppermint - 1.30, Regular Speciality Tea - Peppermint - 1.30",2.6,CARD,8570064149785909
09/09/2021 16:22,Nottingham,Kathleen Holt,"Regular Speciality Tea - Peppermint - 1.30, Large Espresso - 1.80, Regular Espresso - 1.50, Regular Flavoured iced latte - Caramel - 2.75, Regular Speciality Tea - Peppermint - 1.30, Regular Espresso - 1.50",10.15,CASH,
09/09/2021 16:25,Nottingham,John Hoffman,Large Espresso - 1.80,1.8,CARD,1410683920652313
09/09/2021 16:28,Nottingham,Steven Bryant,"Large Espresso - 1.80, Regular Speciality Tea - Peppermint - 1.30",3.1,CARD,4531647810374568
09/09/2021 16:31,Nottingham,Hugh Mieles,"Regular Speciality Tea - Peppermint - 1.30, Large Speciality Tea - Peppermint - 1.60",2.9,CASH,
09/09/2021 16:34,Nottingham,Ana Brown,"Large Flavoured iced latte - Caramel - 3.25, Large Speciality Tea - Peppermint - 1.60",4.85,CARD,4033951325860552
09/09/2021 16:37,Nottingham,Kevin Zywiec,"Large Espresso - 1.80, Regular Speciality Tea - Peppermint - 1.30, Large Espresso - 1.80, Large Espresso - 1.80",6.7,CARD,1433603289312079
09/09/2021 16:41,Nottingham,Jonathan Lash,Regular Espresso - 1.50,1.5,CARD,5433730787588909
09/09/2021 16:44,Nottingham,Donna Matthews,Regular Flavoured iced latte - Caramel - 2.75,2.75,CARD,6944870669867052
09/09/2021 16:47,Nottingham,Lorna Wiese,"Large Flavoured iced latte - Caramel - 3.25, Regular Espresso - 1.50, Large Espresso - 1.80",6.55,CASH,
09/09/2021 16:50,Nottingham,Priscilla Joseph,Large Espresso - 1.80,1.8,CARD,1396633308019740
09/09/2021 16:53,Nottingham,Albert Pacheco,"Large Espresso - 1.80, Large Flavoured iced latte - Caramel - 3.25, Regular Espresso - 1.50, Large Speciality Tea - Peppermint - 1.60",8.15,CASH,
09/09/2021 16:56,Nottingham,Terrence Williams,"Regular Espresso - 1.50, Large Speciality Tea - Peppermint - 1.60, Regular Espresso - 1.50, Large Speciality Tea - Peppermint - 1.60",6.2,CARD,1078421059355036
09/09/2021 16:59,Nottingham,William Maurer,"Large Espresso - 1.80, Large Espresso - 1.80, Regular Espresso - 1.50, Regular Flavoured iced latte - Caramel - 2.75, Large Espresso - 1.80",9.65,CARD,9612306234011421
