09/09/2021 09:00,Southend-on-Sea,Wendy Ellard,"Regular Americano - 1.95, Regular Speciality Tea - Darjeeling - 1.30, Large Speciality Tea - Peppermint - 1.60",4.85,CARD,5138036745400936
09/09/2021 09:01,Southend-on-Sea,William Ziegler,"Large Luxury hot chocolate - 2.70, Regular Flavoured iced latte - Caramel - 2.75, Large Flavoured iced latte - Caramel - 3.25",8.7,CARD,6124321676607156
09/09/2021 09:03,Southend-on-Sea,Hubert Griggs,"Regular Hot Chocolate - 1.40, Large Speciality Tea - Peppermint - 1.60",3.0,CARD,1194491038971492
09/09/2021 09:04,Southend-on-Sea,Nelle Shelton,Regular Flavoured iced latte - Caramel - 2.75,2.75,CASH,
09/09/2021 09:06,Southend-on-Sea,Brandon Kirchner,"Large Speciality Tea - Darjeeling - 1.60, Regular Luxury hot chocolate - 2.40",4.0,CARD,6522711160118232
09/09/2021 09:07,Southend-on-Sea,Charles Nichols,"Large Americano - 2.25, Large Americano - 2.25",4.5,CARD,4101744208787493
09/09/2021 09:09,Southend-on-Sea,Michael Hoggins,Regular Luxury hot chocolate - 2.40,2.4,CASH,
09/09/2021 09:10,Southend-on-Sea,Stephen Gibson,"Regular Flavoured iced latte - Caramel - 2.75, Large Luxury hot chocolate - 2.70, Large Hot Chocolate - 1.70, Regular Americano - 1.95",9.1,CARD,7206176892835094
09/09/2021 09:12,Southend-on-Sea,Angela Whitman,"Regular Flavoured iced latte - Caramel - 2.75, Large Americano - 2.25",5.0,CARD,8045917788872833
09/09/2021 09:13,Southend-on-Sea,James Licata,"Large Hot Chocolate - 1.70, Regular Speciality Tea - Peppermint - 1.30",3.0,CARD,3899863329505119
09/09/2021 09:15,Southend-on-Sea,Jill Tran,"Regular Speciality Tea - Darjeeling - 1.30, Regular Flavoured iced latte - Caramel - 2.75",4.05,CARD,1682167541079717
09/09/2021 09:16,Southend-on-Sea,Teresa Powell,Large Hot Chocolate - 1.70,1.7,CASH,
09/09/2021 09:18,Southend-on-Sea,Jerry Feldman,Large Americano - 2.25,2.25,CARD,7328990396407231
09/09/2021 09:19,Southend-on-Sea,James Weaver,"Large Americano - 2.25, Regular Americano - 1.95, Regular Flavoured iced latte - Caramel - 2.75",6.95,CARD,6023673486869152
09/09/2021 09:21,Southend-on-Sea,Lori Todd,Regular Speciality Tea - Darjeeling - 1.30,1.3,CARD,2546215377658418
09/09/2021 09:22,Southend-on-Sea,Travis Odom,"Large Speciality Tea - Peppermint - 1.60, Large Red Label tea - 1.80, Large Americano - 2.25, Regular Flavoured iced latte - Caramel - 2.75",8.4,CARD,3064827548530988
09/09/2021 09:24,Southend-on-Sea,Nathan Mccann,"Large Luxury hot chocolate - 2.70, Large Speciality Tea - Peppermint - 1.60, Large Red Label tea - 1.80, Regular Speciality Tea - Darjeeling - 1.30",7.4,CARD,7312113004091094
09/09/2021 09:25,Southend-on-Sea,Shenita Webster,"Large Flavoured iced latte - Caramel - 3.25, Large Speciality Tea - Darjeeling - 1.60, Regular Hot Chocolate - 1.40, Large Flavoured iced latte - Caramel - 3.25, Regular Americano - 1.95",11.45,CARD,8383133308393816
09/09/2021 09:27,Southend-on-Sea,Wilma Shade,Regular Hot Chocolate - 1.40,1.4,CARD,3179901483810466
09/09/2021 09:28,Southend-on-Sea,Trang Smith,"Regular Hot Chocolate - 1.40, Large Speciality Tea - Darjeeling - 1.60",3.0,CARD,7178275441805423
09/09/2021 09:30,Southend-on-Sea,Alma Ward,"Large Luxury hot chocolate - 2.70, Regular Speciality Tea - Darjeeling - 1.30, Large Hot Chocolate - 1.70",5.7,CARD,2381591877097001
09/09/2021 09:31,Southend-on-Sea,Frances Horstman,"Regular Speciality Tea - Darjeeling - 1.30, Regular Speciality Tea - Peppermint - 1.30, Large Speciality Tea - Darjeeling - 1.60, Regular Red Label tea - 1.20, Regular Red Label tea - 1.20",6.6,CARD,3591727999114287
09/09/2021 09:33,Southend-on-Sea,Becky Rios,"Large Speciality Tea - Peppermint - 1.60, Large Red Label tea - 1.80, Regular Speciality Tea - Darjeeling - 1.30",4.7,CASH,
09/09/2021 09:34,Southend-on-Sea,Roderick Mcintyre,"Large Luxury hot chocolate - 2.70, Regular Red Label tea - 1.20, Large Hot Chocolate - 1.70, Large Hot Chocolate - 1.70, Large Hot Chocolate - 1.70, Large Red Label tea - 1.80",10.8,CARD,2390926348801279
09/09/2021 09:36,Southend-on-Sea,Thomas Debnam,Large Hot Chocolate - 1.70,1.7,CARD,3262506869527522
09/09/2021 09:37,Southend-on-Sea,John Agnello,"Large Speciality Tea - Darjeeling - 1.60, Large Luxury hot chocolate - 2.70, Regular Red Label tea - 1.20, Large Luxury hot chocolate - 2.70, Large Red Label tea - 1.80",10.0,CARD,8090410147128776
09/09/2021 09:39,Southend-on-Sea,Pam Buckingham,Regular Flavoured iced latte - Caramel - 2.75,2.75,CARD,4253520661478093
09/09/2021 09:40,Southend-on-Sea,Robert Wilson,Large Flavoured iced latte - Caramel - 3.25,3.25,CARD,5864765483904672
09/09/2021 09:42,Southend-on-Sea,Idella Gerber,Large Flavoured iced latte - Caramel - 3.25,3.25,CARD,2017383550556521
09/09/2021 09:43,Southend-on-Sea,Dorothy Cullinan,"Large Flavoured iced latte - Caramel - 3.25, Large Speciality Tea - Darjeeling - 1.60, Regular Red Label tea - 1.20, Large Luxury hot chocolate - 2.70",8.75,CARD,5838589013753058
09/09/2021 09:45,Southend-on-Sea,Micheal Montoya,Large Red Label tea - 1.80,1.8,CARD,8194392582836688
09/09/2021 09:46,Southend-on-Sea,Linda Freeman,"Regular Hot Chocolate - 1.40, Regular Flavoured iced latte - Caramel - 2.75",4.15,CARD,5801862697668017
09/09/2021 09:48,Southend-on-Sea,Juliet Odom,Large Flavoured iced latte - Caramel - 3.25,3.25,CARD,3490258696083472
09/09/2021 09:49,Southend-on-Sea,Laura Gribble,"Regular Americano - 1.95, Regular Hot Chocolate - 1.40, Regular Red Label tea - 1.20, Large Speciality Tea - Darjeeling - 1.60, Large Flavoured iced latte - Caramel - 3.25",9.4,CARD,7510261755501484
09/09/2021 09:51,Southend-on-Sea,Brent Ward,"Regular Speciality Tea - Darjeeling - 1.30, Large Flavoured iced latte - Caramel - 3.25, Regular Speciality Tea - Peppermint - 1.30",5.85,CARD,2786582273532871
09/09/2021 09:52,Southend-on-Sea,Arthur Nunley,Large Speciality Tea - Peppermint - 1.60,1.6,CARD,2237282108194746
09/09/2021 09:54,Southend-on-Sea,Janice Jones,"Regular Speciality Tea - Darjeeling - 1.30, Large Americano - 2.25",3.55,CARD,9653656739967563
09/09/2021 09:55,Southend-on-Sea,Grace Fitzpatrick,"Large Americano - 2.25, Large Speciality Tea - Darjeeling - 1.60",3.85,CARD,7639715895213346
09/09/2021 09:57,Southend-on-Sea,Melanie Kuhn,"Large Flavoured iced latte - Caramel - 3.25, Large Speciality Tea - Peppermint - 1.60",4.85,CASH,
09/09/2021 09:58,Southend-on-Sea,David Hatton,"Regular Speciality Tea - Peppermint - 1.30, Large Flavoured iced latte - Caramel - 3.25, Large Hot Chocolate - 1.70",6.25,CARD,3621242238932492
09/09/2021 10:00,Southend-on-Sea,Rhonda Kurtz,"Large Americano - 2.25, Regular Americano - 1.95",4.2,CARD,7925169625475307
09/09/2021 10:02,Southend-on-Sea,Robin Perkins,"Regular Speciality Tea - Peppermint - 1.30, Regular Flavoured iced latte - Caramel - 2.75, Regular Red Label tea - 1.20, Large Americano - 2.25, Regular Luxury hot chocolate - 2.40",9.9,CARD,5200398502994574
09/09/2021 10:04,Southend-on-Sea,Marlene Irby,"Large Speciality Tea - Darjeeling - 1.60, Regular Hot Chocolate - 1.40, Large Flavoured iced latte - Caramel - 3.25",6.25,CARD,4479975496835330
09/09/2021 10:06,Southend-on-Sea,Donald Willis,"Large Speciality Tea - Darjeeling - 1.60, Regular Luxury hot chocolate - 2.40, Large Americano - 2.25, Regular Luxury hot chocolate - 2.40, Regular Americano - 1.95",10.6,CARD,7865081234990640
09/09/2021 10:08,Southend-on-Sea,Wilma Pickhardt,"Regular Speciality Tea - Peppermint - 1.30, Large Hot Chocolate - 1.70",3.0,CARD,3057093869338878
09/09/2021 10:11,Southend-on-Sea,Emil Smith,Regular Hot Chocolate - 1.40,1.4,CARD,7694495219712016
09/09/2021 10:13,Southend-on-Sea,Cassandra Terrell,"Regular Hot Chocolate - 1.40, Regular Hot Chocolate - 1.40",2.8,CARD,1141979669084221
09/09/2021 10:15,Southend-on-Sea,Alexander Pierce,Large Red Label tea - 1.80,1.8,CARD,3387688149324957
09/09/2021 10:17,Southend-on-Sea,Michael Venable,"Large Red Label tea - 1.80, Large Speciality Tea - Peppermint - 1.60, Large Speciality Tea - Peppermint - 1.60",5.0,CARD,9977556776140691
09/09/2021 10:19,Southend-on-Sea,Alex Rowell,"Regular Speciality Tea - Peppermint - 1.30, Regular Red Label tea - 1.20, Large Flavoured iced latte - Caramel - 3.25, Large Speciality Tea - Darjeeling - 1.60",7.35,CARD,3652642111344360
09/09/2021 10:22,Southend-on-Sea,Sharon Josephs,Regular Red Label tea - 1.20,1.2,CASH,
09/09/2021 10:24,Southend-on-Sea,Frances Reader,"Large Americano - 2.25, Large Red Label tea - 1.80",4.05,CARD,1039117632170653
09/09/2021 10:26,Southend-on-Sea,Annie Grim,"Regular Hot Chocolate - 1.40, Regular Speciality Tea - Peppermint - 1.30",2.7,CARD,6715300367781490
09/09/2021 10:28,Southend-on-Sea,Barbara Fass,"Regular Hot Chocolate - 1.40, Large Flavoured iced latte - Caramel - 3.25, Regular Flavoured iced latte - Caramel - 2.75",7.4,CARD,5299715162165435
09/09/2021 10:31,Southend-on-Sea,Julie Tucker,"Regular Speciality Tea - Darjeeling - 1.30, Large Flavoured iced latte - Caramel - 3.25",4.55,CARD,9415866514864447
09/09/2021 10:33,Southend-on-Sea,Joyce Rosa,"Regular Speciality Tea - Darjeeling - 1.30, Large Hot Chocolate - 1.70, Large Luxury hot chocolate - 2.70, Regular Hot Chocolate - 1.40",7.1,CARD,6224255515337077
09/09/2021 10:35,Southend-on-Sea,Teresa Stultz,Large Speciality Tea - Peppermint - 1.60,1.6,CARD,6531852950620296
09/09/2021 10:37,Southend-on-Sea,Charles Howard,"Large Americano - 2.25, Large Hot Chocolate - 1.70, Regular Flavoured iced latte - Caramel - 2.75",6.7,CARD,9235669305447985
09/09/2021 10:39,Southend-on-Sea,Deborah Branstetter,"Large Speciality Tea - Peppermint - 1.60, Large Red Label tea - 1.80",3.4,CARD,2642020873421715
09/09/2021 10:42,Southend-on-Sea,Walter Stallings,"Regular Hot Chocolate - 1.40, Regular Flavoured iced latte - Caramel - 2.75, Large Flavoured iced latte - Caramel - 3.25, Large Luxury hot chocolate - 2.70, Large Americano - 2.25, Regular Americano - 1.95",14.3,CASH,
09/09/2021 10:44,Southend-on-Sea,Jerome Frost,"Large Speciality Tea - Peppermint - 1.60, Regular Americano - 1.95, Regular Hot Chocolate - 1.40, Regular Luxury hot chocolate - 2.40",7.35,CARD,5708389867200384
09/09/2021 10:46,Southend-on-Sea,Bobbie Anderson,"Large Hot Chocolate - 1.70, Large Speciality Tea - Darjeeling - 1.60, Regular Red Label tea - 1.20, Regular Red Label tea - 1.20",5.7,CARD,4545895918201519
09/09/2021 10:48,Southend-on-Sea,Rosie Mcknight,"Regular Hot Chocolate - 1.40, Regular Speciality Tea - Peppermint - 1.30, Regular Speciality Tea - Darjeeling - 1.30",4.0,CASH,
09/09/2021 10:50,Southend-on-Sea,Jerry Gaddis,"Regular Americano - 1.95, Regular Luxury hot chocolate - 2.40",4.35,CARD,6441221202859370
09/09/2021 10:53,Southend-on-Sea,James Greenwald,"Regular Speciality Tea - Peppermint - 1.30, Regular Speciality Tea - Darjeeling - 1.30",2.6,CARD,9406812803434378
09/09/2021 10:55,Southend-on-Sea,Nancy Mason,"Large Red Label tea - 1.80, Large Speciality Tea - Darjeeling - 1.60, Regular Speciality Tea - Darjeeling - 1.30, Regular Luxury hot chocolate - 2.40",7.1,CASH,
09/09/2021 10:57,Southend-on-Sea,Daniel Zweier,"Large Speciality Tea - Darjeeling - 1.60, Regular Luxury hot chocolate - 2.40, Regular Red Label tea - 1.20, Large Red Label tea - 1.80",7.0,CASH,
09/09/2021 10:59,Southend-on-Sea,Robert Sherman,Large Speciality Tea - Peppermint - 1.60,1.6,CARD,9220971671013381
09/09/2021 11:02,Southend-on-Sea,Tana Norman,"Regular Luxury hot chocolate - 2.40, Regular Luxury hot chocolate - 2.40",4.8,CARD,8558534828025532
09/09/2021 11:04,Southend-on-Sea,Matthew Francis,"Large Luxury hot chocolate - 2.70, Regular Hot Chocolate - 1.40, Large Americano - 2.25, Regular Speciality Tea - Darjeeling - 1.30",7.65,CARD,1098643182189286
09/09/2021 11:06,Southend-on-Sea,Sarah Simms,"Large Hot Chocolate - 1.70, Regular Americano - 1.95",3.65,CARD,6066958841841961
09/09/2021 11:08,Southend-on-Sea,Julia Hayner,"Large Americano - 2.25, Large Speciality Tea - Darjeeling - 1.60, Large Flavoured iced latte - Caramel - 3.25, Large Flavoured iced latte - Caramel - 3.25",10.35,CARD,1142360061497384
09/09/2021 11:10,Southend-on-Sea,Robyn Castaneda,"Regular Americano - 1.95, Regular Flavoured iced latte - Caramel - 2.75, Regular Speciality Tea - Darjeeling - 1.30",6.0,CASH,
09/09/2021 11:13,Southend-on-Sea,Cynthia Shackleford,"Regular Flavoured iced latte - Caramel - 2.75, Large Speciality Tea - Peppermint - 1.60",4.35,CARD,8365647002226337
09/09/2021 11:15,Southend-on-Sea,Peggy Williams,Regular Flavoured iced latte - Caramel - 2.75,2.75,CASH,
09/09/2021 11:17,Southend-on-Sea,Tyrone Storey,"Large Luxury hot chocolate - 2.70, Regular Flavoured iced latte - Caramel - 2.75, Regular Speciality Tea - Peppermint - 1.30",6.75,CASH,
09/09/2021 11:19,Southend-on-Sea,Carmella Garcia,"Large Luxury hot chocolate - 2.70, Large Speciality Tea - Darjeeling - 1.60",4.3,CARD,2619742689327013
09/09/2021 11:22,Southend-on-Sea,William Large,"Regular Americano - 1.95, Large Speciality Tea - Darjeeling - 1.60, Large Hot Chocolate - 1.70, Large Speciality Tea - Darjeeling - 1.60, Regular Americano - 1.95",8.8,CASH,
09/09/2021 11:24,Southend-on-Sea,Jon Thames,"Large Red Label tea - 1.80, Large Luxury hot chocolate - 2.70, Regular Luxury hot chocolate - 2.40, Regular Speciality Tea - Darjeeling - 1.30, Regular Speciality Tea - Peppermint - 1.30",9.5,CARD,1516431550342179
09/09/2021 11:26,Southend-on-Sea,Raymond Bryant,"Large Flavoured iced latte - Caramel - 3.25, Regular Flavoured iced latte - Caramel - 2.75",6.0,CARD,7629220758438423
09/09/2021 11:28,Southend-on-Sea,Carroll Wilkes,"Large Speciality Tea - Peppermint - 1.60, Large Americano - 2.25",3.85,CARD,1339048749680521
09/09/2021 11:30,Southend-on-Sea,Michele Strope,"Large Red Label tea - 1.80, Regular Americano - 1.95, Regular Luxury hot chocolate - 2.40",6.15,CARD,9221294490267270
09/09/2021 11:33,Southend-on-Sea,Earnest Schrock,"Regular Red Label tea - 1.20, Large Speciality Tea - Darjeeling - 1.60",2.8,CASH,
09/09/2021 11:35,Southend-on-Sea,Joseph Manigault,"Large Americano - 2.25, Regular Speciality Tea - Peppermint - 1.30, Large Hot Chocolate - 1.70",5.25,CARD,3148161230911786
09/09/2021 11:37,Southend-on-Sea,Thomas Gass,Regular Hot Chocolate - 1.40,1.4,CARD,3348071012303392
09/09/2021 11:39,Southend-on-Sea,Norman Eskola,"Large Red Label tea - 1.80, Large Speciality Tea - Darjeeling - 1.60",3.4,CASH,
09/09/2021 11:41,Southend-on-Sea,Margaret Cardoza,"Regular Red Label tea - 1.20, Large Red Label tea - 1.80, Large Speciality Tea - Darjeeling - 1.60, Large Red Label tea - 1.80",6.4,CARD,5967316244207176
09/09/2021 11:44,Southend-on-Sea,Jeffrey Dalbec,"Regular Speciality Tea - Darjeeling - 1.30, Large Red Label tea - 1.80",3.1,CARD,8247624258517912
09/09/2021 11:46,Southend-on-Sea,Connie Vosburg,"Large Flavoured iced latte - Caramel - 3.25, Regular Americano - 1.95, Regular Luxury hot chocolate - 2.40, Regular Hot Chocolate - 1.40, Large Luxury hot chocolate - 2.70, Regular Flavoured iced latte - Caramel - 2.75",14.45,CARD,7648938424446069
09/09/2021 11:48,Southend-on-Sea,Elizabeth Cole,"Regular Americano - 1.95, Regular Hot Chocolate - 1.40",3.35,CASH,
09/09/2021 11:50,Southend-on-Sea,Reynaldo Yarbrough,"Large Speciality Tea - Peppermint - 1.60, Regular Speciality Tea - Peppermint - 1.30",2.9,CARD,7725356821807378
09/09/2021 11:53,Southend-on-Sea,Francis Carasco,"Large Red Label tea - 1.80, Regular Americano - 1.95, Regular Americano - 1.95, Large Hot Chocolate - 1.70, Large Hot Chocolate - 1.70, Regular Americano - 1.95",11.05,CARD,4293076979630533
09/09/2021 11:55,Southend-on-Sea,Kenneth Rebick,Regular Hot Chocolate - 1.40,1.4,CASH,
09/09/2021 11:57,Southend-on-Sea,Michelle Garcia,"Large Luxury hot chocolate - 2.70, Regular Red Label tea - 1.20, Large Red Label tea - 1.80, Large Speciality Tea - Peppermint - 1.60",7.3,CARD,6597597630089377
09/09/2021 11:59,Southend-on-Sea,Norman King,"Regular Red Label tea - 1.20, Large Speciality Tea - Peppermint - 1.60",2.8,CASH,
09/09/2021 12:01,Southend-on-Sea,Alex Powers,"Large Speciality Tea - Darjeeling - 1.60, Large Hot Chocolate - 1.70, Regular Red Label tea - 1.20",4.5,CASH,
09/09/2021 12:04,Southend-on-Sea,David Burch,Regular Speciality Tea - Peppermint - 1.30,1.3,CARD,6138473001558789
09/09/2021 12:06,Southend-on-Sea,Billy Higgins,"Large Speciality Tea - Darjeeling - 1.60, Large Hot Chocolate - 1.70, Large Americano - 2.25, Regular Red Label tea - 1.20",6.75,CASH,
09/09/2021 12:09,Southend-on-Sea,Eugene Moore,"Large Flavoured iced latte - Caramel - 3.25, Regular Hot Chocolate - 1.40, Large Speciality Tea - Darjeeling - 1.60",6.25,CARD,2153390738782452
09/09/2021 12:11,Southend-on-Sea,Linda Burwell,"Large Americano - 2.25, Regular Luxury hot chocolate - 2.40, Large Speciality Tea - Peppermint - 1.60, Large Americano - 2.25",8.5,CARD,9089644545672249
09/09/2021 12:14,Southend-on-Sea,Jesus Smith,Regular Luxury hot chocolate - 2.40,2.4,CARD,1387909652741866
09/09/2021 12:16,Southend-on-Sea,Amy Bradford,"Regular Speciality Tea - Darjeeling - 1.30, Regular Speciality Tea - Peppermint - 1.30",2.6,CASH,
09/09/2021 12:19,Southend-on-Sea,Dewey Southern,"Large Luxury hot chocolate - 2.70, Regular Red Label tea - 1.20",3.9,CARD,4479164652145432
09/09/2021 12:21,Southend-on-Sea,Marcella Loesch,"Large Flavoured iced latte - Caramel - 3.25, Regular Red Label tea - 1.20, Regular Americano - 1.95",6.4,CASH,
09/09/2021 12:24,Southend-on-Sea,Bruce Claycomb,"Regular Luxury hot chocolate - 2.40, Large Flavoured iced latte - Caramel - 3.25, Large Flavoured iced latte - Caramel - 3.25, Regular Flavoured iced latte - Caramel - 2.75",11.65,CASH,
09/09/2021 12:26,Southend-on-Sea,Norma Levels,"Large Speciality Tea - Peppermint - 1.60, Large Speciality Tea - Darjeeling - 1.60, Regular Americano - 1.95, Regular Red Label tea - 1.20, Large Speciality Tea - Peppermint - 1.60, Large Speciality Tea - Darjeeling - 1.60",9.55,CASH,
09/09/2021 12:29,Southend-on-Sea,Patrick Zapata,"Large Americano - 2.25, Large Speciality Tea - Peppermint - 1.60",3.85,CASH,
09/09/2021 12:31,Southend-on-Sea,Audrey Chisholm,Regular Red Label tea - 1.20,1.2,CARD,2026969770130589
09/09/2021 12:34,Southend-on-Sea,Stephanie George,"Regular Luxury hot chocolate - 2.40, Large Americano - 2.25, Large Speciality Tea - Peppermint - 1.60, Regular Americano - 1.95, Large Speciality Tea - Peppermint - 1.60",9.8,CARD,9488722997474083
09/09/2021 12:36,Southend-on-Sea,Jean Buckingham,"Regular Flavoured iced latte - Caramel - 2.75, Regular Hot Chocolate - 1.40",4.15,CARD,7382127407438793
09/09/2021 12:39,Southend-on-Sea,John Sanchez,"Large Flavoured iced latte - Caramel - 3.25, Regular Speciality Tea - Darjeeling - 1.30",4.55,CARD,6945306839417703
09/09/2021 12:41,Southend-on-Sea,Mildred Parrish,Regular Flavoured iced latte - Caramel - 2.75,2.75,CASH,
09/09/2021 12:44,Southend-on-Sea,Steven Gonzales,"Large Luxury hot chocolate - 2.70, Large Red Label tea - 1.80",4.5,CARD,2909379936044548
09/09/2021 12:46,Southend-on-Sea,Betty Smith,"Large Flavoured iced latte - Caramel - 3.25, Regular Luxury hot chocolate - 2.40, Regular Americano - 1.95, Regular Flavoured iced latte - Caramel - 2.75, Large Speciality Tea - Peppermint - 1.60",11.95,CARD,2303619047293551
09/09/2021 12:49,Southend-on-Sea,Annie Cherry,Regular Hot Chocolate - 1.40,1.4,CASH,
09/09/2021 12:51,Southend-on-Sea,Denise Goodman,"Large Speciality Tea - Darjeeling - 1.60, Regular Speciality Tea - Darjeeling - 1.30",2.9,CASH,
09/09/2021 12:54,Southend-on-Sea,Douglas Klein,"Large Red Label tea - 1.80, Regular Luxury hot chocolate - 2.40, Large Luxury hot chocolate - 2.70, Large Luxury hot chocolate - 2.70",9.6,CARD,4890908029106415
09/09/2021 12:56,Southend-on-Sea,Richard Gonzalez,Large Red Label tea - 1.80,1.8,CASH,
09/09/2021 12:59,Southend-on-Sea,Darren Tabisula,Large Flavoured iced latte - Caramel - 3.25,3.25,CARD,5111012188800954
09/09/2021 13:01,Southend-on-Sea,Donald Fierst,"Large Red Label tea - 1.80, Large Americano - 2.25",4.05,CARD,3851977727824652
09/09/2021 13:04,Southend-on-Sea,Megan Johnson,"Large Hot Chocolate - 1.70, Large Red Label tea - 1.80",3.5,CASH,
09/09/2021 13:06,Southend-on-Sea,Freeda Griffy,"Regular Luxury hot chocolate - 2.40, Regular Luxury hot chocolate - 2.40, Regular Hot Chocolate - 1.40",6.2,CARD,9780779658243399
09/09/2021 13:08,Southend-on-Sea,Karen Hanson,Large Luxury hot chocolate - 2.70,2.7,CARD,8505110229443552
09/09/2021 13:10,Southend-on-Sea,Norris Hall,"Regular Luxury hot chocolate - 2.40, Regular Luxury hot chocolate - 2.40, Regular Flavoured iced latte - Caramel - 2.75, Large Red Label tea - 1.80",9.35,CARD,3228137512864932
09/09/2021 13:13,Southend-on-Sea,Millard Schroeder,"Large Speciality Tea - Peppermint - 1.60, Large Hot Chocolate - 1.70",3.3,CARD,9887908689626133
09/09/2021 13:15,Southend-on-Sea,Eilene Smith,"Regular Flavoured iced latte - Caramel - 2.75, Regular Flavoured iced latte - Caramel - 2.75",5.5,CARD,7005391844404536
09/09/2021 13:17,Southend-on-Sea,Brian Weldon,"Large Speciality Tea - Darjeeling - 1.60, Large Red Label tea - 1.80, Large Hot Chocolate - 1.70, Large Red Label tea - 1.80",6.9,CARD,9358932358138442
09/09/2021 13:19,Southend-on-Sea,Martha Johnson,"Large Speciality Tea - Darjeeling - 1.60, Regular Luxury hot chocolate - 2.40, Regular Speciality Tea - Darjeeling - 1.30, Large Hot Chocolate - 1.70",7.0,CARD,3653241821548294
09/09/2021 13:21,Southend-on-Sea,Juan Johnson,"Large Americano - 2.25, Large Red Label tea - 1.80",4.05,CASH,
09/09/2021 13:24,Southend-on-Sea,Latasha Leeper,"Large Speciality Tea - Peppermint - 1.60, Large Luxury hot chocolate - 2.70, Large Luxury hot chocolate - 2.70, Large Luxury hot chocolate - 2.70, Regular Speciality Tea - Darjeeling - 1.30, Regular Red Label tea - 1.20",12.2,CARD,5270024501933286
09/09/2021 13:26,Southend-on-Sea,Herbert Crawford,"Regular Hot Chocolate - 1.40, Large Hot Chocolate - 1.70, Large Hot Chocolate - 1.70",4.8,CASH,
09/09/2021 13:28,Southend-on-Sea,Eli Torno,"Large Hot Chocolate - 1.70, Regular Flavoured iced latte - Caramel - 2.75",4.45,CARD,8052123971390070
09/09/2021 13:30,Southend-on-Sea,Mark Mead,"Large Luxury hot chocolate - 2.70, Regular Red Label tea - 1.20",3.9,CARD,2940757798896208
09/09/2021 13:32,Southend-on-Sea,Matthew Arias,Regular Flavoured iced latte - Caramel - 2.75,2.75,CARD,2173837551782047
09/09/2021 13:35,Southend-on-Sea,Mary Valiente,"Regular Americano - 1.95, Regular Red Label tea - 1.20, Regular Red Label tea - 1.20",4.35,CARD,7580945826924812
09/09/2021 13:37,Southend-on-Sea,Abraham Hosle,Large Speciality Tea - Darjeeling - 1.60,1.6,CARD,7511514992118268
09/09/2021 13:39,Southend-on-Sea,Margaret Bright,"Regular Flavoured iced latte - Caramel - 2.75, Large Luxury hot chocolate - 2.70, Large Americano - 2.25",7.7,CARD,1034938970335121
09/09/2021 13:41,Southend-on-Sea,Charlie Degiulio,"Regular Red Label tea - 1.20, Regular Americano - 1.95",3.15,CARD,8733076700202063
09/09/2021 13:44,Southend-on-Sea,Shane Berry,"Regular Americano - 1.95, Regular Luxury hot chocolate - 2.40",4.35,CARD,5917291972752560
09/09/2021 13:46,Southend-on-Sea,William Villescas,Regular Red Label tea - 1.20,1.2,CARD,5395202220095692
09/09/2021 13:48,Southend-on-Sea,Douglas Wildenthaler,"Regular Luxury hot chocolate - 2.40, Large Speciality Tea - Darjeeling - 1.60",4.0,CARD,1370917765091708
09/09/2021 13:50,Southend-on-Sea,Michael Houseknecht,"Regular Hot Chocolate - 1.40, Large Hot Chocolate - 1.70, Large Luxury hot chocolate - 2.70, Large Flavoured iced latte - Caramel - 3.25, Regular Flavoured iced latte - Caramel - 2.75",11.8,CASH,
09/09/2021 13:52,Southend-on-Sea,John Pane,Regular Americano - 1.95,1.95,CARD,8768169441589462
09/09/2021 13:55,Southend-on-Sea,Ryan Stevenson,Large Luxury hot chocolate - 2.70,2.7,CARD,8971733346014002
09/09/2021 13:57,Southend-on-Sea,Larry Ferro,"Large Red Label tea - 1.80, Regular Speciality Tea - Darjeeling - 1.30",3.1,CARD,8197314125355493
09/09/2021 13:59,Southend-on-Sea,Marilyn Huff,"Large Speciality Tea - Darjeeling - 1.60, Large Hot Chocolate - 1.70",3.3,CARD,4328753899433001
09/09/2021 14:01,Southend-on-Sea,Rich Phillips,"Large Red Label tea - 1.80, Regular Luxury hot chocolate - 2.40, Regular Luxury hot chocolate - 2.40, Regular Americano - 1.95",8.55,CARD,6640128324758806
09/09/2021 14:02,Southend-on-Sea,Bradley Crone,"Regular Flavoured iced latte - Caramel - 2.75, Regular Flavoured iced latte - Caramel - 2.75, Large Hot Chocolate - 1.70, Regular Speciality Tea - Darjeeling - 1.30",8.5,CARD,6491102033377636
09/09/2021 14:03,Southend-on-Sea,Pamela Porto,Large Speciality Tea - Peppermint - 1.60,1.6,CARD,7180597555549636
09/09/2021 14:04,Southend-on-Sea,Albert Huffines,"Regular Americano - 1.95, Regular Flavoured iced latte - Caramel - 2.75, Regular Speciality Tea - Peppermint - 1.30",6.0,CARD,6705946635658737
09/09/2021 14:06,Southend-on-Sea,Ronald Hansbrough,"Large Hot Chocolate - 1.70, Large Red Label tea - 1.80",3.5,CASH,
09/09/2021 14:07,Southend-on-Sea,Arie Hall,"Regular Speciality Tea - Peppermint - 1.30, Regular Flavoured iced latte - Caramel - 2.75",4.05,CARD,9929617948221851
09/09/2021 14:08,Southend-on-Sea,Juanita Vanwoert,Large Red Label tea - 1.80,1.8,CASH,
09/09/2021 14:09,Southend-on-Sea,John Helms,Regular Speciality Tea - Peppermint - 1.30,1.3,CARD,6887982903390220
09/09/2021 14:10,Southend-on-Sea,Jennie Choat,Large Luxury hot chocolate - 2.70,2.7,CASH,
09/09/2021 14:11,Southend-on-Sea,Robert Ryals,Regular Speciality Tea - Peppermint - 1.30,1.3,CARD,4362862326348864
09/09/2021 14:12,Southend-on-Sea,Mike Rodriguez,"Regular Red Label tea - 1.20, Large Hot Chocolate - 1.70, Regular Speciality Tea - Peppermint - 1.30, Regular Speciality Tea - Darjeeling - 1.30, Regular Speciality Tea - Darjeeling - 1.30",6.8,CASH,
09/09/2021 14:13,Southend-on-Sea,Glenda Jones,"Large Red Label tea - 1.80, Regular Flavoured iced latte - Caramel - 2.75",4.55,CARD,4722519089840374
09/09/2021 14:14,Southend-on-Sea,Jamie Bohannan,"Large Speciality Tea - Peppermint - 1.60, Regular Hot Chocolate - 1.40, Large Speciality Tea - Peppermint - 1.60, Large Hot Chocolate - 1.70, Large Flavoured iced latte - Caramel - 3.25",9.55,CARD,4914486615368507
09/09/2021 14:15,Southend-on-Sea,Helene Cooper,"Large Speciality Tea - Darjeeling - 1.60, Regular Red Label tea - 1.20, Regular Speciality Tea - Peppermint - 1.30",4.1,CASH,
09/09/2021 14:16,Southend-on-Sea,Monique Selover,"Large Hot Chocolate - 1.70, Regular Speciality Tea - Darjeeling - 1.30",3.0,CARD,9936610800719533
09/09/2021 14:17,Southend-on-Sea,Howard Mirza,"Regular Red Label tea - 1.20, Regular Speciality Tea - Darjeeling - 1.30, Regular Hot Chocolate - 1.40",3.9,CARD,4270184516410627
09/09/2021 14:18,Southend-on-Sea,Lyndon Lawson,Regular Americano - 1.95,1.95,CARD,2710620154840024
09/09/2021 14:19,Southend-on-Sea,Sydney Cloninger,Regular Americano - 1.95,1.95,CASH,
09/09/2021 14:20,Southend-on-Sea,Emily Leone,"Large Hot Chocolate - 1.70, Large Red Label tea - 1.80",3.5,CASH,
09/09/2021 14:22,Southend-on-Sea,Jimmie Ellis,"Large Speciality Tea - Peppermint - 1.60, Large Americano - 2.25, Large Hot Chocolate - 1.70, Regular Luxury hot chocolate - 2.40",7.95,CARD,6900137959231042
09/09/2021 14:23,Southend-on-Sea,Wilma Weaver,"Regular Hot Chocolate - 1.40, Regular Luxury hot chocolate - 2.40",3.8,CARD,1912914026682241
09/09/2021 14:24,Southend-on-Sea,Mathew Quiros,"Large Flavoured iced latte - Caramel - 3.25, Large Luxury hot chocolate - 2.70",5.95,CASH,
09/09/2021 14:25,Southend-on-Sea,William Hernandez,"Large Hot Chocolate - 1.70, Large Hot Chocolate - 1.70",3.4,CASH,
09/09/2021 14:26,Southend-on-Sea,Glenda Cresci,"Large Red Label tea - 1.80, Regular Americano - 1.95, Regular Americano - 1.95, Large Luxury hot chocolate - 2.70, Regular Luxury hot chocolate - 2.40",10.8,CASH,
09/09/2021 14:27,Southend-on-Sea,George Charlot,"Regular Red Label tea - 1.20, Regular Flavoured iced latte - Caramel - 2.75, Regular Hot Chocolate - 1.40, Regular Flavoured iced latte - Caramel - 2.75",8.1,CARD,8702025899545430
09/09/2021 14:28,Southend-on-Sea,Neal Crosten,"Large Luxury hot chocolate - 2.70, Regular Red Label tea - 1.20",3.9,CARD,2113362191399778
09/09/2021 14:29,Southend-on-Sea,Teresa Carr,"Regular Hot Chocolate - 1.40, Regular Speciality Tea - Darjeeling - 1.30, Large Speciality Tea - Peppermint - 1.60",4.3,CARD,1000654197605331
09/09/2021 14:30,Southend-on-Sea,Sherry Cole,Regular Red Label tea - 1.20,1.2,CASH,
09/09/2021 14:31,Southend-on-Sea,Charles Albaugh,"Regular Americano - 1.95, Large Red Label tea - 1.80, Regular Flavoured iced latte - Caramel - 2.75, Large Red Label tea - 1.80",8.3,CASH,
09/09/2021 14:32,Southend-on-Sea,Frederick Carter,Large Hot Chocolate - 1.70,1.7,CARD,4430377540131950
09/09/2021 14:33,Southend-on-Sea,Matthew Kamerer,Large Speciality Tea - Darjeeling - 1.60,1.6,CARD,7949655462640668
09/09/2021 14:34,Southend-on-Sea,Karen Thompson,"Large Luxury hot chocolate - 2.70, Regular Speciality Tea - Peppermint - 1.30, Regular Speciality Tea - Darjeeling - 1.30, Regular Hot Chocolate - 1.40, Regular Luxury hot chocolate - 2.40",9.1,CARD,9290543036890248
09/09/2021 14:35,Southend-on-Sea,Lakisha Howley,"Regular Flavoured iced latte - Caramel - 2.75, Regular Hot Chocolate - 1.40, Large Flavoured iced latte - Caramel - 3.25, Large Speciality Tea - Peppermint - 1.60",9.0,CARD,5546447410770389
09/09/2021 14:36,Southend-on-Sea,Carl Schmidtke,"Large Flavoured iced latte - Caramel - 3.25, Large Speciality Tea - Darjeeling - 1.60, Large Hot Chocolate - 1.70",6.55,CARD,9573344995856456
09/09/2021 14:38,Southend-on-Sea,Brett Rafter,"Regular Hot Chocolate - 1.40, Regular Speciality Tea - Darjeeling - 1.30, Large Speciality Tea - Peppermint - 1.60, Large Americano - 2.25, Large Flavoured iced latte - Caramel - 3.25, Large Flavoured iced latte - Caramel - 3.25",13.05,CARD,7202855534335338
09/09/2021 14:39,Southend-on-Sea,Francis Olvera,"Large Speciality Tea - Peppermint - 1.60, Regular Americano - 1.95",3.55,CARD,3130050078552686
09/09/2021 14:40,Southend-on-Sea,Isaac Donatich,"Large Speciality Tea - Peppermint - 1.60, Regular Speciality Tea - Darjeeling - 1.30",2.9,CASH,
09/09/2021 14:41,Southend-on-Sea,Stan Andrews,Regular Flavoured iced latte - Caramel - 2.75,2.75,CARD,9946577497873316
09/09/2021 14:42,Southend-on-Sea,Francis Jones,"Large Speciality Tea - Peppermint - 1.60, Large Speciality Tea - Peppermint - 1.60",3.2,CARD,9874626079866580
09/09/2021 14:43,Southend-on-Sea,Allen Cuff,"Large Red Label tea - 1.80, Large Red Label tea - 1.80, Regular Americano - 1.95, Large Americano - 2.25",7.8,CARD,7325613774192746
09/09/2021 14:44,Southend-on-Sea,Joseph Ferraro,"Regular Luxury hot chocolate - 2.40, Regular Speciality Tea - Peppermint - 1.30, Large Hot Chocolate - 1.70, Large Flavoured iced latte - Caramel - 3.25, Large Red Label tea - 1.80",10.45,CASH,
09/09/2021 14:45,Southend-on-Sea,Elizabeth Rindels,Regular Red Label tea - 1.20,1.2,CARD,1786947214879493
09/09/2021 14:46,Southend-on-Sea,Dale Perry,"Large Luxury hot chocolate - 2.70, Large Speciality Tea - Darjeeling - 1.60, Large Speciality Tea - Peppermint - 1.60",5.9,CASH,
09/09/2021 14:47,Southend-on-Sea,Carol Vann,Regular Speciality Tea - Darjeeling - 1.30,1.3,CASH,
09/09/2021 14:48,Southend-on-Sea,Melanie Albertson,Large Flavoured iced latte - Caramel - 3.25,3.25,CASH,
09/09/2021 14:49,Southend-on-Sea,Noah Staggs,"Regular Luxury hot chocolate - 2.40, Large Speciality Tea - Peppermint - 1.60, Regular Speciality Tea - Darjeeling - 1.30, Regular Red Label tea - 1.20",6.5,CASH,
09/09/2021 14:50,Southend-on-Sea,Annie Johnson,"Large Speciality Tea - Peppermint - 1.60, Regular Speciality Tea - Peppermint - 1.30, Large Hot Chocolate - 1.70, Regular Luxury hot chocolate - 2.40, Large Flavoured iced latte - Caramel - 3.25",10.25,CARD,4520711280306913
09/09/2021 14:51,Southend-on-Sea,Charles Cosme,"Regular Hot Chocolate - 1.40, Regular Speciality Tea - Darjeeling - 1.30, Large Americano - 2.25, Large Speciality Tea - Darjeeling - 1.60, Large Luxury hot chocolate - 2.70",9.25,CARD,4844982861059124
09/09/2021 14:52,Southend-on-Sea,Brett Monzo,Regular Luxury hot chocolate - 2.40,2.4,CASH,
09/09/2021 14:54,Southend-on-Sea,Etta Riley,"Regular Americano - 1.95, Regular Luxury hot chocolate - 2.40",4.35,CASH,
09/09/2021 14:55,Southend-on-Sea,Albert Mcmillan,"Regular Luxury hot chocolate - 2.40, Regular Luxury hot chocolate - 2.40, Regular Luxury hot chocolate - 2.40, Large Hot Chocolate - 1.70",8.9,CASH,
09/09/2021 14:56,Southend-on-Sea,Richard Koepp,"Regular Red Label tea - 1.20, Large Speciality Tea - Peppermint - 1.60",2.8,CARD,4304293383143081
09/09/2021 14:57,Southend-on-Sea,Bernice Baumler,"Large Americano - 2.25, Regular Red Label tea - 1.20, Large Hot Chocolate - 1.70, Large Speciality Tea - Darjeeling - 1.60",6.75,CARD,2854898453222285
09/09/2021 14:58,Southend-on-Sea,Gary Hudson,Regular Red Label tea - 1.20,1.2,CASH,
09/09/2021 14:59,Southend-on-Sea,Pamela Quick,Large Americano - 2.25,2.25,CARD,5318356406705566
09/09/2021 15:00,Southend-on-Sea,Virginia Nunn,"Regular Speciality Tea - Peppermint - 1.30, Regular Americano - 1.95, Large Red Label tea - 1.80, Large Speciality Tea - Peppermint - 1.60",6.65,CASH,
09/09/2021 15:01,Southend-on-Sea,Jeanetta Epps,"Regular Flavoured iced latte - Caramel - 2.75, Regular Americano - 1.95",4.7,CASH,
09/09/2021 15:02,Southend-on-Sea,Guy Boyce,"Large Speciality Tea - Darjeeling - 1.60, Regular Luxury hot chocolate - 2.40, Large Hot Chocolate - 1.70, Regular Americano - 1.95",7.65,CASH,
09/09/2021 15:02,Southend-on-Sea,Louis Garrett,Regular Red Label tea - 1.20,1.2,CARD,7450050141363347
09/09/2021 15:03,Southend-on-Sea,Ernest Cote,Regular Luxury hot chocolate - 2.40,2.4,CARD,5103739876317444
09/09/2021 15:04,Southend-on-Sea,Rick Calloway,Large Americano - 2.25,2.25,CARD,6275899118601488
09/09/2021 15:05,Southend-on-Sea,Kirk Dew,"Large Americano - 2.25, Regular Speciality Tea - Darjeeling - 1.30, Large Luxury hot chocolate - 2.70, Large Hot Chocolate - 1.70, Large Red Label tea - 1.80",9.75,CARD,8275144571833303
09/09/2021 15:06,Southend-on-Sea,Ethel Nixon,"Regular Hot Chocolate - 1.40, Regular Speciality Tea - Darjeeling - 1.30, Large Red Label tea - 1.80, Large Speciality Tea - Darjeeling - 1.60, Large Flavoured iced latte - Caramel - 3.25, Regular Speciality Tea - Peppermint - 1.30",10.65,CARD,3146186897464557
09/09/2021 15:06,Southend-on-Sea,John Bundy,"Regular Speciality Tea - Peppermint - 1.30, Large Red Label tea - 1.80, Regular Flavoured iced latte - Caramel - 2.75, Large Luxury hot chocolate - 2.70, Large Speciality Tea - Peppermint - 1.60, Large Speciality Tea - Darjeeling - 1.60",11.75,CASH,
09/09/2021 15:07,Southend-on-Sea,Jacob Jones,"Regular Flavoured iced latte - Caramel - 2.75, Large Americano - 2.25, Large Speciality Tea - Darjeeling - 1.60",6.6,CASH,
09/09/2021 15:08,Southend-on-Sea,Brant Fleming,Regular Speciality Tea - Peppermint - 1.30,1.3,CASH,
09/09/2021 15:09,Southend-on-Sea,Robert Knight,"Regular Speciality Tea - Darjeeling - 1.30, Large Hot Chocolate - 1.70, Large Speciality Tea - Darjeeling - 1.60, Regular Speciality Tea - Darjeeling - 1.30",5.9,CARD,7194365059666122
09/09/2021 15:10,Southend-on-Sea,Pearl Kirkpatrick,"Large Speciality Tea - Darjeeling - 1.60, Regular Flavoured iced latte - Caramel - 2.75, Regular Americano - 1.95, Regular Red Label tea - 1.20, Regular Red Label tea - 1.20, Regular Flavoured iced latte - Caramel - 2.75",11.45,CARD,3857498328433846
09/09/2021 15:10,Southend-on-Sea,Laura Murray,"Regular Speciality Tea - Peppermint - 1.30, Regular Hot Chocolate - 1.40, Regular Speciality Tea - Peppermint - 1.30",4.0,CARD,8066375628352675
09/09/2021 15:11,Southend-on-Sea,Reginald Cardello,"Large Speciality Tea - Peppermint - 1.60, Large Speciality Tea - Peppermint - 1.60, Regular Hot Chocolate - 1.40",4.6,CASH,
09/09/2021 15:12,Southend-on-Sea,Diane Schradle,"Large Flavoured iced latte - Caramel - 3.25, Large Luxury hot chocolate - 2.70, Large Luxury hot chocolate - 2.70",8.65,CARD,5773671348957081
09/09/2021 15:13,Southend-on-Sea,James Hemphill,"Regular Americano - 1.95, Large Speciality Tea - Darjeeling - 1.60, Large Hot Chocolate - 1.70, Regular Speciality Tea - Peppermint - 1.30",6.55,CASH,
09/09/2021 15:14,Southend-on-Sea,James Kohnen,"Large Speciality Tea - Darjeeling - 1.60, Large Speciality Tea - Peppermint - 1.60, Large Flavoured iced latte - Caramel - 3.25, Large Red Label tea - 1.80, Regular Luxury hot chocolate - 2.40, Large Speciality Tea - Peppermint - 1.60",12.25,CASH,
09/09/2021 15:14,Southend-on-Sea,Jan Ferman,"Large Speciality Tea - Darjeeling - 1.60, Large Americano - 2.25",3.85,CARD,2641113969632153
09/09/2021 15:15,Southend-on-Sea,Richard Washam,"Regular Red Label tea - 1.20, Large Hot Chocolate - 1.70, Regular Speciality Tea - Peppermint - 1.30, Regular Flavoured iced latte - Caramel - 2.75, Large Luxury hot chocolate - 2.70, Large Speciality Tea - Peppermint - 1.60",11.25,CASH,
09/09/2021 15:16,Southend-on-Sea,Soon Bakken,"Regular Luxury hot chocolate - 2.40, Large Americano - 2.25, Regular Speciality Tea - Peppermint - 1.30, Large Luxury hot chocolate - 2.70, Regular Red Label tea - 1.20, Large Speciality Tea - Darjeeling - 1.60",11.45,CARD,6382007728306861
09/09/2021 15:17,Southend-on-Sea,Alice Thompson,"Large Hot Chocolate - 1.70, Large Red Label tea - 1.80, Regular Red Label tea - 1.20",4.7,CARD,7318432017065280
09/09/2021 15:18,Southend-on-Sea,David Vandehey,"Regular Hot Chocolate - 1.40, Regular Americano - 1.95, Large Americano - 2.25, Regular Flavoured iced latte - Caramel - 2.75, Large Speciality Tea - Peppermint - 1.60",9.95,CARD,7707878643860066
09/09/2021 15:18,Southend-on-Sea,Steven Bravo,"Large Americano - 2.25, Large Red Label tea - 1.80",4.05,CARD,8813952334291383
09/09/2021 15:19,Southend-on-Sea,Holly Johnson,"Regular Hot Chocolate - 1.40, Large Speciality Tea - Peppermint - 1.60, Regular Americano - 1.95, Regular Hot Chocolate - 1.40",6.35,CASH,
09/09/2021 15:20,Southend-on-Sea,Marcus Wright,"Regular Red Label tea - 1.20, Regular Speciality Tea - Peppermint - 1.30, Large Americano - 2.25, Regular Flavoured iced latte - Caramel - 2.75",7.5,CASH,
09/09/2021 15:21,Southend-on-Sea,Jonathan Cobb,"Regular Luxury hot chocolate - 2.40, Large Luxury hot chocolate - 2.70, Large Speciality Tea - Darjeeling - 1.60",6.7,CASH,
09/09/2021 15:22,Southend-on-Sea,Jeanne Brim,Regular Red Label tea - 1.20,1.2,CARD,4203240134787325
09/09/2021 15:22,Southend-on-Sea,Genoveva Lyford,"Regular Americano - 1.95, Regular Speciality Tea - Darjeeling - 1.30, Large Flavoured iced latte - Caramel - 3.25, Regular Luxury hot chocolate - 2.40, Regular Flavoured iced latte - Caramel - 2.75",11.65,CASH,
09/09/2021 15:23,Southend-on-Sea,Eula Velasquez,"Regular Speciality Tea - Darjeeling - 1.30, Regular Americano - 1.95, Large Hot Chocolate - 1.70, Regular Red Label tea - 1.20",6.15,CARD,6930381873737546
09/09/2021 15:24,Southend-on-Sea,Curtis Perez,"Large Speciality Tea - Peppermint - 1.60, Large Red Label tea - 1.80, Large Flavoured iced latte - Caramel - 3.25",6.65,CARD,3505475168894001
09/09/2021 15:25,Southend-on-Sea,Noe Jackson,"Regular Flavoured iced latte - Caramel - 2.75, Large Speciality Tea - Darjeeling - 1.60",4.35,CARD,4864169688927288
09/09/2021 15:26,Southend-on-Sea,Tony Alquisira,"Large Hot Chocolate - 1.70, Large Americano - 2.25",3.95,CARD,5739043371773820
09/09/2021 15:26,Southend-on-Sea,Jeffrey Moreau,Regular Speciality Tea - Peppermint - 1.30,1.3,CARD,9994185876123930
09/09/2021 15:27,Southend-on-Sea,Gina Reed,"Large Hot Chocolate - 1.70, Large Speciality Tea - Darjeeling - 1.60, Regular Speciality Tea - Darjeeling - 1.30, Large Flavoured iced latte - Caramel - 3.25, Regular Americano - 1.95",9.8,CASH,
09/09/2021 15:28,Southend-on-Sea,Edward Leak,"Large Speciality Tea - Peppermint - 1.60, Large Luxury hot chocolate - 2.70, Large Luxury hot chocolate - 2.70, Regular Luxury hot chocolate - 2.40",9.4,CASH,
09/09/2021 15:29,Southend-on-Sea,Scott George,"Large Speciality Tea - Darjeeling - 1.60, Large Speciality Tea - Peppermint - 1.60, Regular Luxury hot chocolate - 2.40, Regular Speciality Tea - Peppermint - 1.30",6.9,CARD,8120321714240457
09/09/2021 15:30,Southend-on-Sea,Alan Bearfield,"Regular Flavoured iced latte - Caramel - 2.75, Large Speciality Tea - Peppermint - 1.60",4.35,CASH,
09/09/2021 15:30,Southend-on-Sea,Mary Hodges,Regular Americano - 1.95,1.95,CARD,7272298058709978
09/09/2021 15:31,Southend-on-Sea,Barry Scavone,"Regular Americano - 1.95, Large Americano - 2.25, Large Speciality Tea - Darjeeling - 1.60, Large Luxury hot chocolate - 2.70, Regular Americano - 1.95, Large Americano - 2.25",12.7,CARD,1479435145712040
09/09/2021 15:32,Southend-on-Sea,May Zavala,"Large Flavoured iced latte - Caramel - 3.25, Large Speciality Tea - Peppermint - 1.60, Regular Flavoured iced latte - Caramel - 2.75",7.6,CARD,6627967838324688
09/09/2021 15:33,Southend-on-Sea,Wanda Schulte,Regular Flavoured iced latte - Caramel - 2.75,2.75,CASH,
09/09/2021 15:34,Southend-on-Sea,Joseph Swain,Regular Red Label tea - 1.20,1.2,CARD,6448382281708103
09/09/2021 15:34,Southend-on-Sea,Betty Lopez,"Large Hot Chocolate - 1.70, Large Speciality Tea - Peppermint - 1.60, Large Luxury hot chocolate - 2.70, Regular Luxury hot chocolate - 2.40, Regular Luxury hot chocolate - 2.40",10.8,CASH,
09/09/2021 15:35,Southend-on-Sea,Norman Sammer,Large Red Label tea - 1.80,1.8,CASH,
09/09/2021 15:36,Southend-on-Sea,Ramon Swinton,"Regular Speciality Tea - Peppermint - 1.30, Regular Luxury hot chocolate - 2.40, Large Speciality Tea - Peppermint - 1.60",5.3,CASH,
09/09/2021 15:37,Southend-on-Sea,Vera Cayo,"Regular Americano - 1.95, Regular Americano - 1.95, Regular Hot Chocolate - 1.40, Regular Luxury hot chocolate - 2.40",7.7,CARD,3855162221277876
09/09/2021 15:38,Southend-on-Sea,Rose Strode,"Regular Hot Chocolate - 1.40, Large Flavoured iced latte - Caramel - 3.25",4.65,CARD,7668421599118962
09/09/2021 15:38,Southend-on-Sea,Robert Murray,Large Hot Chocolate - 1.70,1.7,CASH,
09/09/2021 15:39,Southend-on-Sea,Barbara Andrews,"Regular Luxury hot chocolate - 2.40, Regular Americano - 1.95",4.35,CARD,7892357099735469
09/09/2021 15:40,Southend-on-Sea,Juan Eberts,Regular Hot Chocolate - 1.40,1.4,CARD,9994997730260144
09/09/2021 15:41,Southend-on-Sea,Michael Haubrich,"Large Red Label tea - 1.80, Regular Hot Chocolate - 1.40",3.2,CASH,
09/09/2021 15:42,Southend-on-Sea,Margaret Feist,"Regular Hot Chocolate - 1.40, Regular Speciality Tea - Darjeeling - 1.30, Regular Luxury hot chocolate - 2.40",5.1,CARD,9855658854661245
09/09/2021 15:42,Southend-on-Sea,Tim Allen,"Large Speciality Tea - Darjeeling - 1.60, Regular Speciality Tea - Peppermint - 1.30, Large Red Label tea - 1.80, Regular Americano - 1.95",6.65,CARD,3943115333179222
09/09/2021 15:43,Southend-on-Sea,Thomas Le,"Regular Red Label tea - 1.20, Large Speciality Tea - Peppermint - 1.60, Large Speciality Tea - Peppermint - 1.60, Regular Hot Chocolate - 1.40, Regular Speciality Tea - Peppermint - 1.30, Regular Americano - 1.95",9.05,CASH,
09/09/2021 15:44,Southend-on-Sea,Thelma Huber,"Large Red Label tea - 1.80, Large Flavoured iced latte - Caramel - 3.25, Regular Speciality Tea - Darjeeling - 1.30, Regular Luxury hot chocolate - 2.40, Regular Red Label tea - 1.20, Large Luxury hot chocolate - 2.70",12.65,CARD,7606893730238683
09/09/2021 15:45,Southend-on-Sea,Kathryn Carter,"Large Flavoured iced latte - Caramel - 3.25, Large Red Label tea - 1.80, Large Flavoured iced latte - Caramel - 3.25",8.3,CASH,
09/09/2021 15:46,Southend-on-Sea,Isaac Dunnagan,"Regular Red Label tea - 1.20, Large Hot Chocolate - 1.70, Large Hot Chocolate - 1.70",4.6,CASH,
09/09/2021 15:46,Southend-on-Sea,Teresa Leggitt,Large Speciality Tea - Peppermint - 1.60,1.6,CARD,3157490948600915
09/09/2021 15:47,Southend-on-Sea,Jean Roberts,"Regular Americano - 1.95, Large Red Label tea - 1.80",3.75,CARD,6475967964036209
09/09/2021 15:48,Southend-on-Sea,Rickey Dannis,Regular Red Label tea - 1.20,1.2,CASH,
09/09/2021 15:49,Southend-on-Sea,Shane Dykes,"Regular Speciality Tea - Peppermint - 1.30, Regular Flavoured iced latte - Caramel - 2.75",4.05,CARD,5954029599175651
09/09/2021 15:50,Southend-on-Sea,Sue Waldvogel,"Large Flavoured iced latte - Caramel - 3.25, Regular Red Label tea - 1.20",4.45,CARD,3721858087103008
09/09/2021 15:50,Southend-on-Sea,Myra Brewer,"Large Hot Chocolate - 1.70, Large Luxury hot chocolate - 2.70, Regular Luxury hot chocolate - 2.40, Regular Americano - 1.95",8.75,CARD,5428181098450635
09/09/2021 15:51,Southend-on-Sea,Sherie Lucas,"Large Americano - 2.25, Large Red Label tea - 1.80, Regular Americano - 1.95",6.0,CASH,
09/09/2021 15:52,Southend-on-Sea,Steven White,"Large Luxury hot chocolate - 2.70, Regular Red Label tea - 1.20",3.9,CARD,9922171944066930
09/09/2021 15:53,Southend-on-Sea,Jerome Bried,Regular Speciality Tea - Darjeeling - 1.30,1.3,CARD,9745030416133402
09/09/2021 15:54,Southend-on-Sea,Craig Rawls,"Large Speciality Tea - Darjeeling - 1.60, Regular Americano - 1.95",3.55,CARD,1210745339965567
09/09/2021 15:54,Southend-on-Sea,Isaias Slone,"Large Hot Chocolate - 1.70, Large Speciality Tea - Peppermint - 1.60",3.3,CARD,1263875267141060
09/09/2021 15:55,Southend-on-Sea,Julian Mccolpin,Large Hot Chocolate - 1.70,1.7,CASH,
09/09/2021 15:56,Southend-on-Sea,Melissa Gagnon,"Regular Luxury hot chocolate - 2.40, Regular Luxury hot chocolate - 2.40, Regular Speciality Tea - Peppermint - 1.30",6.1,CASH,
09/09/2021 15:57,Southend-on-Sea,Adell Moore,"Regular Hot Chocolate - 1.40, Large Red Label tea - 1.80",3.2,CASH,
09/09/2021 15:58,Southend-on-Sea,Anna Strickland,"Regular Red Label tea - 1.20, Large Speciality Tea - Peppermint - 1.60, Large Speciality Tea - Darjeeling - 1.60, Regular Flavoured iced latte - Caramel - 2.75, Large Luxury hot chocolate - 2.70, Regular Speciality Tea - Peppermint - 1.30",11.15,CASH,
09/09/2021 15:58,Southend-on-Sea,Joseph Gordon,Large Hot Chocolate - 1.70,1.7,CARD,2745142126263593
09/09/2021 15:59,Southend-on-Sea,Cindi Coburn,Large Americano - 2.25,2.25,CARD,9264030928006734
09/09/2021 16:00,Southend-on-Sea,Gary Ware,Regular Speciality Tea - Peppermint - 1.30,1.3,CARD,2333177394488798
09/09/2021 16:02,Southend-on-Sea,Deborah Quintana,"Large Speciality Tea - Peppermint - 1.60, Regular Luxury hot chocolate - 2.40, Large Americano - 2.25, Large Americano - 2.25",8.5,CARD,1612676728673571
09/09/2021 16:04,Southend-on-Sea,Mike Ho,"Large Hot Chocolate - 1.70, Regular Red Label tea - 1.20, Large Red Label tea - 1.80, Regular Flavoured iced latte - Caramel - 2.75, Regular Americano - 1.95",9.4,CARD,3642639071437455
09/09/2021 16:06,Southend-on-Sea,Jeffrey Mills,"Large Flavoured iced latte - Caramel - 3.25, Regular Speciality Tea - Darjeeling - 1.30",4.55,CARD,7671107368687820
09/09/2021 16:08,Southend-on-Sea,Richard Murray,Large Speciality Tea - Peppermint - 1.60,1.6,CASH,
09/09/2021 16:10,Southend-on-Sea,Marcia Santiago,"Regular Flavoured iced latte - Caramel - 2.75, Large Red Label tea - 1.80, Regular Speciality Tea - Peppermint - 1.30, Large Americano - 2.25, Regular Americano - 1.95",10.05,CASH,
09/09/2021 16:12,Southend-on-Sea,Barbara Harp,Large Hot Chocolate - 1.70,1.7,CASH,
09/09/2021 16:14,Southend-on-Sea,Mark Keene,"Large Flavoured iced latte - Caramel - 3.25, Regular Flavoured iced latte - Caramel - 2.75, Large Americano - 2.25, Regular Flavoured iced latte - Caramel - 2.75",11.0,CARD,4004017251023158
09/09/2021 16:16,Southend-on-Sea,Sarah Thomas,"Large Red Label tea - 1.80, Regular Red Label tea - 1.20, Large Red Label tea - 1.80, Large Americano - 2.25",7.05,CASH,
09/09/2021 16:19,Southend-on-Sea,Jeffery Medrano,"Regular Luxury hot chocolate - 2.40, Regular Flavoured iced latte - Caramel - 2.75",5.15,CARD,5683015328824357
09/09/2021 16:21,Southend-on-Sea,Jeffery Tracy,"Regular Speciality Tea - Darjeeling - 1.30, Large Speciality Tea - Darjeeling - 1.60",2.9,CASH,
09/09/2021 16:23,Southend-on-Sea,Carl Ross,"Regular Speciality Tea - Peppermint - 1.30, Regular Luxury hot chocolate - 2.40",3.7,CARD,2073967137200724
09/09/2021 16:25,Southend-on-Sea,Teri Roane,"Regular Red Label tea - 1.20, Regular Americano - 1.95, Regular Hot Chocolate - 1.40, Large Red Label tea - 1.80, Regular Speciality Tea - Darjeeling - 1.30",7.65,CARD,6035350321276616
09/09/2021 16:27,Southend-on-Sea,Helen Rivera,Large Americano - 2.25,2.25,CARD,9704622404903590
09/09/2021 16:29,Southend-on-Sea,Adam Pfister,"Regular Hot Chocolate - 1.40, Large Luxury hot chocolate - 2.70, Large Hot Chocolate - 1.70",5.8,CARD,4451555054464713
09/09/2021 16:31,Southend-on-Sea,Octavio Ogami,"Large Americano - 2.25, Regular Flavoured iced latte - Caramel - 2.75",5.0,CARD,5362353752075245
09/09/2021 16:33,Southend-on-Sea,Joyce Camille,Large Red Label tea - 1.80,1.8,CARD,2536239240396366
09/09/2021 16:35,Southend-on-Sea,Lauretta Halbert,"Large Americano - 2.25, Regular Americano - 1.95",4.2,CASH,
09/09/2021 16:37,Southend-on-Sea,Nancy Heady,"Regular Speciality Tea - Peppermint - 1.30, Regular Red Label tea - 1.20, Large Luxury hot chocolate - 2.70, Large Luxury hot chocolate - 2.70, Regular Speciality Tea - Darjeeling - 1.30, Regular Flavoured iced latte - Caramel - 2.75",11.95,CARD,4130818686363780
09/09/2021 16:39,Southend-on-Sea,Jason Desrosier,Regular Speciality Tea - Darjeeling - 1.30,1.3,CASH,
09/09/2021 16:41,Southend-on-Sea,Donna Mccann,"Regular Hot Chocolate - 1.40, Large Hot Chocolate - 1.70, Large Red Label tea - 1.80",4.9,CASH,
09/09/2021 16:43,Southend-on-Sea,Mary Smith,"Regular Speciality Tea - Darjeeling - 1.30, Regular Americano - 1.95, Regular Speciality Tea - Darjeeling - 1.30",4.55,CARD,6179730348873978
09/09/2021 16:45,Southend-on-Sea,Marilyn Petty,"Regular Luxury hot chocolate - 2.40, Large Red Label tea - 1.80, Regular Speciality Tea - Peppermint - 1.30",5.5,CARD,2887728488379684
09/09/2021 16:47,Southend-on-Sea,Jacqueline Mitchell,"Regular Speciality Tea - Darjeeling - 1.30, Large Speciality Tea - Darjeeling - 1.60",2.9,CARD,7368209226700599
09/09/2021 16:50,Southend-on-Sea,Colleen Benedetto,"Large Luxury hot chocolate - 2.70, Regular Flavoured iced latte - Caramel - 2.75",5.45,CASH,
09/09/2021 16:52,Southend-on-Sea,Philip Marshall,"Large Red Label tea - 1.80, Regular Speciality Tea - Peppermint - 1.30",3.1,CASH,
09/09/2021 16:54,Southend-on-Sea,Virginia Spears,"Large Luxury hot chocolate - 2.70, Regular Hot Chocolate - 1.40",4.1,CARD,1921453142749995
09/09/2021 16:56,Southend-on-Sea,Louise Feltman,"Regular Hot Chocolate - 1.40, Large Americano - 2.25, Large Luxury hot chocolate - 2.70",6.35,CASH,
09/09/2021 16:58,Southend-on-Sea,Kathryn Ramirez,"Regular Speciality Tea - Peppermint - 1.30, Large Speciality Tea - Peppermint - 1.60, Regular Red Label tea - 1.20, Regular Red Label tea - 1.20, Regular Speciality Tea - Darjeeling - 1.30, Regular Flavoured iced latte - Caramel - 2.75",9.35,CASH,
